=== FULL A10 numa-mock all-features ===
   Compiling sefer-alloc v0.3.0 (<repo>)
    Finished `test` profile [unoptimized + debuginfo] target(s) in 7m 39s
     Running unittests src\lib.rs (target-ph7b\debug\deps\sefer_alloc-f5eff6a8cc8fa999.exe)

running 9 tests
test alloc_core::large::reservation_state::credit_tests::cached_eviction_has_no_outstanding_credit ... ok
test alloc_core::large::reservation_state::tests::consumed_cache_hit_advances_generation_only_after_reset_phase ... ok
test alloc_core::large::reservation_state::tests::pending_is_single_admission_and_single_owner_claim ... ok
test alloc_core::large::reservation_state::credit_tests::owner_release_and_cache_reissue_transfer_credit_once ... ok
test alloc_core::large::reservation_state::credit_tests::remote_pending_claim_and_rollback_cannot_double_consume ... ok
test alloc_core::large::reservation_state::tests::release_is_terminal_and_cannot_reenter_cache ... ok
test alloc_core::large::reservation_state::tests::reduced_width_exhaustion_retires_without_wrap ... ok
test registry::segment_route::large_state::tests::adapter_uses_existing_phase_encoding_and_reset_gate ... ok
test alloc_core::large::reservation_state::tests::negative_control_pointer_stack_aba - should panic ... ok

test result: ok. 9 passed; 0 failed; 0 ignored; 0 measured; 0 filtered out; finished in 0.00s

     Running tests\alloc_core_batch.rs (target-ph7b\debug\deps\alloc_core_batch-0bc9febc3efe6706.exe)

running 15 tests
test t_flush_double_free_is_noop ... ok
test t_flush_equiv_class0_n16 ... ok
test t_flush_equiv_medium_n16 ... ok
test t_refill_bump_equiv_medium_n16 ... ok
test t_refill_bump_len_bound ... ok
test t_refill_bump_equiv_class0_n64 ... ok
test t_flush_null_defensive ... ok
test t_refill_bump_equiv_class0_n8 ... ok
test t_refill_equiv_class0_n16 ... ok
test t_refill_zero ... ok
test t_refill_equiv_medium_n16 ... ok
test t_refill_equiv_class0_n64 ... ok
test t_refill_equiv_class0_n8 ... ok
test t_refill_spans_segments ... ok
test t_flush_decommit ... ok

test result: ok. 15 passed; 0 failed; 0 ignored; 0 measured; 0 filtered out; finished in 0.02s

     Running tests\alloc_core_differential.rs (target-ph7b\debug\deps\alloc_core_differential-2555508d63f60d77.exe)

running 3 tests
test replay_native_failure_seed_without_shrinking ... ok
test bounded_streams_and_small_witness_exercise_large_allocations ... ok
test alloc_core_matches_reference_model ... ok

test result: ok. 3 passed; 0 failed; 0 ignored; 0 measured; 0 filtered out; finished in 11.81s

     Running tests\alloc_core_invariants.rs (target-ph7b\debug\deps\alloc_core_invariants-28ec2df7efe064cd.exe)

running 13 tests
test m2_foreign_pointer_dealloc_is_noop ... ok
test m1_alloc_zeroed_is_all_zero ... ok
test m2_double_free_is_noop ... ok
test m4_large_alignment_uses_dedicated_segment ... ok
test free_list_reuses_freed_blocks ... ok
test segment_of_finds_our_segment_base ... ok
test m3_simultaneous_allocations_do_not_overlap ... ok
test realloc_preserves_prefix_bytes ... ok
test m4_size_class_satisfies_size_and_align ... ok
test m1_small_allocations_are_aligned_and_writable ... ok
test m1_large_allocations_are_aligned_and_writable ... ok
test many_large_allocs_then_free ... ok
test m5_churn_keeps_allocator_consistent ... ok

test result: ok. 13 passed; 0 failed; 0 ignored; 0 measured; 0 filtered out; finished in 0.01s

     Running tests\alloc_core_reentrancy.rs (target-ph7b\debug\deps\alloc_core_reentrancy-f864df842da1cf23.exe)

running 0 tests

test result: ok. 0 passed; 0 failed; 0 ignored; 0 measured; 0 filtered out; finished in 0.00s

     Running tests\alloc_zeroed_fresh_large_skip.rs (target-ph7b\debug\deps\alloc_zeroed_fresh_large_skip-fba46a96310afe0f.exe)

running 4 tests
test cache_hit_large_alloc_zeroed_still_zeroes ... ok
test fresh_large_alloc_zeroed_is_all_zero ... ok
test fresh_large_alloc_zeroed_via_heapcore ... ok
test interleaved_alloc_zeroed_always_zero ... ok

test result: ok. 4 passed; 0 failed; 0 ignored; 0 measured; 0 filtered out; finished in 0.46s

     Running tests\alloc_zeroed_virgin_small_skip.rs (target-ph7b\debug\deps\alloc_zeroed_virgin_small_skip-29bb686b291032bc.exe)

running 7 tests
test dirty_freed_reallocd_small_still_zeroes ... ok
test decommit_retain_path_clears_virgin_bit ... ok
test forcing_virgin_bit_true_does_not_make_a_reused_block_virgin ... ok
test fresh_small_alloc_zeroed_is_all_zero_and_skips_zero_pass ... ok
test fresh_small_alloc_zeroed_via_heapcore ... ok
test pooled_segment_alloc_zeroed_never_claims_virgin ... ok
test interleaved_virgin_and_reuse_always_zero ... ok

test result: ok. 7 passed; 0 failed; 0 ignored; 0 measured; 0 filtered out; finished in 0.01s

     Running tests\asan_alloc_core.rs (target-ph7b\debug\deps\asan_alloc_core-7d23e568bd4ff10f.exe)

running 7 tests
test asan_large_segment_lifecycle ... ok
test asan_alloc_zeroed_is_zero ... ok
test asan_small_alloc_write_realloc_dealloc ... ok
test asan_many_live_then_reverse_free ... ok
test asan_mixed_sizes_aligns ... ok
test asan_churn_reuse ... ok
test asan_realloc_chain_across_classes ... ok

test result: ok. 7 passed; 0 failed; 0 ignored; 0 measured; 0 filtered out; finished in 0.01s

     Running tests\batch_large_deferred_reclaim.rs (target-ph7b\debug\deps\batch_large_deferred_reclaim-aa707fd566c7e7ed.exe)

running 1 test
test batch_large_cross_thread_free_high_water_bounded ... ok

test result: ok. 1 passed; 0 failed; 0 ignored; 0 measured; 0 filtered out; finished in 0.01s

     Running tests\batch_tcache.rs (target-ph7b\debug\deps\batch_tcache-4b75189c006aca16.exe)

running 7 tests
test alloc_batch_freed_via_scalar_dealloc ... ok
test scalar_alloc_freed_via_dealloc_batch ... ok
test batch_and_scalar_do_not_alias ... ok
test batch_mixed_size_classes_back_to_back ... ok
test dealloc_batch_skips_nulls ... ok
test alloc_batch_valid_all_size_n ... ok
test batch_cycle_warm_steady_state ... ok

test result: ok. 7 passed; 0 failed; 0 ignored; 0 measured; 0 filtered out; finished in 0.01s

     Running tests\ci_clippy_matrix_consistency.rs (target-ph7b\debug\deps\ci_clippy_matrix_consistency-805519482fab4756.exe)

running 1 test
test ci_clippy_steps_match_manifest_clippy_rows_exactly ... ok

test result: ok. 1 passed; 0 failed; 0 ignored; 0 measured; 0 filtered out; finished in 0.01s

     Running tests\concurrent_stress.rs (target-ph7b\debug\deps\concurrent_stress-782f0265fc414399.exe)

running 1 test
test concurrent_insert_read_remove_never_corrupts_and_accounting_holds ... ok

test result: ok. 1 passed; 0 failed; 0 ignored; 0 measured; 0 filtered out; finished in 0.01s

     Running tests\dealloc_only_no_bind.rs (target-ph7b\debug\deps\dealloc_only_no_bind-8ab780f20d55e8ad.exe)

running 2 tests
test unbound_thread_dealloc_only_does_not_claim_a_slot ... ok
test unbound_thread_many_dealloc_only_does_not_claim_a_slot ... ok

test result: ok. 2 passed; 0 failed; 0 ignored; 0 measured; 0 filtered out; finished in 0.00s

     Running tests\dealloc_only_no_bind_torn.rs (target-ph7b\debug\deps\dealloc_only_no_bind_torn-289f12e2bc727fda.exe)

running 2 tests
test torn_dealloc_of_foreign_pointer_is_correct_and_skips_fallback_lock ... ok
test torn_sentinel_resolves_to_foreign_no_bind ... ok

test result: ok. 2 passed; 0 failed; 0 ignored; 0 measured; 0 filtered out; finished in 0.00s

     Running tests\dealloc_sublinear.rs (target-ph7b\debug\deps\dealloc_sublinear-ba31814235617206.exe)

running 1 test
test own_thread_free_is_subquadratic ... ignored, coarse wall-clock; flaky under concurrent test-binary CPU contention (docs/CORRECTNESS_OPEN_ITEMS.md item 3, resolved R23-6/task #375) — no clean deterministic counter replacement exists (the guard it protects is an unconditional O(1) bitmap test with no loop to instrument); run manually with --ignored, or use npm run iai instead

test result: ok. 0 passed; 0 failed; 1 ignored; 0 measured; 0 filtered out; finished in 0.00s

     Running tests\decommit_miri_cycle.rs (target-ph7b\debug\deps\decommit_miri_cycle-f9f2e8ae836648e9.exe)

running 1 test
test decommit_recommit_cycle_bookkeeping ... ok

test result: ok. 1 passed; 0 failed; 0 ignored; 0 measured; 0 filtered out; finished in 0.02s

     Running tests\decommit_soak.rs (target-ph7b\debug\deps\decommit_soak-d223bb5c76f831d3.exe)

running 2 tests
test live_count_tracks_alloc_free_exactly ... ok
test decommit_fires_and_recommit_roundtrips ... ok

test result: ok. 2 passed; 0 failed; 0 ignored; 0 measured; 0 filtered out; finished in 0.22s

     Running tests\decomp_hooks_forced_page.rs (target-ph7b\debug\deps\decomp_hooks_forced_page-7f7fe69cd93acd63.exe)

running 2 tests
test page_size_and_range_hooks_report_the_runtime_page_safe_boundary ... ok
test tight_meta_end_stays_discriminable_at_every_supported_page_size ... ok

test result: ok. 2 passed; 0 failed; 0 ignored; 0 measured; 0 filtered out; finished in 0.00s

     Running tests\differential.rs (target-ph7b\debug\deps\differential-9a90a924b4f2cdd4.exe)

running 1 test
test region_matches_reference_model ... ok

test result: ok. 1 passed; 0 failed; 0 ignored; 0 measured; 0 filtered out; finished in 0.20s

     Running tests\directory_authoritative_miss.rs (target-ph7b\debug\deps\directory_authoritative_miss-6de5f0bfe68d66e3.exe)

running 0 tests

test result: ok. 0 passed; 0 failed; 0 ignored; 0 measured; 0 filtered out; finished in 0.00s

     Running tests\dirty_directory_incremental_sync.rs (target-ph7b\debug\deps\dirty_directory_incremental_sync-a8072da2d9cb81a5.exe)

running 1 test
test multi_class_drain_sets_all_class_bits ... ok

test result: ok. 1 passed; 0 failed; 0 ignored; 0 measured; 0 filtered out; finished in 0.11s

     Running tests\double_free_guard.rs (target-ph7b\debug\deps\double_free_guard-571eb1b8a2688af1.exe)

running 3 tests
test realloc_same_address_is_refreeable ... ok
test double_free_does_not_double_issue ... ok
test many_double_frees_keep_free_list_consistent ... ok

test result: ok. 3 passed; 0 failed; 0 ignored; 0 measured; 0 filtered out; finished in 0.00s

     Running tests\epoch.rs (target-ph7b\debug\deps\epoch-11ecc728e43b9958.exe)

running 5 tests
test full_region_returns_err_with_value_back ... ok
test region_drop_runs_live_value_destructors_once ... ok
test eviction_landing_on_max_generation_retires_the_slot_instead_of_reusing_it ... ok
test single_threaded_sequence_matches_reference_model ... ok
test concurrent_readers_and_writers_never_observe_a_torn_value ... ok

test result: ok. 5 passed; 0 failed; 0 ignored; 0 measured; 0 filtered out; finished in 0.00s

     Running tests\exact_span_large.rs (target-ph7b\debug\deps\exact_span_large-963a477fa0b2eda1.exe)

running 6 tests
test span_usable_shrinks_below_one_segment_for_small_large_request ... ok
test segment_base_of_ptr_resolves_correctly_for_exact_span ... ok
test large_cache_reuse_works_with_exact_span ... ok
test exact_span_alloc_write_read_dealloc_all_control_sizes ... ok
test realloc_grow_preserves_data_even_without_inplace_slack ... ok
test realloc_shrink_preserves_data_with_exact_span ... ok

test result: ok. 6 passed; 0 failed; 0 ignored; 0 measured; 0 filtered out; finished in 0.04s

     Running tests\fastbin_requires_xthread.rs (target-ph7b\debug\deps\fastbin_requires_xthread-55475a10fd351015.exe)

running 1 test
test fastbin_implies_xthread ... ok

test result: ok. 1 passed; 0 failed; 0 ignored; 0 measured; 0 filtered out; finished in 0.00s

     Running tests\freelist_reuse.rs (target-ph7b\debug\deps\freelist_reuse-5ed401c034cce684.exe)

running 3 tests
test reinsert_reuses_capacity_without_unbounded_growth ... ok
test surviving_handles_resolve_after_churn ... ok
test len_matches_iter_after_churn ... ok

test result: ok. 3 passed; 0 failed; 0 ignored; 0 measured; 0 filtered out; finished in 0.00s

     Running tests\global_alloc.rs (target-ph7b\debug\deps\global_alloc-9395505e84f0af47.exe)

running 5 tests
test alloc_zeroed_is_zero ... ok
test realloc_grows_and_preserves_prefix ... ok
test alloc_dealloc_roundtrip_is_valid_and_aligned ... ok
test many_live_allocations_do_not_overlap ... ok
test churn_reuses_without_growth ... ok

test result: ok. 5 passed; 0 failed; 0 ignored; 0 measured; 0 filtered out; finished in 0.01s

     Running tests\global_alloc_installed.rs (target-ph7b\debug\deps\global_alloc_installed-2fd87901b41d3a82.exe)

running 2 tests
test global_allocator_repeated_churn_reuses_state ... ok
test global_allocator_serves_single_thread_churn ... ok

test result: ok. 2 passed; 0 failed; 0 ignored; 0 measured; 0 filtered out; finished in 0.01s

     Running tests\global_alloc_mt.rs (target-ph7b\debug\deps\global_alloc_mt-7217f2e57b7886fa.exe)

running 3 tests
test global_allocator_multithreaded_size_class_churn ... ok
test global_allocator_serves_multithreaded_churn_with_thread_exit ... ok
test global_allocator_cross_thread_free ... ok

test result: ok. 3 passed; 0 failed; 0 ignored; 0 measured; 0 filtered out; finished in 0.02s

     Running tests\heap_core_bulk_bypass.rs (target-ph7b\debug\deps\heap_core_bulk_bypass-96605bf7e0fe91cf.exe)

running 4 tests
test t_bulk_then_drain_then_churn ... ok
test t_churn_distinct_and_healthy ... ok
test t_cross_thread_unaffected ... ok
test t_cold_storm_stays_in_magazine ... ok

test result: ok. 4 passed; 0 failed; 0 ignored; 0 measured; 0 filtered out; finished in 0.06s

     Running tests\heap_core_dbg_table_count.rs (target-ph7b\debug\deps\heap_core_dbg_table_count-65f90840ba550275.exe)

running 1 test
test dbg_table_count_tracks_registered_large_segments ... ok

test result: ok. 1 passed; 0 failed; 0 ignored; 0 measured; 0 filtered out; finished in 0.00s

     Running tests\heap_core_tcache.rs (target-ph7b\debug\deps\heap_core_tcache-0b82903ed3d62e2c.exe)

running 3 tests
test t7_conservation ... ok
test t_bulk_overflow ... ok
test t1_round_trip ... ok

test result: ok. 3 passed; 0 failed; 0 ignored; 0 measured; 0 filtered out; finished in 0.04s

     Running tests\heap_core_tcache_decommit.rs (target-ph7b\debug\deps\heap_core_tcache_decommit-41138b07322239ed.exe)

running 2 tests
test t4_decommit_fires_after_flush_not_before ... ok
test t4_live_count_zero_after_flush ... ok

test result: ok. 2 passed; 0 failed; 0 ignored; 0 measured; 0 filtered out; finished in 0.23s

     Running tests\heap_core_tcache_m2.rs (target-ph7b\debug\deps\heap_core_tcache_m2-0ff293456d48f4db.exe)

running 7 tests
test t2_double_free_64b_class ... ok
test t_false_positive_handled ... ok
test t2_triple_free_still_noop ... ok
test t2_double_free_magazine_block_is_noop ... ok
test t_key_does_not_break_round_trip ... ok
test t3_flushed_double_free_does_not_double_issue ... ok
test t3_double_free_flushed_block_still_caught_by_bitmap ... ok

test result: ok. 7 passed; 0 failed; 0 ignored; 0 measured; 0 filtered out; finished in 0.00s

     Running tests\heap_core_tcache_stamp.rs (target-ph7b\debug\deps\heap_core_tcache_stamp-ffef7a895b627986.exe)

running 4 tests
test t_large_still_stamps ... ok
test t_magazine_hit_skips_stamp ... ok
test t_stamp_after_refill ... ok
test t_multi_class_refill_stamps ... ok

test result: ok. 4 passed; 0 failed; 0 ignored; 0 measured; 0 filtered out; finished in 0.00s

     Running tests\heap_cross_segment.rs (target-ph7b\debug\deps\heap_cross_segment-b8d20b1fbcb3b90b.exe)

running 1 test
test cross_segment_free_blocks_are_reused ... ok

test result: ok. 1 passed; 0 failed; 0 ignored; 0 measured; 0 filtered out; finished in 0.25s

     Running tests\heap_diag.rs (target-ph7b\debug\deps\heap_diag-eb81cf65ed8946af.exe)

running 2 tests
test churn_with_large ... ok
test churn_small_only ... ok

test result: ok. 2 passed; 0 failed; 0 ignored; 0 measured; 0 filtered out; finished in 3.19s

     Running tests\heap_differential.rs (target-ph7b\debug\deps\heap_differential-c3a46092a73fd0fc.exe)

running 1 test
test heap_matches_reference_model ... ok

test result: ok. 1 passed; 0 failed; 0 ignored; 0 measured; 0 filtered out; finished in 1.88s

     Running tests\heap_invariants.rs (target-ph7b\debug\deps\heap_invariants-0d11db237cab316e.exe)

running 11 tests
test m1_alloc_zeroed_is_all_zero ... ok
test m2_double_free_does_not_crash ... ok
test m4_various_sizes_and_aligns ... ok
test realloc_preserves_prefix_bytes ... ok
test m1_small_allocations_are_aligned_and_writable ... ok
test refill_works_after_draining_free_list ... ok
test free_list_reuses_freed_blocks ... ok
test m3_simultaneous_allocations_do_not_overlap ... ok
test m1_large_allocations_are_aligned_and_writable ... ok
test multi_thread_own_heap_own_dealloc ... ok
test churn_keeps_heap_consistent ... ok

test result: ok. 11 passed; 0 failed; 0 ignored; 0 measured; 0 filtered out; finished in 0.01s

     Running tests\heap_soak.rs (target-ph7b\debug\deps\heap_soak-a2fc299c18db8d69.exe)

running 1 test
test soak_segment_reuse_bounded ... ok

test result: ok. 1 passed; 0 failed; 0 ignored; 0 measured; 0 filtered out; finished in 0.01s

     Running tests\kind_at_strict_decode.rs (target-ph7b\debug\deps\kind_at_strict_decode-6513362f8c9d6340.exe)

running 3 tests
test baseline_kind_at_decodes_legitimate_bytes ... ok
test kind_at_rejects_corrupt_discriminant ... ok
test dealloc_on_unknown_kind_is_noop_not_crash ... ok

test result: ok. 3 passed; 0 failed; 0 ignored; 0 measured; 0 filtered out; finished in 0.00s

     Running tests\large_cache.rs (target-ph7b\debug\deps\large_cache-ddb628a842e4be4b.exe)

running 5 tests
test drop_releases_cached_reservations ... ok
test alloc_dealloc_alloc_reuses_cached_large ... ok
test two_sizes_in_cache_no_cross_contamination ... ok
test alloc_dealloc_loop_does_not_grow_segment_table ... ok
test alloc_too_large_not_cached ... ok

test result: ok. 5 passed; 0 failed; 0 ignored; 0 measured; 0 filtered out; finished in 0.00s

     Running tests\large_cache_budget.rs (target-ph7b\debug\deps\large_cache_budget-b19bbe14dd92d297.exe)

running 5 tests
test config_sets_budget ... ok
test large_cache_used_bytes_invariant ... ok
test budget_set_evicts_when_full ... ok
test budget_none_caches_any_size ... ok
test budget_too_small_releases_immediately ... ok

test result: ok. 5 passed; 0 failed; 0 ignored; 0 measured; 0 filtered out; finished in 0.00s

     Running tests\large_cache_config_knobs.rs (target-ph7b\debug\deps\large_cache_config_knobs-c8b4d1d9c537df2a.exe)

running 7 tests
test decay_interval_ms_applied ... ok
test decay_rate_percent_clamped_low ... ok
test decay_rate_percent_clamped_high ... ok
test headroom_bytes_applied ... ok
test budget_bytes_absent_is_unbounded ... ok
test budget_bytes_zero_disables_cache ... ok
test default_equals_const_default ... ok

test result: ok. 7 passed; 0 failed; 0 ignored; 0 measured; 0 filtered out; finished in 0.00s

     Running tests\large_cache_decay.rs (target-ph7b\debug\deps\large_cache_decay-ef270dcbaad88f5e.exe)

running 7 tests
test config_decay_rate_percent ... ok
test decay_interval_respected ... ok
test decay_respects_headroom ... ok
test zero_interval_decays_on_first_eligible_op ... ok
test decay_skips_when_under_target ... ok
test decay_releases_excess_over_target ... ok
test zero_interval_ticks_on_every_eligible_op ... ok

test result: ok. 7 passed; 0 failed; 0 ignored; 0 measured; 0 filtered out; finished in 0.00s

     Running tests\large_cache_extended_budget_before_materialization.rs (target-ph7b\debug\deps\large_cache_extended_budget_before_materialization-873ecc0379877044.exe)

running 6 tests
test default_config_resolves_finite_budget_when_extension_compiled_in ... ok
test zero_budget_never_materialises_extension_even_past_base_eight ... ok
test effectively_unbounded_budget_still_materialises_extension_on_overflow ... ok
test budget_smaller_than_every_span_never_materialises_extension ... ok
test explicit_budget_bytes_overrides_the_extended_default ... ok
test budget_infeasible_deposit_after_base_eight_full_never_materialises_extension ... ok

test result: ok. 6 passed; 0 failed; 0 ignored; 0 measured; 0 filtered out; finished in 0.00s

     Running tests\large_cache_extended_budget_still_enforced.rs (target-ph7b\debug\deps\large_cache_extended_budget_still_enforced-ae5714a68b1bbdad.exe)

running 2 tests
test budget_bounds_bytes_not_slot_count ... ok
test small_budget_caps_cache_even_with_extension_available ... ok

test result: ok. 2 passed; 0 failed; 0 ignored; 0 measured; 0 filtered out; finished in 0.00s

     Running tests\large_cache_extended_fresh_slots_are_none.rs (target-ph7b\debug\deps\large_cache_extended_fresh_slots_are_none-6404152278bd484c.exe)

running 1 test
test all_extension_slots_are_none_immediately_after_materialisation ... ok

test result: ok. 1 passed; 0 failed; 0 ignored; 0 measured; 0 filtered out; finished in 0.00s

     Running tests\large_cache_extended_materializes_on_overflow.rs (target-ph7b\debug\deps\large_cache_extended_materializes_on_overflow-466e053fc07a394e.exe)

running 1 test
test overflow_past_base_eight_materialises_extension ... ok

test result: ok. 1 passed; 0 failed; 0 ignored; 0 measured; 0 filtered out; finished in 0.00s

     Running tests\large_cache_extended_mixed_size_best_fit_fifo.rs (target-ph7b\debug\deps\large_cache_extended_mixed_size_best_fit_fifo-f1a361facf2dc91c.exe)

running 2 tests
test fifo_eviction_targets_true_oldest_across_combined_index_space ... ok
test best_fit_picks_tightest_slot_across_base_extension_boundary ... ok

test result: ok. 2 passed; 0 failed; 0 ignored; 0 measured; 0 filtered out; finished in 0.01s

     Running tests\large_cache_extended_narrow_working_set_after_materialization.rs (target-ph7b\debug\deps\large_cache_extended_narrow_working_set_after_materialization-f64cca763cd5d42c.exe)

running 4 tests
test narrow_working_set_n1_after_materialisation_is_correct ... ok
test narrow_working_set_n2_after_materialisation_is_correct ... ok
test scan_bound_stays_forty_during_narrow_working_set_phase ... ok
test narrow_working_set_n4_after_materialisation_is_correct ... ok

test result: ok. 4 passed; 0 failed; 0 ignored; 0 measured; 0 filtered out; finished in 0.00s

     Running tests\large_cache_extended_off_no_overflow_capacity.rs (target-ph7b\debug\deps\large_cache_extended_off_no_overflow_capacity-9dac7ec826d5f4c9.exe)

running 0 tests

test result: ok. 0 passed; 0 failed; 0 ignored; 0 measured; 0 filtered out; finished in 0.00s

     Running tests\large_cache_mode.rs (target-ph7b\debug\deps\large_cache_mode-10a45a5a3663e2b2.exe)

running 3 tests
test lazy_mode_round_trips ... ok
test default_mode_is_lazy ... ok
test lazy_mode_stored_correctly_in_shard ... ok

test result: ok. 3 passed; 0 failed; 0 ignored; 0 measured; 0 filtered out; finished in 0.00s

     Running tests\large_cache_occupancy_bitmask_invariant.rs (target-ph7b\debug\deps\large_cache_occupancy_bitmask_invariant-e339e9436440a03b.exe)

running 7 tests
test fresh_cache_bitmask_is_zero ... ok
test single_deposit_and_hit_bitmask ... ok
test fifo_oldest_eviction_victim_is_seq_zero_first_deposit ... ok
test best_fit_hit_returns_array_predicted_segment ... ok
test randomised_bitmask_scan_equivalence_shadow ... ok
test base_slots_fill_sets_all_bits ... ok
test eviction_clears_bitmask_bit ... ok

test result: ok. 7 passed; 0 failed; 0 ignored; 0 measured; 0 filtered out; finished in 0.03s

     Running tests\large_reserved_capacity.rs (target-ph7b\debug\deps\large_reserved_capacity-a9d4326ed0821b49.exe)

running 1 test
test growth_beyond_reserved_capacity_falls_back_to_slow_path ... ok

test result: ok. 1 passed; 0 failed; 0 ignored; 0 measured; 0 filtered out; finished in 0.00s

     Running tests\lazy_commit_b2_grow.rs (target-ph7b\debug\deps\lazy_commit_b2_grow-24d698c463d28200.exe)

running 7 tests
test primordial_frontier_matches_reservation_gate ... ok
test batch_crossing_several_boundaries_one_commit ... ok
test carve_batch_commit_failure_returns_zero ... ok
test commit_failure_leaves_state_unchanged ... ok
test carve_at_frontier_commits_next_chunk ... ok
test carve_batch_one_commit_per_batch ... ok
test fill_entire_lazy_segment ... ok

test result: ok. 7 passed; 0 failed; 0 ignored; 0 measured; 0 filtered out; finished in 0.54s

     Running tests\lazy_commit_b3_recycle.rs (target-ph7b\debug\deps\lazy_commit_b3_recycle-50106c49e8a5bd61.exe)

running 5 tests
test primordial_and_pool_frontier_matches_reservation_gate ... ok
test metadata_survives_pool_cycle ... ok
test frontier_unchanged_across_pool_admission ... ok
test repeated_cycles_stay_zero_syscall ... ok
test zero_syscalls_across_empty_pool_reuse_refill_cycle ... ok

test result: ok. 5 passed; 0 failed; 0 ignored; 0 measured; 0 filtered out; finished in 0.59s

     Running tests\lazy_commit_b4_matrix.rs (target-ph7b\debug\deps\lazy_commit_b4_matrix-83958e08fce67253.exe)

running 21 tests
test allocator_drop_partial_commit_no_fault ... ok
test block_exactly_on_chunk_boundary ... ok
test b4_hook_does_not_break_b2 ... ok
test kth_commit_fails_carve_block ... ok
test carve_batch_commit_failure_returns_zero_blocks ... ok
test cross_thread_free_partial_segment ... ok
test primordial_metadata_committed_up_front ... ok
test full_lazy_segment_lifecycle ... ok
test kth_commit_fails_carve_batch ... ok
test first_block_of_each_chunk ... ok
test numa_lazy_commit_gate ... ok
test carve_block_commit_failure_state_unchanged ... ok
test decommit_partial_recommit_continue ... ok
test eager_path_is_pure_noop ... ok
test batch_crosses_one_boundary_one_commit ... ok
test batch_crosses_several_boundaries ... ok
test multiple_size_classes_lazy ... ok
test alloc_zeroed_on_fresh_commit ... ok
test retry_after_failure_succeeds ... ok
test pool_reuse_with_fault_mid_reuse ... ok
test pool_eviction_release_partial_commit ... ok

test result: ok. 21 passed; 0 failed; 0 ignored; 0 measured; 0 filtered out; finished in 2.36s

     Running tests\lazy_commit_frontier.rs (target-ph7b\debug\deps\lazy_commit_frontier-a51326bb757732b5.exe)

running 6 tests
test header_layout_asserts_hold ... ok
test primordial_frontier_is_correct ... ok
test eager_segment_has_full_span_frontier ... ok
test fresh_small_segment_frontier_is_correct ... ok
test alloc_from_lazy_segment_is_writable ... ok
test multiple_classes_from_lazy_segment ... ok

test result: ok. 6 passed; 0 failed; 0 ignored; 0 measured; 0 filtered out; finished in 0.50s

     Running tests\lazy_commit_r12_9_split.rs (target-ph7b\debug\deps\lazy_commit_r12_9_split-5d33ded5f859a141.exe)

running 0 tests

test result: ok. 0 passed; 0 failed; 0 ignored; 0 measured; 0 filtered out; finished in 0.00s

     Running tests\lazy_initial_commit_forced_page.rs (target-ph7b\debug\deps\lazy_initial_commit_forced_page-deefa1b62591d9a0.exe)

running 1 test
test unrounded_lazy_sums_remain_discriminable_at_every_supported_page_size ... ok

test result: ok. 1 passed; 0 failed; 0 ignored; 0 measured; 0 filtered out; finished in 0.00s

     Running tests\lazy_initial_commit_page_sizes.rs (target-ph7b\debug\deps\lazy_initial_commit_page_sizes-036d6a222fd9484e.exe)

running 2 tests
test lazy_initial_commit_is_a_multiple_of_every_supported_page_size ... ok
test lazy_initial_commit_matches_decommit_start_frontier_at_runtime_page_size ... ok

test result: ok. 2 passed; 0 failed; 0 ignored; 0 measured; 0 filtered out; finished in 0.00s

     Running tests\lock_free.rs (target-ph7b\debug\deps\lock_free-6bbc12cb41649623.exe)

running 2 tests
test single_threaded_sequence_matches_reference_model ... ok
test concurrent_readers_and_writers_never_observe_a_torn_value ... ok

test result: ok. 2 passed; 0 failed; 0 ignored; 0 measured; 0 filtered out; finished in 0.08s

     Running tests\loom_active_kind_index.rs (target-ph7b\debug\deps\loom_active_kind_index-d50ce4b5f9fcdf56.exe)

running 0 tests

test result: ok. 0 passed; 0 failed; 0 ignored; 0 measured; 0 filtered out; finished in 0.00s

     Running tests\loom_epoch.rs (target-ph7b\debug\deps\loom_epoch-155bc50b49164b39.exe)

running 0 tests

test result: ok. 0 passed; 0 failed; 0 ignored; 0 measured; 0 filtered out; finished in 0.00s

     Running tests\loom_r11_epoch_false_full.rs (target-ph7b\debug\deps\loom_r11_epoch_false_full-65285d623df8bb9c.exe)

running 0 tests

test result: ok. 0 passed; 0 failed; 0 ignored; 0 measured; 0 filtered out; finished in 0.00s

     Running tests\loom_r11_ph4a_heap_lease.rs (target-ph7b\debug\deps\loom_r11_ph4a_heap_lease-daf5388d94ac1c2f.exe)

running 0 tests

test result: ok. 0 passed; 0 failed; 0 ignored; 0 measured; 0 filtered out; finished in 0.00s

     Running tests\loom_r11_ph4b_publish_recycle_drain.rs (target-ph7b\debug\deps\loom_r11_ph4b_publish_recycle_drain-0cd7b736bde7a501.exe)

running 0 tests

test result: ok. 0 passed; 0 failed; 0 ignored; 0 measured; 0 filtered out; finished in 0.00s

     Running tests\loom_r11_registry_claim.rs (target-ph7b\debug\deps\loom_r11_registry_claim-ff25ddfec22627b8.exe)

running 0 tests

test result: ok. 0 passed; 0 failed; 0 ignored; 0 measured; 0 filtered out; finished in 0.00s

     Running tests\loom_r11_small_sidecar.rs (target-ph7b\debug\deps\loom_r11_small_sidecar-4694d2a846529ee1.exe)

running 0 tests

test result: ok. 0 passed; 0 failed; 0 ignored; 0 measured; 0 filtered out; finished in 0.00s

     Running tests\loom_r8_maintenance_lease.rs (target-ph7b\debug\deps\loom_r8_maintenance_lease-52c302f89678e706.exe)

running 0 tests

test result: ok. 0 passed; 0 failed; 0 ignored; 0 measured; 0 filtered out; finished in 0.00s

     Running tests\loom_registry_free_slots.rs (target-ph7b\debug\deps\loom_registry_free_slots-3392cff75a8c9901.exe)

running 0 tests

test result: ok. 0 passed; 0 failed; 0 ignored; 0 measured; 0 filtered out; finished in 0.00s

     Running tests\loom_sharded.rs (target-ph7b\debug\deps\loom_sharded-6d35fae3c1dc5bc1.exe)

running 0 tests

test result: ok. 0 passed; 0 failed; 0 ignored; 0 measured; 0 filtered out; finished in 0.00s

     Running tests\loom_sidecar_bitmap.rs (target-ph7b\debug\deps\loom_sidecar_bitmap-7bc59f5d072428b2.exe)

running 0 tests

test result: ok. 0 passed; 0 failed; 0 ignored; 0 measured; 0 filtered out; finished in 0.00s

     Running tests\loom_terminal_large.rs (target-ph7b\debug\deps\loom_terminal_large-befc7963416c0bda.exe)

running 0 tests

test result: ok. 0 passed; 0 failed; 0 ignored; 0 measured; 0 filtered out; finished in 0.00s

     Running tests\loom_terminal_owner_drain.rs (target-ph7b\debug\deps\loom_terminal_owner_drain-26a18a54319fd31f.exe)

running 0 tests

test result: ok. 0 passed; 0 failed; 0 ignored; 0 measured; 0 filtered out; finished in 0.00s

     Running tests\medium_classes_correctness.rs (target-ph7b\debug\deps\medium_classes_correctness-89f732b82abf1f4e.exe)

running 15 tests
test item1_mib_alignment_resolves_to_small_not_large ... ok
test item4_small_class_count_stays_below_page_class_sentinel_range ... ok
test medium_classes_present_in_table_at_the_right_sorted_position ... ok
test size2class_o1_lookup_agrees_with_brute_force_at_medium_boundaries ... ok
test small_max_updates_to_one_mib ... ok
test item4_page_map_records_medium_class_without_overflow ... ok
test item2_one_segment_serves_multiple_medium_blocks_of_the_same_class ... ok
test item3_dealloc_reuses_the_same_class_freelist ... ok
test item7_realloc_crosses_from_small_into_a_new_medium_class ... ok
test item7_realloc_shrink_from_medium_into_former_large_territory_still_works ... ok
test item8_emptied_medium_segment_recycles_its_table_slot ... ok
test item7_realloc_between_two_medium_classes ... ok
test item7_realloc_grows_from_medium_up_into_genuine_large ... ok
test item2_carving_more_medium_blocks_than_fit_reserves_a_second_segment ... ok
test size2class_o1_lookup_agrees_with_brute_force_across_the_full_extended_range ... ok

test result: ok. 15 passed; 0 failed; 0 ignored; 0 measured; 0 filtered out; finished in 0.27s

     Running tests\medium_classes_wide_correctness.rs (target-ph7b\debug\deps\medium_classes_wide_correctness-ba8729864e973001.exe)

running 12 tests
test each_matching_size_classifies_to_a_small_class_at_the_right_index ... ok
test size2class_o1_lookup_agrees_with_brute_force_at_wide_boundaries ... ok
test size_just_above_one_mib_routes_into_small_path_not_large ... ok
test small_class_count_is_58_and_below_every_encoding_ceiling ... ok
test size_just_above_one_point_75_mib_falls_through_to_large ... ok
test small_max_updates_to_one_point_75_mib ... ok
test report_real_density_per_wide_class ... ok
test wide_classes_present_in_table_at_the_right_sorted_position ... ok
test wide_does_not_disturb_six_class_medium_table_topology ... ok
test one_point_25_mib_class_proves_a_real_density_win ... ok
test one_point_5_and_1_point_75_mib_classes_carry_no_density_win_documented ... ok
test empirical_carve_matches_predicted_density_for_every_wide_class ... ok

test result: ok. 12 passed; 0 failed; 0 ignored; 0 measured; 0 filtered out; finished in 0.01s

     Running tests\no_panic_doc_accuracy.rs (target-ph7b\debug\deps\no_panic_doc_accuracy-f1cf6fa156002cc8.exe)

running 2 tests
test no_panic_doc_is_qualified ... ok
test four_invariant_tripwires_pinned_by_message ... ok

test result: ok. 2 passed; 0 failed; 0 ignored; 0 measured; 0 filtered out; finished in 0.00s

     Running tests\no_stale_cross_checkout_artifacts.rs (target-ph7b\debug\deps\no_stale_cross_checkout_artifacts-0bbff2cf4cd145c0.exe)

running 1 test
test baked_manifest_dir_matches_running_tree ... ok

test result: ok. 1 passed; 0 failed; 0 ignored; 0 measured; 0 filtered out; finished in 0.00s

     Running tests\no_stale_doc_references.rs (target-ph7b\debug\deps\no_stale_doc_references-eb75ac9e9150b1e7.exe)

running 33 tests
test decommit_calls_doc_distinguishes_logical_entries_from_syscalls ... ok
test allocator_64bit_gate_docs_match_live_metadata_bounds ... ok
test cargo_toml_alloc_global_panic_contract_is_accurate ... ok
test large_cache_config_doc_matches_budget_and_headroom_behavior ... ok
test crate_root_stats_blurb_matches_method_level_contract ... ok
test lock_free_generation_max_doc_matches_the_final_reuse_policy ... ok
test oxx_r2_07_alloc_core_mod_seam_inventory_is_accurate ... ok
test epoch_hand_doc_matches_conditional_confinement_and_bounded_impls ... ok
test oxx_r2_07_bootstrap_unsafe_block_claim_is_accurate ... ok
test oxx_r2_07_large_cache_extended_thread_boundary_claim_is_accurate ... ok
test perclass_doc_offsets_match_const_asserts ... ok
test production_bundle_guard_rejects_non_manifest_suffix ... ok
test r9_current_stats_and_unsafe_inventory_docs_use_live_routes ... ok
test oxx_r2_07_alloc_core_is_not_send_in_doc ... ok
test oxx_r2_07_forbid_unsafe_code_claims_are_accurate ... ok
test oxx_r2_07_realloc_unsafe_fn_claims_are_accurate ... ok
test correctness_item_59a_hugetlb_real_sentinel_count_agrees ... ok
test correctness_item_87_sentinel_counts_agree ... ok
test architecture_test_file_count_matches_reality ... ok
test root_rustdoc_ci_covers_all_and_docs_rs_features_with_strict_warnings ... ok
test remote_evict_doc_names_the_blocking_bookkeeping ... ok
test every_undecided_feature_has_exactly_one_owner_with_a_next_trigger ... ok
test production_feature_bundle_doc_sites_match_cargo_toml ... ok
test strict_rustdoc_links_keep_public_targets_and_private_names_plain ... ok
test correctness_index_recently_resolved_pointers_carry_verdicts ... ok
test verification_inventory_matches_docs ... ok
test no_crate_heap_module_path ... ok
test lib_rs_seam_inventory_matches_canonical_grep ... ok
test no_removed_heap_type_doc_mentions ... ok
test no_owned_sidecar_references_anywhere ... ok
test no_stale_abandon_adopt_substrate_references ... ok
test honest_reject_sections_are_indexed ... ok
test readme_unsafe_inventory_counts_match_reality ... ok

test result: ok. 33 passed; 0 failed; 0 ignored; 0 measured; 0 filtered out; finished in 0.17s

     Running tests\numa_alloc.rs (target-ph7b\debug\deps\numa_alloc-14f02553702bfd76.exe)

running 2 tests
test same_thread_segments_same_node ... ok
test find_segment_prefers_local_node ... ok

test result: ok. 2 passed; 0 failed; 0 ignored; 0 measured; 0 filtered out; finished in 0.00s

     Running tests\numa_cache_invalidation.rs (target-ph7b\debug\deps\numa_cache_invalidation-7b78b025b1bcec26.exe)

running 2 tests
test cached_node_amortises_within_a_claim ... ok
test cached_node_invalidates_across_slot_recycle ... ok

test result: ok. 2 passed; 0 failed; 0 ignored; 0 measured; 0 filtered out; finished in 0.00s

     Running tests\numa_periodic_refresh.rs (target-ph7b\debug\deps\numa_periodic_refresh-6c3dd32e3ffc12fd.exe)

running 1 test
test cached_node_refreshes_after_mid_claim_migration ... ok

test result: ok. 1 passed; 0 failed; 0 ignored; 0 measured; 0 filtered out; finished in 0.00s

     Running tests\numa_seam.rs (target-ph7b\debug\deps\numa_seam-a3a68a7357147eca.exe)

running 5 tests
test biased_root_can_exceed_segment_but_stay_in_raw_extent ... ok
test current_node_returns_valid_value ... ok
test reserve_aligned_on_current_node_succeeds ... ok
test reserve_aligned_on_no_node_succeeds ... ok
test reserve_aligned_on_node_unaddressable_node_falls_back_to_unbound ... ok

test result: ok. 5 passed; 0 failed; 0 ignored; 0 measured; 0 filtered out; finished in 0.00s

     Running tests\numa_segment_id.rs (target-ph7b\debug\deps\numa_segment_id-269b34614e510a16.exe)

running 2 tests
test large_segment_carries_node_id ... ok
test small_segment_carries_node_id ... ok

test result: ok. 2 passed; 0 failed; 0 ignored; 0 measured; 0 filtered out; finished in 0.00s

     Running tests\owner_stamp_round_trip.rs (target-ph7b\debug\deps\owner_stamp_round_trip-179b8b3afa0f16f2.exe)

running 5 tests
test fallback_heap_id_is_round_trip_stable_and_slot_distinct ... ok
test fresh_segment_stamp_word_is_byte_stable ... ok
test u32_max_clamps_instead_of_leaking ... ok
test u32_max_stamp_never_leaks_into_generation_field ... ok
test owner_id_round_trips_through_pack_owner ... ok

test result: ok. 5 passed; 0 failed; 0 ignored; 0 measured; 0 filtered out; finished in 0.01s

     Running tests\oxx_r2_01_orphaned_cursor_finalized.rs (target-ph7b\debug\deps\oxx_r2_01_orphaned_cursor_finalized-04d333b401bf6cd7.exe)

running 2 tests
test alloc_core_orphaned_cursor_is_finalized_on_cursor_switch ... ok
test heap_core_orphaned_cursor_is_finalized_on_cursor_switch ... ok

test result: ok. 2 passed; 0 failed; 0 ignored; 0 measured; 0 filtered out; finished in 0.01s

     Running tests\oxx_r2_02_realloc_lazy_commit_frontier.rs (target-ph7b\debug\deps\oxx_r2_02_realloc_lazy_commit_frontier-d024191283ed1639.exe)

running 2 tests
test oxx_r2_02_realloc_lazy_commit_frontier_child ... ignored, run only in a fresh subprocess (see run_child)
test primordial_frontier_is_eager_under_numa_aware ... ok

test result: ok. 1 passed; 0 failed; 1 ignored; 0 measured; 0 filtered out; finished in 0.00s

     Running tests\oxx_r2_03_dealloc_batch_current_for_dealloc.rs (target-ph7b\debug\deps\oxx_r2_03_dealloc_batch_current_for_dealloc-a1755d48a017e510.exe)

running 1 test
test dealloc_batch_from_unbound_thread_does_not_claim_a_slot_and_returns_blocks ... ok

test result: ok. 1 passed; 0 failed; 0 ignored; 0 measured; 0 filtered out; finished in 0.00s

     Running tests\oxx_r2_05_reserve_failure_accounting.rs (target-ph7b\debug\deps\oxx_r2_05_reserve_failure_accounting-55942777c0bf9123.exe)

running 1 test
test no_unaccounted_reserve_aligned_calls ... ok

test result: ok. 1 passed; 0 failed; 0 ignored; 0 measured; 0 filtered out; finished in 0.09s

     Running tests\oxx_r2_07_alloc_core_not_send.rs (target-ph7b\debug\deps\oxx_r2_07_alloc_core_not_send-b7a4c1fcc0794dc1.exe)

running 2 tests
test alloc_core_is_not_send ... ok
test alloc_core_is_not_sync ... ok

test result: ok. 2 passed; 0 failed; 0 ignored; 0 measured; 0 filtered out; finished in 0.00s

     Running tests\phase13_3_dealloc_layout_class.rs (target-ph7b\debug\deps\phase13_3_dealloc_layout_class-fd9ae19b8ec1afbf.exe)

running 2 tests
test dealloc_uses_layout_class_not_page_map_on_mixed_class_page ... ok
test dealloc_uses_layout_class_big_then_tiny_mixed_page ... ok

test result: ok. 2 passed; 0 failed; 0 ignored; 0 measured; 0 filtered out; finished in 0.00s

     Running tests\phase13_drain_reclaim_layout_class.rs (target-ph7b\debug\deps\phase13_drain_reclaim_layout_class-907d824c4f0ead84.exe)

running 1 test
test reclaim_uses_carried_layout_class_not_page_map ... ok

test result: ok. 1 passed; 0 failed; 0 ignored; 0 measured; 0 filtered out; finished in 0.00s

     Running tests\pinning.rs (target-ph7b\debug\deps\pinning-ae452c03d056609e.exe)

running 6 tests
test pinned_runner_run_with_smaller_region_fires_only_bound_in_range_shards ... ok
test bind_routes_inserts_to_bound_shard ... ok
test pinned_runner_then_cross_thread_remove ... ok
test pinned_runner_inserts_resolve_and_accounting_holds ... ok
test bind_routes_per_thread ... ok
test out_of_range_bind_rejected_no_panic ... ok

test result: ok. 6 passed; 0 failed; 0 ignored; 0 measured; 0 filtered out; finished in 0.00s

     Running tests\profile.rs (target-ph7b\debug\deps\profile-54ffa4568b309eb9.exe)

running 7 tests
test both_axes_together_compose_as_expected ... ok
test throughput_small_pool_alone_does_not_perturb_large_cache_axis ... ok
test low_headroom_alone_does_not_perturb_small_pool_axis ... ok
test profile_default_trait_matches_the_const ... ok
test default_profile_matches_seferalloc_new_defaults ... ok
test no_small_pool_policy_reintroduces_the_r27_1_noop_trap ... ok
test all_axis_combinations_resolve_independently ... ok

test result: ok. 7 passed; 0 failed; 0 ignored; 0 measured; 0 filtered out; finished in 0.01s

     Running tests\r10_7_alloc_batch_xthread_double_free.rs (target-ph7b\debug\deps\r10_7_alloc_batch_xthread_double_free-20277b75c7b59880.exe)

running 1 test
test alloc_batch_no_duplicate_on_stale_xthread_double_free_entry ... ok

test result: ok. 1 passed; 0 failed; 0 ignored; 0 measured; 0 filtered out; finished in 0.00s

     Running tests\r10_active_kind_hot.rs (target-ph7b\debug\deps\r10_active_kind_hot-10bc01f4dd32fa65.exe)

running 1 test
test h128_to_one_large_and_first_small_magazine_miss_probe_one_slot ... ok

test result: ok. 1 passed; 0 failed; 0 ignored; 0 measured; 0 filtered out; finished in 0.04s

     Running tests\r10_active_kind_late_publish.rs (target-ph7b\debug\deps\r10_active_kind_late_publish-6322fcb7f74039ef.exe)

running 3 tests
test small_publication_after_empty_word_cut_keeps_membership ... ok
test large_publication_after_failed_claim_retires_once ... ok
test last_small_credit_prevents_prepublication_recycle ... ok

test result: ok. 3 passed; 0 failed; 0 ignored; 0 measured; 0 filtered out; finished in 0.01s

     Running tests\r10_active_kind_layout.rs (target-ph7b\debug\deps\r10_active_kind_layout-945a89d78631c328.exe)

running 3 tests
test lazy_commit_covers_index_on_supported_real_page_geometries ... ok
test heap_slot_and_chunk_geometry_is_measured_not_assumed ... ok
test carved_index_is_within_primordial_metadata_and_bootstrap_initializes_it ... ok

test result: ok. 3 passed; 0 failed; 0 ignored; 0 measured; 0 filtered out; finished in 0.00s

     Running tests\r10_active_kind_logical.rs (target-ph7b\debug\deps\r10_active_kind_logical-2bd043c360b37d98.exe)

running 3 tests
test unknown_kind_is_rejected_before_slot_and_index_mutation ... ok
test oracle_rejects_clean_bit_clear_mutant ... ok
test word_boundaries_summary_empty_and_kind_reuse ... ok

test result: ok. 3 passed; 0 failed; 0 ignored; 0 measured; 0 filtered out; finished in 0.01s

     Running tests\r10_active_kind_negative_directory.rs (target-ph7b\debug\deps\r10_active_kind_negative_directory-ed393d8fc203c5f6.exe)

running 0 tests

test result: ok. 0 passed; 0 failed; 0 ignored; 0 measured; 0 filtered out; finished in 0.00s

     Running tests\r10_active_kind_no_directory.rs (target-ph7b\debug\deps\r10_active_kind_no_directory-5b225ba44f64f090.exe)

running 0 tests

test result: ok. 0 passed; 0 failed; 0 ignored; 0 measured; 0 filtered out; finished in 0.00s

     Running tests\r10_active_kind_numa_fallback.rs (target-ph7b\debug\deps\r10_active_kind_numa_fallback-c5cbb0e447adfdba.exe)

running 1 test
test routed_negative_fallback_prefers_local_and_unknown_before_foreign ... ok

test result: ok. 1 passed; 0 failed; 0 ignored; 0 measured; 0 filtered out; finished in 0.01s

     Running tests\r10_active_kind_pool_cache.rs (target-ph7b\debug\deps\r10_active_kind_pool_cache-852613e705e165f8.exe)

running 2 tests
test cached_large_is_inactive_and_reissue_gets_fresh_incarnation ... ok
test pooled_small_stays_registered_until_pool_drain ... ok

test result: ok. 2 passed; 0 failed; 0 ignored; 0 measured; 0 filtered out; finished in 0.01s

     Running tests\r10_active_kind_prepare_oom.rs (target-ph7b\debug\deps\r10_active_kind_prepare_oom-693f66deb6208c83.exe)

running 2 tests
test append_and_reuse_prepare_failure_do_not_change_membership ... ok
test primordial_attach_failure_retries_with_seed_only ... ok

test result: ok. 2 passed; 0 failed; 0 ignored; 0 measured; 0 filtered out; finished in 0.01s

     Running tests\r10_active_kind_small_recycle.rs (target-ph7b\debug\deps\r10_active_kind_small_recycle-dcf99bd38704af67.exe)

running 1 test
test three_real_small_roots_recycle_middle_and_drop ... ok

test result: ok. 1 passed; 0 failed; 0 ignored; 0 measured; 0 filtered out; finished in 0.00s

     Running tests\r11_4_dealloc_batch_hardened_guards.rs (target-ph7b\debug\deps\r11_4_dealloc_batch_hardened_guards-f2a8dddc11eb57df.exe)

running 2 tests
test dealloc_batch_interior_pointer_is_noop ... ok
test dealloc_batch_large_via_small_layout_is_noop ... ok

test result: ok. 2 passed; 0 failed; 0 ignored; 0 measured; 0 filtered out; finished in 0.03s

     Running tests\r11_4_dealloc_batch_mixed_ownership.rs (target-ph7b\debug\deps\r11_4_dealloc_batch_mixed_ownership-b97dfc1fd8af2885.exe)

running 1 test
test dealloc_batch_mixed_owned_and_xthread ... ok

test result: ok. 1 passed; 0 failed; 0 ignored; 0 measured; 0 filtered out; finished in 0.00s

     Running tests\r11_4_dealloc_batch_same_segment_double_free.rs (target-ph7b\debug\deps\r11_4_dealloc_batch_same_segment_double_free-36d48c656b179caa.exe)

running 2 tests
test dealloc_batch_same_segment_duplicate_entry_no_corruption ... ok
test dealloc_batch_duplicate_straddling_magazine_and_overflow_no_corruption ... ok

test result: ok. 2 passed; 0 failed; 0 ignored; 0 measured; 0 filtered out; finished in 0.00s

     Running tests\r11_epoch_false_full.rs (target-ph7b\debug\deps\r11_epoch_false_full-d7f6d4a3c3c78616.exe)

running 2 tests
test empty_queue_and_spurious_positive_hint_do_not_create_capacity ... ok
test completed_remote_removal_reuses_capacity_one_with_false_hint ... ok

test result: ok. 2 passed; 0 failed; 0 ignored; 0 measured; 0 filtered out; finished in 0.00s

     Running tests\r11_p3_large_hot_late.rs (target-ph7b\debug\deps\r11_p3_large_hot_late-98bf856720b35c19.exe)

running 1 test
test far_large_publication_after_clean_pass_retires_with_pin_held ... ok

test result: ok. 1 passed; 0 failed; 0 ignored; 0 measured; 0 filtered out; finished in 0.00s

     Running tests\r11_p3_large_hot_refill.rs (target-ph7b\debug\deps\r11_p3_large_hot_refill-ae7081b3cc6f6719.exe)

running 5 tests
test logical_capacity_failure_gets_one_full_rescue_and_one_retry ... ok
test real_heap_refills_charge_fixed_large_probe_budget_at_l8_and_l64 ... ok
test strict_drain_still_retires_far_terminal_large_in_one_pass ... ok
test recycled_table_slot_behind_cursor_is_revisited ... ok
test virgin_zeroed_magazine_refills_share_the_large_hot_budget ... ok

test result: ok. 5 passed; 0 failed; 0 ignored; 0 measured; 0 filtered out; finished in 0.01s

     Running tests\r11_p3_registry_claim_chunk_oom.rs (target-ph7b\debug\deps\r11_p3_registry_claim_chunk_oom-04940a7fe34c8110.exe)

running 1 test
test failed_new_chunk_recovers_older_free_then_retries_minted_index ... ok

test result: ok. 1 passed; 0 failed; 0 ignored; 0 measured; 0 filtered out; finished in 0.07s

     Running tests\r11_p3_registry_claim_first_bind.rs (target-ph7b\debug\deps\r11_p3_registry_claim_first_bind-1bf115c52c3fab43.exe)

running 1 test
test simultaneous_first_binds_take_distinct_fresh_slots ... ok

test result: ok. 1 passed; 0 failed; 0 ignored; 0 measured; 0 filtered out; finished in 0.01s

     Running tests\r11_p3_registry_claim_selector.rs (target-ph7b\debug\deps\r11_p3_registry_claim_selector-149e7572ec4252ef.exe)

running 5 tests
test delayed_stale_hint_cannot_grant_a_second_owner ... ok
test live_first_touch_is_linear_in_selector_probes ... ok
test overwritten_free_hint_is_deferred_until_cap_not_lost ... ok
test overwritten_unmaterialized_retry_is_cold_recoverable ... ok
test logical_last_index_and_independent_cold_census ... ok

test result: ok. 5 passed; 0 failed; 0 ignored; 0 measured; 0 filtered out; finished in 0.00s

     Running tests\r11_p3_registry_claim_uninit_oom.rs (target-ph7b\debug\deps\r11_p3_registry_claim_uninit_oom-df29afe2800f049b.exe)

running 1 test
test chunk_oom_retries_materialised_uninitialised_free ... ok

test result: ok. 1 passed; 0 failed; 0 ignored; 0 measured; 0 filtered out; finished in 0.06s

     Running tests\r11_p3_small_sidecar_issue_oom.rs (target-ph7b\debug\deps\r11_p3_small_sidecar_issue_oom-f836771dc289fb99.exe)

running 1 test
test persistent_spill_oom_rolls_back_and_transient_failure_recovers ... ok

test result: ok. 1 passed; 0 failed; 0 ignored; 0 measured; 0 filtered out; finished in 0.00s

     Running tests\r11_p3_small_sidecar_preflight.rs (target-ph7b\debug\deps\r11_p3_small_sidecar_preflight-9a2a0f8670354ec0.exe)

running 1 test
test four_issue_transactions_preserve_state_before_commit_and_retry ... ok

test result: ok. 1 passed; 0 failed; 0 ignored; 0 measured; 0 filtered out; finished in 0.01s

     Running tests\r11_p3_small_sidecar_routes.rs (target-ph7b\debug\deps\r11_p3_small_sidecar_routes-37376e12059d8d84.exe)

running 2 tests
test actual_system_requests_spills_failure_retry_and_last_pin_release ... ok
test adversarial_all_mixed_real_route_has_no_universal_small_budget ... ok

test result: ok. 2 passed; 0 failed; 0 ignored; 0 measured; 0 filtered out; finished in 0.01s

     Running tests\r11_p3_small_sidecar_zeroed_oom.rs (target-ph7b\debug\deps\r11_p3_small_sidecar_zeroed_oom-bd2c41190661fb5b.exe)

running 1 test
test zeroed_persistent_spill_oom_rolls_back_and_transient_failure_recovers ... ok

test result: ok. 1 passed; 0 failed; 0 ignored; 0 measured; 0 filtered out; finished in 0.00s

     Running tests\r11_p4_1_route_lookup_ab.rs (target-ph7b\debug\deps\r11_p4_1_route_lookup_ab-96f0f85eadc0cbf0.exe)

running 1 test
test lookup_cost_one_shard ... ignored, directional timing probe

test result: ok. 0 passed; 0 failed; 1 ignored; 0 measured; 0 filtered out; finished in 0.00s

     Running tests\r11_p4_1_route_shard_model.rs (target-ph7b\debug\deps\r11_p4_1_route_shard_model-b24565a9fc95f8b6.exe)

running 2 tests
test old_pin_survives_unlink_and_final_free_after_block_merge ... ok
test chunked_shard_matches_set_model_under_random_churn ... ok

test result: ok. 2 passed; 0 failed; 0 ignored; 0 measured; 0 filtered out; finished in 0.05s

     Running tests\r11_p4_1_route_shard_moves.rs (target-ph7b\debug\deps\r11_p4_1_route_shard_moves-9a5e8dd408459f11.exe)

running 1 test
test one_shard_reverse_wave_moves_subquadratic_cells ... ok

test result: ok. 1 passed; 0 failed; 0 ignored; 0 measured; 0 filtered out; finished in 0.01s

     Running tests\r11_p4_2_lock_free_write_clone_count.rs (target-ph7b\debug\deps\r11_p4_2_lock_free_write_clone_count-1c9682029d31bf4a.exe)

running 4 tests
test write_page_arc_clones_do_not_grow_with_page_count ... ok
test growing_insert_page_arc_clones_do_not_grow_with_page_count ... ok
test with_pages_bulk_table_matches_incremental_lookup ... ok
test page_table_growth_across_height_boundaries_keeps_handles_valid ... ok

test result: ok. 4 passed; 0 failed; 0 ignored; 0 measured; 0 filtered out; finished in 0.32s

     Running tests\r11_p4_3_sharded_per_region_binding.rs (target-ph7b\debug\deps\r11_p4_3_sharded_per_region_binding-ddb64fb412c4b6d0.exe)

running 2 tests
test binding_in_one_region_is_not_trusted_in_another ... ok
test binding_table_eviction_stays_correct ... ok

test result: ok. 2 passed; 0 failed; 0 ignored; 0 measured; 0 filtered out; finished in 0.00s

     Running tests\r11_ph3a_issue_transaction_batch.rs (target-ph7b\debug\deps\r11_ph3a_issue_transaction_batch-62d09844910859eb.exe)

running 1 test
test batch_issue_transactions_commit_only_the_prepared_run ... ok

test result: ok. 1 passed; 0 failed; 0 ignored; 0 measured; 0 filtered out; finished in 0.04s

     Running tests\r11_ph3a_issue_transaction_scalar.rs (target-ph7b\debug\deps\r11_ph3a_issue_transaction_scalar-3a17d2f9acb0fdb5.exe)

running 1 test
test scalar_issue_transactions_roll_back_before_commit_and_retry_after ... ok

test result: ok. 1 passed; 0 failed; 0 ignored; 0 measured; 0 filtered out; finished in 0.00s

     Running tests\r11_ph3a_magazine_refill_partial.rs (target-ph7b\debug\deps\r11_ph3a_magazine_refill_partial-d502b742ace32e8f.exe)

running 1 test
test magazine_refill_prepare_refusal_commits_only_the_drained_blocks ... ok

test result: ok. 1 passed; 0 failed; 0 ignored; 0 measured; 0 filtered out; finished in 0.00s

     Running tests\r11_ph3a_reserve_promotion_fault.rs (target-ph7b\debug\deps\r11_ph3a_reserve_promotion_fault-41c219797d98548c.exe)

running 1 test
test promotion_faults_roll_back_the_exhausted_segment_and_retry_promotes ... ok

test result: ok. 1 passed; 0 failed; 0 ignored; 0 measured; 0 filtered out; finished in 0.09s

     Running tests\r11_ph3b_kind_aware_entries.rs (target-ph7b\debug\deps\r11_ph3b_kind_aware_entries-98de27a58dbcc73a.exe)

running 7 tests
test promoted_then_grown_large_block_routes_its_free_by_kind_not_by_layout ... ok
test fallback_served_blocks_freed_by_another_thread_keep_their_kind ... ok
test matching_layout_free_keeps_the_small_route_across_a_same_class_realloc ... ok
test realloc_oom_returns_null_and_leaves_the_old_block_intact ... ok
test realloc_crosses_the_boundary_in_step_with_the_header_kind ... ok
test alloc_alloc_zeroed_and_own_dealloc_agree_on_one_kind_per_size ... ok
test scalar_and_batch_frees_of_one_pattern_agree_on_every_observer ... ok

test result: ok. 7 passed; 0 failed; 0 ignored; 0 measured; 0 filtered out; finished in 0.05s

     Running tests\r11_ph4a_drop_ordering_pinned.rs (target-ph7b\debug\deps\r11_ph4a_drop_ordering_pinned-1dfdab0658c9789f.exe)

running 2 tests
test lease_drop_aborts_on_a_lost_cas ... ok
test lease_drop_publishes_live_to_free_with_release ... ok

test result: ok. 2 passed; 0 failed; 0 ignored; 0 measured; 0 filtered out; finished in 0.00s

     Running tests\r11_ph4a_lease_miri.rs (target-ph7b\debug\deps\r11_ph4a_lease_miri-4d26decce530d8d0.exe)

running 0 tests

test result: ok. 0 passed; 0 failed; 0 ignored; 0 measured; 0 filtered out; finished in 0.00s

     Running tests\r11_ph4a_lease_not_send_sync.rs (target-ph7b\debug\deps\r11_ph4a_lease_not_send_sync-31206576416a25f5.exe)

running 1 test
test lease_slot_lifecycle_free_after_drop_and_regeneration ... ok

test result: ok. 1 passed; 0 failed; 0 ignored; 0 measured; 0 filtered out; finished in 0.00s

     Running tests\r11_ph4b_late_publication_across_recycle_exactly_once.rs (target-ph7b\debug\deps\r11_ph4b_late_publication_across_recycle_exactly_once-ff1097337052173a.exe)

running 1 test
test late_publication_across_recycle_is_consumed_exactly_once ... ok

test result: ok. 1 passed; 0 failed; 0 ignored; 0 measured; 0 filtered out; finished in 0.01s

     Running tests\r11_ph4b_lease_miri.rs (target-ph7b\debug\deps\r11_ph4b_lease_miri-10c594a14ad71b07.exe)

running 0 tests

test result: ok. 0 passed; 0 failed; 0 ignored; 0 measured; 0 filtered out; finished in 0.00s

     Running tests\r11_ph4b_local_no_drop_pinned.rs (target-ph7b\debug\deps\r11_ph4b_local_no_drop_pinned-11a7a272c0149df4.exe)

running 3 tests
test guard_stores_the_typed_lease_option ... ok
test finish_bind_rollback_unpublishes_local_before_the_lease_drop ... ok
test local_is_a_const_initialised_dropless_raw_cell ... ok

test result: ok. 3 passed; 0 failed; 0 ignored; 0 measured; 0 filtered out; finished in 0.00s

     Running tests\r11_ph4b_no_worker_pending_stays.rs (target-ph7b\debug\deps\r11_ph4b_no_worker_pending_stays-8b51ff48f089f16e.exe)

running 1 test
test no_worker_pending_stays ... ok

test result: ok. 1 passed; 0 failed; 0 ignored; 0 measured; 0 filtered out; finished in 0.06s

     Running tests\r11_ph4b_spawn_failure_retry_releases_leases.rs (target-ph7b\debug\deps\r11_ph4b_spawn_failure_retry_releases_leases-f571e03055f06e75.exe)

running 1 test
test spawn_failure_leaves_no_half_activation_and_retry_releases_leases ... ok

test result: ok. 1 passed; 0 failed; 0 ignored; 0 measured; 0 filtered out; finished in 0.00s

     Running tests\r11_ph4b_teardown_ordering_pinned.rs (target-ph7b\debug\deps\r11_ph4b_teardown_ordering_pinned-eb8dc53f5dc40482.exe)

running 2 tests
test lease_release_cas_is_release_ordered ... ok
test teardown_stamps_torn_then_trims_then_releases_the_slot ... ok

test result: ok. 2 passed; 0 failed; 0 ignored; 0 measured; 0 filtered out; finished in 0.00s

     Running tests\r11_ph4c_ingress_consume_exactly_once_oracle.rs (target-ph7b\debug\deps\r11_ph4c_ingress_consume_exactly_once_oracle-b6f8647b36119313.exe)

running 2 tests
test maintenance_pass_ingress_step_runs_exactly_once_per_maintained_slot ... ok
test reclaim_trim_consumes_ingress_exactly_once ... ok

test result: ok. 2 passed; 0 failed; 0 ignored; 0 measured; 0 filtered out; finished in 0.01s

     Running tests\r11_ph5b_c2_batch_reuse_after_join.rs (target-ph7b\debug\deps\r11_ph5b_c2_batch_reuse_after_join-d9abc42f0cf8cde2.exe)

running 1 test
test owner_batch_reuses_after_worker_batch_free_and_join ... ok

test result: ok. 1 passed; 0 failed; 0 ignored; 0 measured; 0 filtered out; finished in 0.00s

     Running tests\r11_ph5b_c2_reuse_after_join.rs (target-ph7b\debug\deps\r11_ph5b_c2_reuse_after_join-6e27aba5ceb8645e.exe)

running 1 test
test allocation_after_worker_join_has_clean_contents ... ok

test result: ok. 1 passed; 0 failed; 0 ignored; 0 measured; 0 filtered out; finished in 0.02s

     Running tests\r11_ph5b_c2_same_va_cache.rs (target-ph7b\debug\deps\r11_ph5b_c2_same_va_cache-01bf18bf01b7dd4e.exe)

running 1 test
test owner_reuses_large_va_after_remote_free_worker_join ... ok

test result: ok. 1 passed; 0 failed; 0 ignored; 0 measured; 0 filtered out; finished in 0.02s

     Running tests\r11_ph5b_c3_by_value_churn.rs (target-ph7b\debug\deps\r11_ph5b_c3_by_value_churn-e75ef8a55a4be9b0.exe)

running 1 test
test by_value_box_frame_return_churn_preserves_bytes_and_zeroing ... ok

test result: ok. 1 passed; 0 failed; 0 ignored; 0 measured; 0 filtered out; finished in 0.00s

     Running tests\r11_ph5b_c5_sidecar_ordering_pinned.rs (target-ph7b\debug\deps\r11_ph5b_c5_sidecar_ordering_pinned-9c6e6f56f8678d0c.exe)

running 3 tests
test owner_cut_is_acqrel_swap ... ok
test owner_issue_class_store_is_release ... ok
test producer_publish_is_acqrel_fetch_or ... ok

test result: ok. 3 passed; 0 failed; 0 ignored; 0 measured; 0 filtered out; finished in 0.00s

     Running tests\r11_ph5b_c6_dealloc_no_alloc.rs (target-ph7b\debug\deps\r11_ph5b_c6_dealloc_no_alloc-13bedd07c560372e.exe)

running 1 test
test dealloc_of_small_and_large_blocks_allocates_nothing ... ok

test result: ok. 1 passed; 0 failed; 0 ignored; 0 measured; 0 filtered out; finished in 0.00s

     Running tests\r11_ph5b_c6_dealloc_system_count.rs (target-ph7b\debug\deps\r11_ph5b_c6_dealloc_system_count-4ff0d180e29c2ab4.exe)

running 1 test
test deallocations_do_not_call_system_alloc_or_realloc ... ok

test result: ok. 1 passed; 0 failed; 0 ignored; 0 measured; 0 filtered out; finished in 0.00s

     Running tests\r11_ph5b_c6_fallback_oom.rs (target-ph7b\debug\deps\r11_ph5b_c6_fallback_oom-9dff5089d394adf5.exe)

running 1 test
test fallback_oom_injection_nulls_alloc_and_recovers_when_disarmed ... ok

test result: ok. 1 passed; 0 failed; 0 ignored; 0 measured; 0 filtered out; finished in 0.00s

     Running tests\r11_ph5b_c6_realloc_oom_old_alive.rs (target-ph7b\debug\deps\r11_ph5b_c6_realloc_oom_old_alive-03685b1d9fe70ffb.exe)

running 2 tests
test small_realloc_oom_keeps_old_allocation_alive ... ok
test large_realloc_oom_keeps_old_allocation_alive ... ok

test result: ok. 2 passed; 0 failed; 0 ignored; 0 measured; 0 filtered out; finished in 0.00s

     Running tests\r11_ph5c_global_realloc_high_align.rs (target-ph7b\debug\deps\r11_ph5c_global_realloc_high_align-cccd4e876fb8ae0d.exe)

running 2 tests
test global_realloc_high_align_small_large_roundtrip ... ok
test global_realloc_large_grow_then_shrink_to_small_high_align ... ok

test result: ok. 2 passed; 0 failed; 0 ignored; 0 measured; 0 filtered out; finished in 0.01s

     Running tests\r11_ph5c_narrow_reborrow_box_vec_string.rs (target-ph7b\debug\deps\r11_ph5c_narrow_reborrow_box_vec_string-05ad721dfcaf61eb.exe)

running 3 tests
test narrow_reborrow_box_arrays_n1_to_n7 ... ok
test string_growth_utf8_preserved ... ok
test vec_growth_small_to_large_content_preserved ... ok

test result: ok. 3 passed; 0 failed; 0 ignored; 0 measured; 0 filtered out; finished in 0.05s

     Running tests\r11_ph5c_registry_saturation_fallback.rs (target-ph7b\debug\deps\r11_ph5c_registry_saturation_fallback-c06cbb397d82e092.exe)

running 0 tests

test result: ok. 0 passed; 0 failed; 0 ignored; 0 measured; 0 filtered out; finished in 0.00s

     Running tests\r11_ph5c_trim_idempotent_after_join.rs (target-ph7b\debug\deps\r11_ph5c_trim_idempotent_after_join-dadd43d6b9dbff9b.exe)

running 1 test
test trim_idempotent_across_peer_lifetime_and_join ... ok

test result: ok. 1 passed; 0 failed; 0 ignored; 0 measured; 0 filtered out; finished in 0.83s

     Running tests\r12_1_directory_scan_no_aliasing.rs (target-ph7b\debug\deps\r12_1_directory_scan_no_aliasing-1435aa0d90e0e759.exe)

running 1 test
test directory_hit_triggers_mutation_during_scan_stays_consistent ... ok

test result: ok. 1 passed; 0 failed; 0 ignored; 0 measured; 0 filtered out; finished in 0.13s

     Running tests\r13_3_magazine_virgin_hit_skips_zero.rs (target-ph7b\debug\deps\r13_3_magazine_virgin_hit_skips_zero-315c7e0325789d6b.exe)

running 2 tests
test magazine_hit_of_reused_block_still_zeroes ... ok
test magazine_hit_of_virgin_block_skips_zero_pass ... ok

test result: ok. 2 passed; 0 failed; 0 ignored; 0 measured; 0 filtered out; finished in 0.00s

     Running tests\r14_4_promotion_feature_off_non_disturbance.rs (target-ph7b\debug\deps\r14_4_promotion_feature_off_non_disturbance-85f39a58c52e214e.exe)

running 0 tests

test result: ok. 0 passed; 0 failed; 0 ignored; 0 measured; 0 filtered out; finished in 0.00s

     Running tests\r14_4_promotion_free_correctness.rs (target-ph7b\debug\deps\r14_4_promotion_free_correctness-232b9d6003c45b29.exe)

running 3 tests
test canary_survives_promotion_and_free_leaves_no_leak_per_base ... ok
test canary_survives_promotion_and_free_no_double_release ... ok
test repeated_promote_and_free_does_not_leak_unboundedly ... ok

test result: ok. 3 passed; 0 failed; 0 ignored; 0 measured; 0 filtered out; finished in 0.01s

     Running tests\r14_4_promotion_move_leg_reduction.rs (target-ph7b\debug\deps\r14_4_promotion_move_leg_reduction-8bc50c929bced0aa.exe)

running 5 tests
test has_promotion_matches_real_compiled_predicate ... ok
test repeated_post_promotion_grows_all_hit_opt_g ... ok
test second_grow_past_threshold_hits_opt_g_no_move ... ok
test promotion_off_repeated_same_class_grows_all_hit_opt_f ... ok
test promotion_off_second_grow_same_class_hits_opt_f_no_move ... ok

test result: ok. 5 passed; 0 failed; 0 ignored; 0 measured; 0 filtered out; finished in 0.00s

     Running tests\r14_4_promotion_shrink_uses_move_leg.rs (target-ph7b\debug\deps\r14_4_promotion_shrink_uses_move_leg-094117cbd3cb6890.exe)

running 2 tests
test shrink_below_original_medium_range_relocates_and_preserves_prefix ... ok
test shrink_back_into_medium_range_also_relocates ... ok

test result: ok. 2 passed; 0 failed; 0 ignored; 0 measured; 0 filtered out; finished in 0.00s

     Running tests\r14_7_max_segments_ceiling.rs (target-ph7b\debug\deps\r14_7_max_segments_ceiling-a31664b43ac28ec9.exe)

running 2 tests
test ceiling_is_not_permanent_after_freeing_everything ... ok
test live_large_objects_ceiling_is_exactly_max_segments_minus_one ... ok

test result: ok. 2 passed; 0 failed; 0 ignored; 0 measured; 0 filtered out; finished in 0.37s

     Running tests\r17_4_inplace_grown_large_dealloc_routes_by_kind.rs (target-ph7b\debug\deps\r17_4_inplace_grown_large_dealloc_routes_by_kind-b289d5d8333b2899.exe)

running 1 test
test inplace_grown_large_freed_with_small_layout_is_reused_not_leaked ... ok

test result: ok. 1 passed; 0 failed; 0 ignored; 0 measured; 0 filtered out; finished in 0.00s

     Running tests\r17_8_deterministic_trim_releases_cached_large_span.rs (target-ph7b\debug\deps\r17_8_deterministic_trim_releases_cached_large_span-25c51cfe5e238ddd.exe)

running 1 test
test dbg_trim_current_thread_releases_cached_large_span_deterministically ... ok

test result: ok. 1 passed; 0 failed; 0 ignored; 0 measured; 0 filtered out; finished in 0.00s

     Running tests\r1_03_pool_docs_contract.rs (target-ph7b\debug\deps\r1_03_pool_docs_contract-ba7db57a2145bbab.exe)

running 3 tests
test pool_config_doc_states_pool_is_free_list_reserve_not_carve_reserve ... ok
test stale_carve_reuse_promise_is_gone ... ok
test readme_states_pool_is_free_list_reserve_not_carve_reserve ... ok

test result: ok. 3 passed; 0 failed; 0 ignored; 0 measured; 0 filtered out; finished in 0.00s

     Running tests\r1_04_alloc_core_drop_stack_pressure.rs (target-ph7b\debug\deps\r1_04_alloc_core_drop_stack_pressure-41aa8d9dbe9f6907.exe)

running 3 tests
test r1_04_drop_stack_child ... ignored, run only in a fresh subprocess (see run_child)
test drop_on_64kib_stack_bare ... ok
test drop_on_64kib_stack_with_many_segments ... ok

test result: ok. 2 passed; 0 failed; 1 ignored; 0 measured; 0 filtered out; finished in 0.02s

     Running tests\r1_10_fallback_hits_counted_in_stats.rs (target-ph7b\debug\deps\r1_10_fallback_hits_counted_in_stats-7724023447fa73a5.exe)

running 1 test
test fallback_hits_are_folded_into_process_wide_stats ... ok

test result: ok. 1 passed; 0 failed; 0 ignored; 0 measured; 0 filtered out; finished in 0.00s

     Running tests\r21_2_opt_h_stage1_precondition_probe.rs (target-ph7b\debug\deps\r21_2_opt_h_stage1_precondition_probe-aa4090f35a6b462b.exe)

running 3 tests
test opt_h_attempts_but_not_hits_for_a_non_tail_adjacent_grow ... ok
test opt_h_attempts_but_not_hits_for_an_aligned_but_non_tail_grow ... ok
test opt_h_hits_increments_for_a_genuinely_tail_adjacent_aligned_grow ... ok

test result: ok. 3 passed; 0 failed; 0 ignored; 0 measured; 0 filtered out; finished in 0.01s

     Running tests\r24_8_dealloc_batch_multi_flush.rs (target-ph7b\debug\deps\r24_8_dealloc_batch_multi_flush-6e3cbad376051167.exe)

running 1 test
test dealloc_batch_large_multi_flush_no_oom_no_aliasing ... ok

test result: ok. 1 passed; 0 failed; 0 ignored; 0 measured; 0 filtered out; finished in 0.00s

     Running tests\r25_4_dealloc_batch_multi_flush_oracle.rs (target-ph7b\debug\deps\r25_4_dealloc_batch_multi_flush_oracle-9c19a6484b455f55.exe)

running 1 test
test dealloc_batch_multi_flush_live_count_transition_is_exact ... ok

test result: ok. 1 passed; 0 failed; 0 ignored; 0 measured; 0 filtered out; finished in 0.00s

     Running tests\r26_5_dealloc_batch_per_block_partition.rs (target-ph7b\debug\deps\r26_5_dealloc_batch_per_block_partition-845811352fe38e71.exe)

running 1 test
test dealloc_batch_per_block_partition_is_exact ... ok

test result: ok. 1 passed; 0 failed; 0 ignored; 0 measured; 0 filtered out; finished in 0.00s

     Running tests\r30_1_decomp_full_cycle_cursor_safety.rs (target-ph7b\debug\deps\r30_1_decomp_full_cycle_cursor_safety-fa555f0ba325fa35.exe)

running 2 tests
test reserve_and_keep_release_pair_leaves_small_cur_valid_for_ordinary_alloc ... ok
test full_cycle_hook_leaves_small_cur_valid_for_ordinary_alloc ... ok

test result: ok. 2 passed; 0 failed; 0 ignored; 0 measured; 0 filtered out; finished in 0.02s

     Running tests\r31_10_trim_current_thread_api.rs (target-ph7b\debug\deps\r31_10_trim_current_thread_api-88c47a421b6ae890.exe)

running 6 tests
test ac1_trim_empties_pool_and_evicts_large_cache ... ok
test ac2_thread_continues_working_after_trim ... ok
test ac3_trim_does_not_affect_other_thread_heap ... ok
test ac4c_trim_on_never_allocated_thread_claims_no_slot ... ok
test ac4b_trim_on_genuinely_torn_tls_is_safe_noop ... ok
test ac4a_trim_on_freshly_bound_never_allocated_heap_is_safe ... ok

test result: ok. 6 passed; 0 failed; 0 ignored; 0 measured; 0 filtered out; finished in 0.01s

     Running tests\r31_15_reserved_small_segment_cross_core_release.rs (target-ph7b\debug\deps\r31_15_reserved_small_segment_cross_core_release-4f374a3d41a8ee68.exe)

running 3 tests
test heap_core_delegation_is_a_pure_forward_to_alloc_core ... ok
test same_core_release_still_succeeds ... ok
test cross_core_release_panics_on_owner_mismatch - should panic ... ok

test result: ok. 3 passed; 0 failed; 0 ignored; 0 measured; 0 filtered out; finished in 0.00s

     Running tests\r31_4_reserved_small_segment_handle.rs (target-ph7b\debug\deps\r31_4_reserved_small_segment_handle-b79a889cfa62afd9.exe)

running 3 tests
test reserved_small_segment_needs_drop_so_it_cannot_be_copy ... ok
test reserve_read_base_release_once_succeeds ... ok
test repeated_reserve_release_cycles_stay_healthy ... ok

test result: ok. 3 passed; 0 failed; 0 ignored; 0 measured; 0 filtered out; finished in 0.03s

     Running tests\r34_18_heap_core_stack_pressure_pin.rs (target-ph7b\debug\deps\r34_18_heap_core_stack_pressure_pin-f7e2ff8471dad887.exe)

running 1 test
test heap_core_size_within_stack_pressure_budget ... ok

test result: ok. 1 passed; 0 failed; 0 ignored; 0 measured; 0 filtered out; finished in 0.00s

     Running tests\r34_3_internals_boundary_api.rs (target-ph7b\debug\deps\r34_3_internals_boundary_api-07aaa8e8d9492a59.exe)

running 2 tests
test sefer_alloc_stable_methods_are_callable_without_internals ... ok
test stable_surface_resolves_at_crate_root_without_internals ... ok

test result: ok. 2 passed; 0 failed; 0 ignored; 0 measured; 0 filtered out; finished in 0.00s

     Running tests\r3_1_fallback_remote_free.rs (target-ph7b\debug\deps\r3_1_fallback_remote_free-9dbd706d27467ccc.exe)

running 1 test
test fallback_owner_consumes_all_remote_terminal_publications ... ok

test result: ok. 1 passed; 0 failed; 0 ignored; 0 measured; 0 filtered out; finished in 0.00s

     Running tests\r6_canonical_root_cache.rs (target-ph7b\debug\deps\r6_canonical_root_cache-47e9758960991796.exe)

running 2 tests
test cache_fill_hit_evict_and_reuse_keep_stored_provenance ... ok
test hash_identity_without_a_stored_root_is_not_a_live_member ... ok

test result: ok. 2 passed; 0 failed; 0 ignored; 0 measured; 0 filtered out; finished in 0.00s

     Running tests\r6_class_issue.rs (target-ph7b\debug\deps\r6_class_issue-38f9ba5b2e51d91c.exe)

running 5 tests
test batch_freelist_reissue_records_class_once_per_credit ... ok
test scalar_issue_reissue_and_narrow_reborrow_have_class ... ok
test magazine_hit_keeps_one_outstanding_credit ... ok
test realloc_move_issues_new_class_and_inplace_keeps_class ... ok
test later_small_segment_is_registered_before_issue ... ok

test result: ok. 5 passed; 0 failed; 0 ignored; 0 measured; 0 filtered out; finished in 0.01s

     Running tests\r6_drop_large_credit.rs (target-ph7b\debug\deps\r6_drop_large_credit-a41e4dd7f1ac203f.exe)

running 2 tests
test drop_uses_phase_credit_protocol ... ok
test standalone_drop_releases_live_and_cached_large_once ... ok

test result: ok. 2 passed; 0 failed; 0 ignored; 0 measured; 0 filtered out; finished in 0.00s

     Running tests\r6_fix_p2_fallback_dealloc.rs (target-ph7b\debug\deps\r6_fix_p2_fallback_dealloc-f8b237beae8d2176.exe)

running 3 tests
test fallback_child ... ignored, run only in an isolated child process
test actual_tls_teardown_fallback_free_is_reclaimed ... ok
test busy_fallback_lock_uses_remote_route_without_losing_free ... ok

test result: ok. 2 passed; 0 failed; 1 ignored; 0 measured; 0 filtered out; finished in 0.02s

     Running tests\r6_fix_p3_numa_unknown_bucket.rs (target-ph7b\debug\deps\r6_fix_p3_numa_unknown_bucket-8f3359f0d5b34831.exe)

running 1 test
test unknown_bucket_bit_is_cleared_after_node_gets_dedicated_bucket ... ok

test result: ok. 1 passed; 0 failed; 0 ignored; 0 measured; 0 filtered out; finished in 0.70s

     Running tests\r6_fix_p4_batch_empty_output.rs (target-ph7b\debug\deps\r6_fix_p4_batch_empty_output-a13c9b051fe2a44a.exe)

running 1 test
test empty_output_is_a_zero_sized_batch_not_allocation_failure ... ok

test result: ok. 1 passed; 0 failed; 0 ignored; 0 measured; 0 filtered out; finished in 0.00s

     Running tests\r6_heapcore_provenance.rs (target-ph7b\debug\deps\r6_heapcore_provenance-08634415e08faf57.exe)

running 2 tests
test own_batch_stages_only_physical_blocks ... ok
test own_scalar_magazine_and_realloc_use_physical_block ... ok

test result: ok. 2 passed; 0 failed; 0 ignored; 0 measured; 0 filtered out; finished in 0.00s

     Running tests\r6_large_credit.rs (target-ph7b\debug\deps\r6_large_credit-57aaae198b1f3194.exe)

running 2 tests
test own_free_releases_registered_large_without_cache ... ok
test cache_hit_creates_new_instance_credit ... ok

test result: ok. 2 passed; 0 failed; 0 ignored; 0 measured; 0 filtered out; finished in 0.00s

     Running tests\r6_own_provenance.rs (target-ph7b\debug\deps\r6_own_provenance-a57d396ebfe88d9e.exe)

running 4 tests
test batch_flush_links_blocks_from_canonical_root ... ok
test large_one_byte_reborrow_can_be_freed ... ok
test one_byte_reborrows_can_be_freed_and_reused ... ok
test narrow_reborrow_realloc_returns_full_physical_block ... ok

test result: ok. 4 passed; 0 failed; 0 ignored; 0 measured; 0 filtered out; finished in 0.00s

     Running tests\r6_route_directory.rs (target-ph7b\debug\deps\r6_route_directory-ffc09ca68ecac261.exe)

running 9 tests
test owner_registration_can_move_between_lease_threads ... ok
test large_route_key_and_invalid_span ... ok
test published_pin_cleanup_survives_reservation_unmap ... ok
test incarnation_exhaustion_never_wraps ... ok
test duplicate_key_and_same_address_reuse_preserve_old_pin_identity ... ok
test sorted_shard_keeps_neighbors_after_middle_unlink ... ok
test paused_published_pin_survives_removal_and_same_address_registration ... ok
test repeated_churn_reuses_pointer_array_capacity ... ok
test more_than_4096_active_routes_and_same_shard_collision ... ok

test result: ok. 9 passed; 0 failed; 0 ignored; 0 measured; 0 filtered out; finished in 0.01s

     Running tests\r6_route_directory_global.rs (target-ph7b\debug\deps\r6_route_directory_global-66a10be3d4b3705a.exe)

running 1 test
test system_backed_route_metadata_does_not_reenter_global_allocator ... ok

test result: ok. 1 passed; 0 failed; 0 ignored; 0 measured; 0 filtered out; finished in 0.00s

     Running tests\r6_route_directory_model.rs (target-ph7b\debug\deps\r6_route_directory_model-bb3d2db598ff0305.exe)

running 3 tests
test cached_instance_cannot_be_claimed_before_owner_reset ... ok
test all_owner_and_two_pin_release_orders_reclaim_slot ... ok
test terminal_publication_signatures_consume_the_pin ... ok

test result: ok. 3 passed; 0 failed; 0 ignored; 0 measured; 0 filtered out; finished in 3.85s

     Running tests\r6_route_lifecycle_basic.rs (target-ph7b\debug\deps\r6_route_lifecycle_basic-6dd6f210c51716b4.exe)

running 1 test
test heap_routes_primordial_before_issue_and_each_new_segment_before_return ... ok

test result: ok. 1 passed; 0 failed; 0 ignored; 0 measured; 0 filtered out; finished in 0.00s

     Running tests\r6_route_lifecycle_decommit.rs (target-ph7b\debug\deps\r6_route_lifecycle_decommit-4950bc1437f1329d.exe)

running 1 test
test pool_release_and_large_cache_reissue_balance_routes ... ok

test result: ok. 1 passed; 0 failed; 0 ignored; 0 measured; 0 filtered out; finished in 0.00s

     Running tests\r6_route_lifecycle_diag_provenance.rs (target-ph7b\debug\deps\r6_route_lifecycle_diag_provenance-881aa72b09d5ed52.exe)

running 1 test
test safe_live_count_diagnostic_uses_stored_root_for_address_only_key ... ok

test result: ok. 1 passed; 0 failed; 0 ignored; 0 measured; 0 filtered out; finished in 0.00s

     Running tests\r6_route_lifecycle_fallback.rs (target-ph7b\debug\deps\r6_route_lifecycle_fallback-c561c0334e68eddf.exe)

running 1 test
test fallback_bootstrap_rolls_back_route_oom_then_publishes_primordial ... ok

test result: ok. 1 passed; 0 failed; 0 ignored; 0 measured; 0 filtered out; finished in 0.00s

     Running tests\r6_route_lifecycle_oom.rs (target-ph7b\debug\deps\r6_route_lifecycle_oom-ac958e05e642bac2.exe)

running 1 test
test registration_oom_rolls_back_primordial_small_and_large_before_issue ... ok

test result: ok. 1 passed; 0 failed; 0 ignored; 0 measured; 0 filtered out; finished in 0.01s

     Running tests\r6_route_lifecycle_pool.rs (target-ph7b\debug\deps\r6_route_lifecycle_pool-efeec88c2dfc3626.exe)

running 1 test
test pooled_small_keeps_route_until_pool_drain ... ok

test result: ok. 1 passed; 0 failed; 0 ignored; 0 measured; 0 filtered out; finished in 0.01s

     Running tests\r6_route_lifecycle_release.rs (target-ph7b\debug\deps\r6_route_lifecycle_release-06733211e5f1f619.exe)

running 1 test
test uncached_large_removes_route_before_os_release ... ok

test result: ok. 1 passed; 0 failed; 0 ignored; 0 measured; 0 filtered out; finished in 0.00s

     Running tests\r6_sidecar_bitmap.rs (target-ph7b\debug\deps\r6_sidecar_bitmap-a2ac7350f72e5804.exe)

running 4 tests
test tests::r6_geometry_and_fixed_high_water ... ok
test tests::r6_reuse_bit_and_republish_class ... ok
test tests::r6_paused_before_and_after_terminal_publish ... ok

running 1 test

running 1 test
test tests::r6_invalid_class_aborts_without_unwind ... ok

test result: ok. 4 passed; 0 failed; 0 ignored; 0 measured; 0 filtered out; finished in 0.19s

     Running tests\r6_terminal_header_atomic.rs (target-ph7b\debug\deps\r6_terminal_header_atomic-91d11bb5f21e0776.exe)

running 4 tests
test large_generation_exhaustion_never_wraps ... ok
test terminal_words_are_outside_the_copy_header_and_before_the_page_map ... ok
test fresh_small_and_large_have_independent_atomic_snapshots ... ok
test large_cache_hit_resets_atomic_phase_and_advances_generation ... ok

test result: ok. 4 passed; 0 failed; 0 ignored; 0 measured; 0 filtered out; finished in 0.00s

     Running tests\r6_terminal_lease_registry.rs (target-ph7b\debug\deps\r6_terminal_lease_registry-17927ed93ca78b65.exe)

running 1 test
test failed_init_claim_maintenance_recycle_handoff ... ok

test result: ok. 1 passed; 0 failed; 0 ignored; 0 measured; 0 filtered out; finished in 0.00s

     Running tests\r6_terminal_ledger_small.rs (target-ph7b\debug\deps\r6_terminal_ledger_small-ee235509ebda22c9.exe)

running 3 tests
test refill_and_flush_hold_exactly_one_credit_per_block ... ok
test primordial_credit_survives_publication_until_owner_reclaim ... ok
test realloc_keeps_one_credit_across_in_place_move_and_failure ... ok

test result: ok. 3 passed; 0 failed; 0 ignored; 0 measured; 0 filtered out; finished in 0.00s

     Running tests\r6_terminal_owner_drain.rs (target-ph7b\debug\deps\r6_terminal_owner_drain-63eaff5f84063aee.exe)

running 8 tests
test detached_magazine_record_preserves_the_canonical_copy ... ok
test duplicate_detached_record_does_not_retire_another_credit ... ok
test last_small_node_finalizes_after_route_scan ... ok
test large_pending_claim_reclaims_and_cache_reissues ... ok
test mixed_class_and_more_than_ring_capacity ... ok
test public_trim_consumes_small_and_large_terminal_publications ... ok
test tls_exit_runs_the_owner_sweep_before_recycle ... ok
test requested_sizes_one_through_seven_retire_once_and_reissue ... ok

test result: ok. 8 passed; 0 failed; 0 ignored; 0 measured; 0 filtered out; finished in 0.01s

     Running tests\r6_terminal_owner_drain_model.rs (target-ph7b\debug\deps\r6_terminal_owner_drain_model-652b0422a6771bc2.exe)

running 1 test
test publication_after_word_cut_waits_for_next_bounded_scan ... ok

test result: ok. 1 passed; 0 failed; 0 ignored; 0 measured; 0 filtered out; finished in 0.00s

     Running tests\r7_cold_small_trim_current.rs (target-ph7b\debug\deps\r7_cold_small_trim_current-c69b44ba3aca9288.exe)

running 3 tests
test empty_current_small_releases_and_next_allocation_is_safe ... ok
test live_current_small_is_not_released ... ok
test recycled_slot_can_be_claimed_and_allocated_again ... ok

test result: ok. 3 passed; 0 failed; 0 ignored; 0 measured; 0 filtered out; finished in 0.01s

     Running tests\r7_cold_small_trim_directory.rs (target-ph7b\debug\deps\r7_cold_small_trim_directory-4af98899175106ff.exe)

running 1 test
test cold_trim_drops_owner_directory_with_live_small_and_rebuilds ... ok

test result: ok. 1 passed; 0 failed; 0 ignored; 0 measured; 0 filtered out; finished in 0.04s

     Running tests\r7_p1_chunk_oom.rs (target-ph7b\debug\deps\r7_p1_chunk_oom-f6c9d43dc09a963d.exe)

running 1 test
test claim_chunk_oom_falls_back_and_preserves_minted_indices ... ok

test result: ok. 1 passed; 0 failed; 0 ignored; 0 measured; 0 filtered out; finished in 0.05s

     Running tests\r7_p3_claim_scan.rs (target-ph7b\debug\deps\r7_p3_claim_scan-c0306440f295c1dc.exe)

running 7 tests
test consumed_reuse_hint_does_not_repeat_full_scan_after_resaturation ... ok
test newly_minted_last_index_cannot_be_hidden_by_older_scan ... ok
test near_max_publication_during_scan_cannot_restore_saturation ... ok
test pre_cap_mints_without_scanning_an_older_free_slot ... ok
test full_registry_scans_once_until_availability_changes ... ok
test publication_during_negative_scan_prevents_stale_saturation ... ok
test version_exhaustion_disables_hint_and_keeps_scan_backstop ... ok

test result: ok. 7 passed; 0 failed; 0 ignored; 0 measured; 0 filtered out; finished in 0.00s

     Running tests\r7_p3_fallback_config_default.rs (target-ph7b\debug\deps\r7_p3_fallback_config_default-be3921a3adb92eb5.exe)

running 1 test
test default_fallback_can_cache_a_freed_large_span ... ok

test result: ok. 1 passed; 0 failed; 0 ignored; 0 measured; 0 filtered out; finished in 0.00s

     Running tests\r7_p3_fallback_config_zero.rs (target-ph7b\debug\deps\r7_p3_fallback_config_zero-129929078218b39c.exe)

running 1 test
test configured_fallback_keeps_zero_budget_and_signals_later_conflicts ... ok

test result: ok. 1 passed; 0 failed; 0 ignored; 0 measured; 0 filtered out; finished in 0.00s

     Running tests\r8_6_decommit_boundary.rs (target-ph7b\debug\deps\r8_6_decommit_boundary-4090af90cee62c2f.exe)

running 3 tests
test primordial_meta_end_recovers_payload_vs_old_over_alignment ... ok
test small_meta_end_recovers_payload_vs_old_over_alignment ... ok
test decommit_recommit_round_trip_near_payload_start ... ok

test result: ok. 3 passed; 0 failed; 0 ignored; 0 measured; 0 filtered out; finished in 0.02s

     Running tests\r8_autonomous_maintenance.rs (target-ph7b\debug\deps\r8_autonomous_maintenance-a9ec15b8d236888b.exe)

running 1 test
test autonomous_maintenance_global_alloc ... ok

test result: ok. 1 passed; 0 failed; 0 ignored; 0 measured; 0 filtered out; finished in 1.49s

     Running tests\r8_global_box_provenance.rs (target-ph7b\debug\deps\r8_global_box_provenance-9f9f21d193aa5d34.exe)

running 0 tests

test result: ok. 0 passed; 0 failed; 0 ignored; 0 measured; 0 filtered out; finished in 0.00s

     Running tests\r8_large_alignment.rs (target-ph7b\debug\deps\r8_large_alignment-0493b98d2b3fbbda.exe)

running 2 tests
test narrow_payload_pointer_uses_owner_canonical_root ... ok
test oversegment_alignment_preserves_geometry_and_realloc_prefix ... ok

test result: ok. 2 passed; 0 failed; 0 ignored; 0 measured; 0 filtered out; finished in 0.01s

     Running tests\r8_maintenance_registry.rs (target-ph7b\debug\deps\r8_maintenance_registry-9e24985124e390c1.exe)

running 1 test
test bounded_scan_skips_uninitialized_busy_and_absent_slots ... ok

test result: ok. 1 passed; 0 failed; 0 ignored; 0 measured; 0 filtered out; finished in 0.00s

     Running tests\r8_os_release_oracle.rs (target-ph7b\debug\deps\r8_os_release_oracle-3ec8072d851d5b9e.exe)

running 1 test
test owner_exit_last_remote_free_returns_exact_os_tokens ... ok

test result: ok. 1 passed; 0 failed; 0 ignored; 0 measured; 0 filtered out; finished in 1.17s

     Running tests\r8_owner_sidecar_miss.rs (target-ph7b\debug\deps\r8_owner_sidecar_miss-1f340fe5f774a948.exe)

running 5 tests
test magazine_hit_does_not_sweep_sidecar_words ... ok
test zeroed_only_refill_consumes_terminal_small_and_clears_reused_bytes ... ok
test magazine_refill_miss_consumes_terminal_small_once ... ok
test small_free_list_miss_consumes_terminal_publication_without_explicit_sweep ... ok
test zeroed_large_cold_path_consumes_terminal_obligation_before_cache_reuse ... ok

test result: ok. 5 passed; 0 failed; 0 ignored; 0 measured; 0 filtered out; finished in 0.00s

     Running tests\r8_standalone_alloc_core.rs (target-ph7b\debug\deps\r8_standalone_alloc_core-fbda2dfcaacae69d.exe)

running 1 test
test ordinary_standalone_core_allocates_frees_and_reissues_with_production_features ... ok

test result: ok. 1 passed; 0 failed; 0 ignored; 0 measured; 0 filtered out; finished in 0.00s

     Running tests\r8_terminal_global.rs (target-ph7b\debug\deps\r8_terminal_global-fa8f828c70ef3b9d.exe)

running 6 tests
test overalign_registration_failure_rolls_back_without_consuming_source ... ok
test paused_foreign_producer_does_not_block_strict_trim ... ok
test foreign_overaligned_realloc_preserves_prefix_and_failure_source ... ok
test foreign_batch_terminal_free_uses_actual_payload_routes ... ok
test globalalloc_foreign_terminal_free_is_visible_to_strict_trim ... ok

running 1 test
test fallback_direct_free_before_service_and_busy_terminal_publication ... ok

test result: ok. 1 passed; 0 failed; 0 ignored; 0 measured; 5 filtered out; finished in 0.00s

test fallback_direct_free_before_service_and_busy_terminal_publication ... ok

test result: ok. 6 passed; 0 failed; 0 ignored; 0 measured; 0 filtered out; finished in 0.01s

     Running tests\r9_8_directory_drift_recovery.rs (target-ph7b\debug\deps\r9_8_directory_drift_recovery-0cfc8ad21ad9dcaa.exe)

running 0 tests

test result: ok. 0 passed; 0 failed; 0 ignored; 0 measured; 0 filtered out; finished in 0.00s

     Running tests\r9_bounded_background_maintenance.rs (target-ph7b\debug\deps\r9_bounded_background_maintenance-4855fd3909048669.exe)

running 10 tests
test negative_control_preterminal_hint_loses_the_late_publication ... ok
test heap_worker_hook_uses_persistent_cursor_across_visits ... ok
test null_slot_and_reused_large_route_charge_one_unit_each ... ok
test busy_fallback_skips_then_keeps_its_numeric_progress ... ok
test idle_work_is_budgeted_and_strict_drain_stays_full ... ok
test one_real_small_word_cut_retires_once ... ok
test growing_high_water_after_a_round_is_visited_next_round ... ok
test one_unit_cursor_retires_early_and_late_words_once ... ok
test late_publication_after_idle_round_is_seen_without_a_hint ... ok
test reused_table_index_with_smaller_small_high_water_skips_stale_word ... ok

test result: ok. 10 passed; 0 failed; 0 ignored; 0 measured; 0 filtered out; finished in 0.01s

     Running tests\r9_diagnostic_reader_kinds.rs (target-ph7b\debug\deps\r9_diagnostic_reader_kinds-61a55c28136236d1.exe)

running 3 tests
test small_still_exposes_real_head_and_free_bit ... ok
test large_has_no_small_freelist_head ... ok
test large_has_no_small_free_bit ... ok

test result: ok. 3 passed; 0 failed; 0 ignored; 0 measured; 0 filtered out; finished in 0.00s

     Running tests\race_norecycle.rs (target-ph7b\debug\deps\race_norecycle-e3fe9c1e58b90e68.exe)

running 1 test
test cross_thread_reclaim_no_recycle ... ok

test result: ok. 1 passed; 0 failed; 0 ignored; 0 measured; 0 filtered out; finished in 0.10s

     Running tests\race_repro.rs (target-ph7b\debug\deps\race_repro-999b4133300fcf89.exe)

running 3 tests
test drain_reclaim_uaf_repro_direct_api ... ok
test drain_reclaim_uaf_repro_long_lived_consumer ... ok
test drain_reclaim_uaf_repro_tight_handoff ... ok

test result: ok. 3 passed; 0 failed; 0 ignored; 0 measured; 0 filtered out; finished in 0.71s

     Running tests\realloc_in_place.rs (target-ph7b\debug\deps\realloc_in_place-d04abf63506e68f1.exe)

running 5 tests
test realloc_cross_class_up_moves_and_preserves_data ... ok
test realloc_shrink_cross_class_down_relocates_and_preserves_data ... ok
test realloc_shrink_within_same_class_returns_same_ptr ... ok
test realloc_same_size_returns_same_ptr ... ok
test realloc_large_to_large_preserves_data ... ok

test result: ok. 5 passed; 0 failed; 0 ignored; 0 measured; 0 filtered out; finished in 0.00s

     Running tests\region_invariants.rs (target-ph7b\debug\deps\region_invariants-f005fc05ae022add.exe)

running 6 tests
test clear_invalidates_all_handles ... ok
test drops_each_value_exactly_once ... ok
test get_mut_mutates_in_place ... ok
test stale_handle_after_reuse_is_none ... ok
test handle_from_different_region_is_rejected_on_every_accessor ... ok
test insert_get_remove_keeps_others_valid ... ok

test result: ok. 6 passed; 0 failed; 0 ignored; 0 measured; 0 filtered out; finished in 0.00s

     Running tests\registry_basic.rs (target-ph7b\debug\deps\registry_basic-15392971fcecaea4.exe)

running 5 tests
test heap_slot_is_sync ... ok
test bootstrap_is_idempotent ... ok
test recycle_then_claim_reuses_slot_and_bumps_generation ... ok
test latest_hint_then_fresh_defers_older_free ... ok
test claim_yields_distinct_live_slots ... ok

test result: ok. 5 passed; 0 failed; 0 ignored; 0 measured; 0 filtered out; finished in 0.01s

     Running tests\regression_alloc_zeroed_fresh.rs (target-ph7b\debug\deps\regression_alloc_zeroed_fresh-295748b57223c273.exe)

running 2 tests
test alloc_zeroed_is_all_zero_after_reuse ... ok
test alloc_zeroed_is_all_zero_fresh ... ok

test result: ok. 2 passed; 0 failed; 0 ignored; 0 measured; 0 filtered out; finished in 0.02s

     Running tests\regression_batch_flush.rs (target-ph7b\debug\deps\regression_batch_flush-9b7b85d9a6c76b8a.exe)

running 5 tests
test a_ring_df_block_is_skipped_by_flush ... ok
test b_multi_segment_flush_routes_per_segment ... ok
test c_decommit_fires_once_per_emptied_segment ... ok
test c_partial_flush_live_count_exact ... ok
test d_second_run_after_mid_batch_recycle_is_skipped_not_uaf ... ok

test result: ok. 5 passed; 0 failed; 0 ignored; 0 measured; 0 filtered out; finished in 0.04s

     Running tests\regression_batch_freelist_drain.rs (target-ph7b\debug\deps\regression_batch_freelist_drain-dbbca57bc9309ba5.exe)

running 4 tests
test partial_and_bounded_drain_set_head_correct ... ok
test drained_blocks_are_allocated_and_double_free_noop_16b ... ok
test drained_blocks_are_allocated_and_double_free_noop_256b ... ok
test d1_batch_drain_exact_cold_free_recycle ... ok

test result: ok. 4 passed; 0 failed; 0 ignored; 0 measured; 0 filtered out; finished in 0.05s

     Running tests\regression_bootstrap_oom_sentinel_rollback.rs (target-ph7b\debug\deps\regression_bootstrap_oom_sentinel_rollback-88684de7f931f07f.exe)

running 1 test
test oom_bailout_rollback_clears_chunk_sentinel_not_stuck ... ok

test result: ok. 1 passed; 0 failed; 0 ignored; 0 measured; 0 filtered out; finished in 0.00s

     Running tests\regression_bump_direct_refill.rs (target-ph7b\debug\deps\regression_bump_direct_refill-7d9d1a3399011c68.exe)

running 3 tests
test cold_storm_free_storm_churn_256b ... ok
test d1_cold_storm_then_free_decommits ... ok
test cold_storm_free_storm_churn_16b ... ok

test result: ok. 3 passed; 0 failed; 0 ignored; 0 measured; 0 filtered out; finished in 0.02s

     Running tests\regression_c3_unbounded_recycle.rs (target-ph7b\debug\deps\regression_c3_unbounded_recycle-464531594b67da61.exe)

running 1 test
test unbounded_recycle_within_single_scan ... ok

test result: ok. 1 passed; 0 failed; 0 ignored; 0 measured; 0 filtered out; finished in 0.42s

     Running tests\regression_carve_batch.rs (target-ph7b\debug\deps\regression_carve_batch-e214d386cb9b7b47.exe)

running 6 tests
test mixed_drain_then_carve_refill_roundtrips ... ok
test carve_batch_len_bound ... ok
test carve_batch_wellformed_medium_n8 ... ok
test carve_batch_wellformed_16b_n16 ... ok
test carve_batch_wellformed_64b_n64 ... ok
test carve_batch_wellformed_16b_n256 ... ok

test result: ok. 6 passed; 0 failed; 0 ignored; 0 measured; 0 filtered out; finished in 0.00s

     Running tests\regression_claim_oom_initialised_gate.rs (target-ph7b\debug\deps\regression_claim_oom_initialised_gate-d34a48879823a244.exe)

running 3 tests
test reclaim_after_simulated_oom_still_materialises ... ok
test simulated_oom_does_not_leak_the_slot ... ok
test simulated_oom_leaves_initialised_false ... ok

test result: ok. 3 passed; 0 failed; 0 ignored; 0 measured; 0 filtered out; finished in 0.00s

     Running tests\regression_counter_wrap.rs (target-ph7b\debug\deps\regression_counter_wrap-5189b08dfd43e65b.exe)

running 1 test
test generation_crosses_u32_boundary_as_u64 ... ok

test result: ok. 1 passed; 0 failed; 0 ignored; 0 measured; 0 filtered out; finished in 0.00s

     Running tests\regression_dealloc_batch_promoted_large_free.rs (target-ph7b\debug\deps\regression_dealloc_batch_promoted_large_free-5a903a8910d6943d.exe)

running 0 tests

test result: ok. 0 passed; 0 failed; 0 ignored; 0 measured; 0 filtered out; finished in 0.00s

     Running tests\regression_dealloc_metadata_region_guard.rs (target-ph7b\debug\deps\regression_dealloc_metadata_region_guard-bf1d68a44c39befe.exe)

running 1 test
test dealloc_metadata_region_offsets_are_noop ... ok

test result: ok. 1 passed; 0 failed; 0 ignored; 0 measured; 0 filtered out; finished in 0.00s

     Running tests\regression_exact_256_class.rs (target-ph7b\debug\deps\regression_exact_256_class-bd989bd98f07a64a.exe)

running 2 tests
test class_for_256_resolves_to_block_size_256 ... ok
test alloc_256_roundtrips_and_frees ... ok

test result: ok. 2 passed; 0 failed; 0 ignored; 0 measured; 0 filtered out; finished in 0.00s

     Running tests\regression_fallback_init_unwind_guard.rs (target-ph7b\debug\deps\regression_fallback_init_unwind_guard-587b1276d42bbf95.exe)

running 1 test
test fallback_init_panic_rolls_back_state_not_wedged ... ok

test result: ok. 1 passed; 0 failed; 0 ignored; 0 measured; 0 filtered out; finished in 0.00s

     Running tests\regression_fallback_panic_lock.rs (target-ph7b\debug\deps\regression_fallback_panic_lock-6bd18c08737a021f.exe)

running 1 test
test fallback_lock_not_wedged_by_panic ... ok

test result: ok. 1 passed; 0 failed; 0 ignored; 0 measured; 0 filtered out; finished in 0.00s

     Running tests\regression_fastbin_aligned_roundtrip.rs (target-ph7b\debug\deps\regression_fastbin_aligned_roundtrip-6f0fc327340897ce.exe)

running 2 tests
test c1_align_over_16_correctness ... ok
test c1_align_over_16_hits_magazine ... ok

test result: ok. 2 passed; 0 failed; 0 ignored; 0 measured; 0 filtered out; finished in 0.00s

     Running tests\regression_flush_class_unsafe_boundary.rs (target-ph7b\debug\deps\regression_flush_class_unsafe_boundary-c37c6202bf7fec5a.exe)

running 2 tests
test dbg_freelist_head_for_rejects_out_of_range_class_without_oob_read ... ok
test flush_class_is_unsafe_fn_boundary_compiles_only_in_unsafe_block ... ok

test result: ok. 2 passed; 0 failed; 0 ignored; 0 measured; 0 filtered out; finished in 0.00s

     Running tests\regression_free_path_chunk_oom_graceful.rs (target-ph7b\debug\deps\regression_free_path_chunk_oom_graceful-06a62bdd1f55aa7f.exe)

running 2 tests
test chunk_oom_on_free_path_returns_gracefully_not_abort ... ok
test oom_injection_flag_is_clean_after_test ... ok

test result: ok. 2 passed; 0 failed; 0 ignored; 0 measured; 0 filtered out; finished in 0.00s

     Running tests\regression_freelist_next_validation.rs (target-ph7b\debug\deps\regression_freelist_next_validation-c296b5f74b8ae493.exe)

running 2 tests
test pop_free_rejects_out_of_segment_next ... ok
test drain_freelist_batch_rejects_out_of_segment_next ... ok

test result: ok. 2 passed; 0 failed; 0 ignored; 0 measured; 0 filtered out; finished in 0.00s

     Running tests\regression_gen_table_layout.rs (target-ph7b\debug\deps\regression_gen_table_layout-b2a170f2a20c4c93.exe)

running 4 tests
test footprint_matches_constant_derivation ... ok
test relaxed_rmw_is_coherent ... ok
test distinct_granules_are_independent ... ok
test gen_roundtrip_and_wrap ... ok

test result: ok. 4 passed; 0 failed; 0 ignored; 0 measured; 0 filtered out; finished in 0.00s

     Running tests\regression_gen_table_lifecycle_seams.rs (target-ph7b\debug\deps\regression_gen_table_lifecycle_seams-575ad7037528d3cc.exe)

running 2 tests
test fresh_segment_gen_table_is_zeroed ... ok
test recycled_segment_sidecar_drain_is_safe ... ok

test result: ok. 2 passed; 0 failed; 0 ignored; 0 measured; 0 filtered out; finished in 2.46s

     Running tests\regression_hardened_interior_ptr.rs (target-ph7b\debug\deps\regression_hardened_interior_ptr-bac906431372428a.exe)

running 2 tests
test interior_ptr_free_is_noop ... ok
test interior_ptr_free_substrate_is_noop ... ok

test result: ok. 2 passed; 0 failed; 0 ignored; 0 measured; 0 filtered out; finished in 0.01s

     Running tests\regression_hardened_large_kind_own_free.rs (target-ph7b\debug\deps\regression_hardened_large_kind_own_free-de2d4631b6826f07.exe)

running 4 tests
test large_ptr_small_layout_free_is_noop_branch_a ... ok
test promoted_large_matching_free_actually_frees ... ok
test promoted_large_same_size_wrong_align_free_is_noop_branch_a ... ok
test large_ptr_small_layout_free_is_noop ... ok

test result: ok. 4 passed; 0 failed; 0 ignored; 0 measured; 0 filtered out; finished in 0.01s

     Running tests\regression_inplace_large_realloc.rs (target-ph7b\debug\deps\regression_inplace_large_realloc-e846794abdf4db18.exe)

running 7 tests
test inplace_grow_stores_clamped_large_size_for_tiny_huge_aligned ... ok
test same_size_large_realloc_returns_same_ptr ... ok
test shrink_large_does_not_pin ... ok
test grow_within_span_returns_same_ptr ... ok
test dealloc_after_inplace_grow_then_reuse ... ok
test grow_beyond_span_relocates_and_preserves ... ok
test shrink_large_to_smaller_large_relocates_and_preserves ... ok

test result: ok. 7 passed; 0 failed; 0 ignored; 0 measured; 0 filtered out; finished in 0.01s

     Running tests\regression_large_align_no_segment_exhaustion.rs (target-ph7b\debug\deps\regression_large_align_no_segment_exhaustion-8d6e850562d7e13f.exe)

running 2 tests
test many_align128_allocations_do_not_exhaust_segment_table ... ok
test align64_and_align256_also_resolve_to_small_path ... ok

test result: ok. 2 passed; 0 failed; 0 ignored; 0 measured; 0 filtered out; finished in 0.01s

     Running tests\regression_large_cache_multi_size_cycle.rs (target-ph7b\debug\deps\regression_large_cache_multi_size_cycle-6dd4c56b321dcd13.exe)

running 1 test
test multi_size_cycle_produces_cache_hits ... ok

test result: ok. 1 passed; 0 failed; 0 ignored; 0 measured; 0 filtered out; finished in 0.01s

     Running tests\regression_large_cache_span_usable_stable.rs (target-ph7b\debug\deps\regression_large_cache_span_usable_stable-d3447e78f4c7c3b4.exe)

running 1 test
test cache_hit_reuse_preserves_physical_span_usable ... ok

test result: ok. 1 passed; 0 failed; 0 ignored; 0 measured; 0 filtered out; finished in 0.00s

     Running tests\regression_magazine_bump_guard.rs (target-ph7b\debug\deps\regression_magazine_bump_guard-34cd6405e3791932.exe)

running 1 test
test bogus_uncarved_free_is_noop ... ok

test result: ok. 1 passed; 0 failed; 0 ignored; 0 measured; 0 filtered out; finished in 0.01s

     Running tests\regression_magazine_oracles.rs (target-ph7b\debug\deps\regression_magazine_oracles-9ec6e3edbe708fbb.exe)

running 4 tests
test flushed_double_free_is_noop ... ok
test in_magazine_double_free_is_noop ... ok
test legit_free_after_pop_is_not_swallowed ... ok
test flushed_double_free_with_garbage_word1_is_noop ... ok

test result: ok. 4 passed; 0 failed; 0 ignored; 0 measured; 0 filtered out; finished in 0.00s

     Running tests\regression_magazine_scan_bounds.rs (target-ph7b\debug\deps\regression_magazine_scan_bounds-fbe5104895878115.exe)

running 1 test
test legit_free_with_stale_copy_at_index_ge_cnt_is_not_swallowed ... ok

test result: ok. 1 passed; 0 failed; 0 ignored; 0 measured; 0 filtered out; finished in 0.00s

     Running tests\regression_magic_at_atomic_load.rs (target-ph7b\debug\deps\regression_magic_at_atomic_load-a8102488ad2ae830.exe)

running 1 test
test magic_at_atomic_load_survives_recycle_xthread_race ... ok

test result: ok. 1 passed; 0 failed; 0 ignored; 0 measured; 0 filtered out; finished in 0.00s

     Running tests\regression_own_segment_cache_invalidation.rs (target-ph7b\debug\deps\regression_own_segment_cache_invalidation-9bc30cfc4a857859.exe)

running 1 test
test recycle_evicts_own_segment_cache_no_stale_hit ... ok

test result: ok. 1 passed; 0 failed; 0 ignored; 0 measured; 0 filtered out; finished in 0.11s

     Running tests\regression_own_thread_large_no_leak.rs (target-ph7b\debug\deps\regression_own_thread_large_no_leak-c9751d0379cc2658.exe)

running 1 test
test own_thread_large_dealloc_no_leak_with_decommit_admission_reject ... ok

test result: ok. 1 passed; 0 failed; 0 ignored; 0 measured; 0 filtered out; finished in 0.16s

     Running tests\regression_page_aligned_no_segment_exhaustion.rs (target-ph7b\debug\deps\regression_page_aligned_no_segment_exhaustion-438163fcf8bb57c6.exe)

running 2 tests
test small_page_aligned_shapes_resolve_to_small_class_not_large ... ok
test page_aligned_allocations_do_not_exhaust_segment_table ... ok

test result: ok. 2 passed; 0 failed; 0 ignored; 0 measured; 0 filtered out; finished in 0.03s

     Running tests\regression_paused_owner_multisegment.rs (target-ph7b\debug\deps\regression_paused_owner_multisegment-456fe815ec5b0b32.exe)

running 1 test
test paused_owner_multisegment_interleave_completes_fast ... ok

test result: ok. 1 passed; 0 failed; 0 ignored; 0 measured; 0 filtered out; finished in 0.19s

     Running tests\regression_paused_owner_wallclock.rs (target-ph7b\debug\deps\regression_paused_owner_wallclock-e69327d2f6d3c4b3.exe)

running 1 test
test paused_owner_sustained_saturation_completes_fast ... ok

test result: ok. 1 passed; 0 failed; 0 ignored; 0 measured; 0 filtered out; finished in 0.01s

     Running tests\regression_percounter_perheap_aggregation.rs (target-ph7b\debug\deps\regression_percounter_perheap_aggregation-d1b7f758c3fbabf5.exe)

running 2 tests
test tcache_hits_aggregate_across_multiple_heaps ... ok
test tcache_hits_single_heap_matches_local_and_global ... ok

test result: ok. 2 passed; 0 failed; 0 ignored; 0 measured; 0 filtered out; finished in 0.00s

     Running tests\regression_r1_01_magazine_free_budget.rs (target-ph7b\debug\deps\regression_r1_01_magazine_free_budget-f21225c1e861c544.exe)

running 2 tests
test large_small_class_free_side_park_is_bounded_by_byte_budget ... ok
test small_class_free_side_park_unaffected_still_fills_tcache_cap ... ok

test result: ok. 2 passed; 0 failed; 0 ignored; 0 measured; 0 filtered out; finished in 0.00s

     Running tests\regression_r2_01_segment_bases_lifetime.rs (target-ph7b\debug\deps\regression_r2_01_segment_bases_lifetime-29d146926184e4b7.exe)

running 1 test
test segment_bases_iterator_outliving_owner_must_not_compile ... ok

test result: ok. 1 passed; 0 failed; 0 ignored; 0 measured; 0 filtered out; finished in 4.07s

     Running tests\regression_r2_02_epoch_region_non_send_value.rs (target-ph7b\debug\deps\regression_r2_02_epoch_region_non_send_value-e0843b7deac4fbe0.exe)

running 1 test
test epoch_region_insert_of_non_send_value_must_not_compile ... ok

test result: ok. 1 passed; 0 failed; 0 ignored; 0 measured; 0 filtered out; finished in 4.38s

     Running tests\regression_r2_03_cross_instance_identity.rs (target-ph7b\debug\deps\regression_r2_03_cross_instance_identity-c5f403a0e8a15739.exe)

running 7 tests
test lock_free_cross_instance_vacant_target_is_rejected_without_state_change ... ok
test lock_free_cross_instance_occupied_target_is_rejected_without_state_change ... ok
test epoch_cross_instance_vacant_target_is_rejected_without_state_change ... ok
test epoch_cross_instance_saturated_target_is_rejected_without_state_change ... ok
test sharded_cross_instance_vacant_target_is_rejected_without_state_change ... ok
test epoch_cross_instance_occupied_target_is_rejected_without_state_change ... ok
test sharded_cross_instance_occupied_target_is_rejected_without_state_change ... ok

test result: ok. 7 passed; 0 failed; 0 ignored; 0 measured; 0 filtered out; finished in 0.00s

     Running tests\regression_r2_04_generation_setter_lockdown.rs (target-ph7b\debug\deps\regression_r2_04_generation_setter_lockdown-7124b92fb5badedf.exe)

running 2 tests
test set_slot_generation_for_tests_still_works_on_a_genuinely_vacant_slot ... ok
test set_slot_generation_for_tests_panics_on_occupied_slot - should panic ... ok

test result: ok. 2 passed; 0 failed; 0 ignored; 0 measured; 0 filtered out; finished in 0.00s

     Running tests\regression_r2_05_diag_provenance.rs (target-ph7b\debug\deps\regression_r2_05_diag_provenance-30eae7407ad32a21.exe)

running 7 tests
test dbg_committed_payload_end_for_sound_under_provenance_less_input ... ok
test dbg_payload_virgin_for_sound_under_provenance_less_input ... ok
test dbg_node_id_for_returns_none_on_a_genuinely_foreign_address ... ok
test dbg_node_id_for_sound_under_provenance_less_input ... ok
test dbg_page_map_class_for_sound_under_provenance_less_input ... ok
test dbg_owner_id_for_sound_under_provenance_less_input ... ok
test dbg_directory_bit_for_ptr_sound_under_provenance_less_input ... ok

test result: ok. 7 passed; 0 failed; 0 ignored; 0 measured; 0 filtered out; finished in 0.00s

     Running tests\regression_r2_05_diag_provenance_miri.rs (target-ph7b\debug\deps\regression_r2_05_diag_provenance_miri-c12ba073c2493fd8.exe)

running 9 tests
test dbg_freelist_head_for_sound_under_provenance_less_input ... ok
test dbg_reserved_capacity_of_sound_under_provenance_less_input ... ok
test dbg_span_usable_of_sound_under_provenance_less_input ... ok
test dbg_is_free_for_sound_under_provenance_less_input ... ok
test dbg_kind_at_tag_sound_under_provenance_less_input ... ok
test dbg_kind_byte_of_sound_under_provenance_less_input ... ok
test dbg_large_size_of_sound_under_provenance_less_input ... ok
test dbg_kind_byte_of_panics_cleanly_on_a_genuinely_foreign_address ... ok
test dbg_segment_id_of_sound_under_provenance_less_input ... ok

test result: ok. 9 passed; 0 failed; 0 ignored; 0 measured; 0 filtered out; finished in 0.00s

     Running tests\regression_r2_06_header_race_miri.rs (target-ph7b\debug\deps\regression_r2_06_header_race_miri-673c475a6786c8f7.exe)

running 1 test
test owner_reconciliation_walk_overlaps_remote_large_free ... ok

test result: ok. 1 passed; 0 failed; 0 ignored; 0 measured; 0 filtered out; finished in 0.00s

     Running tests\regression_r2_08_global_allocator_path_no_unwind.rs (target-ph7b\debug\deps\regression_r2_08_global_allocator_path_no_unwind-a0dc8cebebe17508.exe)

running 1 test
test global_allocator_bind_on_config_conflict_does_not_panic ... ok

test result: ok. 1 passed; 0 failed; 0 ignored; 0 measured; 0 filtered out; finished in 0.02s

     Running tests\regression_r2_08_globalalloc_no_unwind.rs (target-ph7b\debug\deps\regression_r2_08_globalalloc_no_unwind-d2474e97bdb19a15.exe)

running 5 tests
test direct_alloc_on_config_conflict_bind_does_not_unwind ... ok
test direct_alloc_zeroed_on_config_conflict_bind_does_not_unwind ... ok
test direct_realloc_on_config_conflict_bind_does_not_unwind ... ok
test extreme_valid_layouts_never_unwind_steady_state ... ok
test registry_claim_with_config_conflict_returns_normally ... ok

test result: ok. 5 passed; 0 failed; 0 ignored; 0 measured; 0 filtered out; finished in 0.20s

     Running tests\regression_r2_11_stats_no_materialize.rs (target-ph7b\debug\deps\regression_r2_11_stats_no_materialize-9db79264e333f8f3.exe)

running 1 test
test stats_does_not_materialise_a_not_yet_claimed_chunk ... ok

test result: ok. 1 passed; 0 failed; 0 ignored; 0 measured; 0 filtered out; finished in 0.00s

     Running tests\regression_r2_12_sidecar_leak.rs (target-ph7b\debug\deps\regression_r2_12_sidecar_leak-4e17dfe8759539f6.exe)

running 2 tests
test standalone_directory_sidecar_churn_releases_every_span ... ok
test standalone_large_cache_extension_sidecar_churn_releases_every_span ... ok

test result: ok. 2 passed; 0 failed; 0 ignored; 0 measured; 0 filtered out; finished in 0.12s

     Running tests\regression_r2_15_virgin_mask_zeroed_and_bounded.rs (target-ph7b\debug\deps\regression_r2_15_virgin_mask_zeroed_and_bounded-0afb2d92a7c3ccdc.exe)

running 5 tests
test zero_len_refill_zeroes_even_a_poisoned_mask ... ok
test recycled_then_fresh_mixed_refill_mask_is_exact ... ok
test fully_recycled_refill_mask_is_all_clear ... ok
test out_len_32_panics_in_every_profile - should panic ... ok
test out_len_17_panics_in_every_profile - should panic ... ok

test result: ok. 5 passed; 0 failed; 0 ignored; 0 measured; 0 filtered out; finished in 0.00s

     Running tests\regression_r2_17_64bit_target_gate.rs (target-ph7b\debug\deps\regression_r2_17_64bit_target_gate-ee764ee7e246fdac.exe)

running 2 tests
test unsupported_32bit_target_region_only_surface_still_compiles ... ok
test unsupported_32bit_target_with_alloc_features_is_rejected_by_gate ... ok

test result: ok. 2 passed; 0 failed; 0 ignored; 0 measured; 0 filtered out; finished in 4.52s

     Running tests\regression_r2_20_lock_free_rejected_no_cow.rs (target-ph7b\debug\deps\regression_r2_20_lock_free_rejected_no_cow-4b17aa2425d216ee.exe)

running 1 test
test rejected_lock_free_remove_and_contains_allocate_nothing ... ok

test result: ok. 1 passed; 0 failed; 0 ignored; 0 measured; 0 filtered out; finished in 0.00s

     Running tests\regression_r2_21_epoch_drain_buffer_reuse.rs (target-ph7b\debug\deps\regression_r2_21_epoch_drain_buffer_reuse-93e03bd7b56d4269.exe)

running 2 tests
test full_drain_via_swap_keeps_len_and_reuse_accounting_correct ... ok
test remote_free_drain_reuses_queue_buffer_across_cycles ... ok

test result: ok. 2 passed; 0 failed; 0 ignored; 0 measured; 0 filtered out; finished in 0.00s

     Running tests\regression_r2_3_dbg_accessors_membership_guard.rs (target-ph7b\debug\deps\regression_r2_3_dbg_accessors_membership_guard-97772070f7cbd460.exe)

running 1 test
test dbg_accessors_reject_foreign_segment ... ok

test result: ok. 1 passed; 0 failed; 0 ignored; 0 measured; 0 filtered out; finished in 0.00s

     Running tests\regression_r2_3_gen_table_index_guard.rs (target-ph7b\debug\deps\regression_r2_3_gen_table_index_guard-c7f95e44e0e6c275.exe)

running 1 test
test gen_at_rejects_out_of_range_offset ... ok

test result: ok. 1 passed; 0 failed; 0 ignored; 0 measured; 0 filtered out; finished in 0.00s

     Running tests\regression_r3a_stats_walk_compiled_out.rs (target-ph7b\debug\deps\regression_r3a_stats_walk_compiled_out-3bb240b85923d9dc.exe)

running 0 tests

test result: ok. 0 passed; 0 failed; 0 ignored; 0 measured; 0 filtered out; finished in 0.00s

     Running tests\regression_r4_2_null_base_foreign_guard.rs (target-ph7b\debug\deps\regression_r4_2_null_base_foreign_guard-501ef6c54cad9fcb.exe)

running 2 tests
test dealloc_foreign_garbage_null_base_is_safe_noop ... ok
test realloc_foreign_garbage_null_base_returns_null ... ok

test result: ok. 2 passed; 0 failed; 0 ignored; 0 measured; 0 filtered out; finished in 0.00s

     Running tests\regression_r4_2_refill_return_clamp.rs (target-ph7b\debug\deps\regression_r4_2_refill_return_clamp-8d49e0cb09b5afcc.exe)

running 1 test
test t_refill_return_never_exceeds_outlen_contracted ... ok

test result: ok. 1 passed; 0 failed; 0 ignored; 0 measured; 0 filtered out; finished in 0.00s

     Running tests\regression_r4_3_config_conflict.rs (target-ph7b\debug\deps\regression_r4_3_config_conflict-ebc88bc60806c18d.exe)

running 3 tests
test config_conflict_detected_on_recycled_slot ... ok
test slot_not_leaked_after_config_conflict_panic ... ok
test matching_config_does_not_trigger_conflict_signal ... ok

test result: ok. 3 passed; 0 failed; 0 ignored; 0 measured; 0 filtered out; finished in 0.00s

     Running tests\regression_r4_3_teardown_trim.rs (target-ph7b\debug\deps\regression_r4_3_teardown_trim-91125d135ff3ecfe.exe)

running 1 test
test teardown_trim_releases_retained_large_cache_spans ... ok

test result: ok. 1 passed; 0 failed; 0 ignored; 0 measured; 0 filtered out; finished in 0.01s

     Running tests\regression_r5_01_alloc_global_cross_thread.rs (target-ph7b\debug\deps\regression_r5_01_alloc_global_cross_thread-85ef2bfa99a91af5.exe)

running 5 tests
test alloc_global_implies_alloc_xthread ... ok
test cross_thread_realloc_succeeds_and_preserves_prefix ... ok
test cross_thread_small_free_bounds_segment_growth ... ok
test cross_thread_small_free_does_not_hit_foreign_or_unroutable_frees ... ok
test cross_thread_large_free_reclaims_segments ... ok

test result: ok. 5 passed; 0 failed; 0 ignored; 0 measured; 0 filtered out; finished in 0.08s

     Running tests\regression_realloc_cross_class_shrink.rs (target-ph7b\debug\deps\regression_realloc_cross_class_shrink-491afe1e0ceaa546.exe)

running 1 test
test realloc_cross_class_shrink_relocates_not_aliases ... ok

test result: ok. 1 passed; 0 failed; 0 ignored; 0 measured; 0 filtered out; finished in 0.00s

     Running tests\regression_realloc_foreign_pointer_null.rs (target-ph7b\debug\deps\regression_realloc_foreign_pointer_null-ea7789d21e6eccc1.exe)

running 2 tests
test realloc_of_foreign_pointer_returns_null ... ok
test realloc_of_foreign_pointer_does_not_touch_foreign_memory_or_allocator_state ... ok

test result: ok. 2 passed; 0 failed; 0 ignored; 0 measured; 0 filtered out; finished in 0.00s

     Running tests\regression_realloc_heap_oob.rs (target-ph7b\debug\deps\regression_realloc_heap_oob-77b79427fdd3c6fe.exe)

running 3 tests
test heap_realloc_foreign_sefer_ptr_correct_layout_succeeds ... ok
test heap_realloc_foreign_sefer_ptr_oversized_layout_returns_null ... ok
test heap_realloc_own_seg_oversized_layout_returns_null ... ok

test result: ok. 3 passed; 0 failed; 0 ignored; 0 measured; 0 filtered out; finished in 0.00s

     Running tests\regression_realloc_inplace_global.rs (target-ph7b\debug\deps\regression_realloc_inplace_global-80a085fd68e4feb9.exe)

running 2 tests
test c2_cross_class_shrink_relocates_and_preserves_data ... ok
test c2_same_class_realloc_is_inplace ... ok

test result: ok. 2 passed; 0 failed; 0 ignored; 0 measured; 0 filtered out; finished in 0.00s

     Running tests\regression_realloc_oob_old_layout.rs (target-ph7b\debug\deps\regression_realloc_oob_old_layout-ad3728bd426aa2b0.exe)

running 3 tests
test realloc_with_oversized_old_layout_returns_null_not_oob ... ok
test legit_realloc_still_succeeds_under_the_bound ... ok
test realloc_large_block_filling_span_is_not_falsely_rejected ... ok

test result: ok. 3 passed; 0 failed; 0 ignored; 0 measured; 0 filtered out; finished in 0.00s

     Running tests\regression_realloc_xthread_stamp.rs (target-ph7b\debug\deps\regression_realloc_xthread_stamp-d4209b008756e1be.exe)

running 1 test
test realloc_grown_large_routes_remote_free_to_its_owner ... ok

test result: ok. 1 passed; 0 failed; 0 ignored; 0 measured; 0 filtered out; finished in 0.00s

     Running tests\regression_registry_chunking.rs (target-ph7b\debug\deps\regression_registry_chunking-10f1d338ef82ddb9.exe)

running 3 tests
test claiming_one_heap_does_not_materialise_unrelated_chunks ... ok
test slot_address_is_stable_across_recycle_from_different_thread ... ok
test slot_address_is_stable_across_recycle_under_chunking ... ok

test result: ok. 3 passed; 0 failed; 0 ignored; 0 measured; 0 filtered out; finished in 0.00s

     Running tests\regression_registry_initialised_gate.rs (target-ph7b\debug\deps\regression_registry_initialised_gate-7dbef7607f21e579.exe)

running 1 test
test concurrent_claim_and_aggregate_no_uninit_read ... ok

test result: ok. 1 passed; 0 failed; 0 ignored; 0 measured; 0 filtered out; finished in 0.00s

     Running tests\regression_resolver_branch_collapse.rs (target-ph7b\debug\deps\regression_resolver_branch_collapse-a8adc0c851524bb3.exe)

running 2 tests
test torn_sentinel_resolves_to_fallback_after_branch_collapse ... ok
test fresh_thread_null_local_binds_a_real_slot_not_fallback ... ok

test result: ok. 2 passed; 0 failed; 0 ignored; 0 measured; 0 filtered out; finished in 0.00s

     Running tests\regression_segment_table_tombstone_rebuild.rs (target-ph7b\debug\deps\regression_segment_table_tombstone_rebuild-72e30c53d0cccefa.exe)

running 2 tests
test backshift_no_latency_spike_at_threshold_boundary ... ignored, coarse wall-clock; flaky under concurrent test-binary CPU contention (docs/CORRECTNESS_OPEN_ITEMS.md item 3, resolved R23-6/task #375) — run manually with --ignored, or use npm run iai / the deterministic backshift_max_scan_steps_bounded_at_threshold_boundary test instead
test backshift_max_scan_steps_bounded_at_threshold_boundary ... ok

test result: ok. 1 passed; 0 failed; 1 ignored; 0 measured; 0 filtered out; finished in 0.05s

     Running tests\regression_stamp_metadata_unsafe_boundary.rs (target-ph7b\debug\deps\regression_stamp_metadata_unsafe_boundary-5bb89665cfd2e016.exe)

running 2 tests
test dbg_stamp_segment_id_is_unsafe_fn_boundary_and_restore_honoring_path_works ... ok
test dbg_stamp_kind_byte_is_unsafe_fn_boundary_and_restore_honoring_path_works ... ok

test result: ok. 2 passed; 0 failed; 0 ignored; 0 measured; 0 filtered out; finished in 0.00s

     Running tests\regression_t10_find_segment_multiseg_recovery.rs (target-ph7b\debug\deps\regression_t10_find_segment_multiseg_recovery-61ef8135956b04b5.exe)

running 2 tests
test find_segment_recovers_frees_through_segment_drain_transitions ... ok
test find_segment_recovers_frees_across_segments_without_missed_segment ... ok

test result: ok. 2 passed; 0 failed; 0 ignored; 0 measured; 0 filtered out; finished in 0.05s

     Running tests\regression_tcache_byte_budget.rs (target-ph7b\debug\deps\regression_tcache_byte_budget-d403df6aee0513ec.exe)

running 2 tests
test large_small_class_refill_bounded_by_byte_budget ... ok
test small_class_refill_unaffected_by_byte_budget ... ok

test result: ok. 2 passed; 0 failed; 0 ignored; 0 measured; 0 filtered out; finished in 0.00s

     Running tests\regression_virgin_bitmap_skip.rs (target-ph7b\debug\deps\regression_virgin_bitmap_skip-b10dd9fd166b1c94.exe)

running 3 tests
test t3_double_free_guard_still_correct_on_freshly_reserved_segment ... ok
test t1_primordial_bitmap_reads_zero_before_any_traffic ... ok
test t2_fresh_small_segment_bitmap_reads_zero_for_untouched_classes ... ok

test result: ok. 3 passed; 0 failed; 0 ignored; 0 measured; 0 filtered out; finished in 0.02s

     Running tests\regression_w3_stats_aliasing_miri.rs (target-ph7b\debug\deps\regression_w3_stats_aliasing_miri-186b527077e24c84.exe)

running 2 tests
test old_pattern_is_sb_ub ... ignored, counterfactual: intentionally Stacked-Borrows UB (the pre-W3 shape)
test w3_pattern_is_sb_clean ... ok

test result: ok. 1 passed; 0 failed; 1 ignored; 0 measured; 0 filtered out; finished in 0.00s

     Running tests\regression_xthread_large_free_no_leak.rs (target-ph7b\debug\deps\regression_xthread_large_free_no_leak-976e5ced93782a3b.exe)

running 1 test
test large_owner_slow_path_consumes_descriptor_obligation_before_cache_reuse ... ok

test result: ok. 1 passed; 0 failed; 0 ignored; 0 measured; 0 filtered out; finished in 0.00s

     Running tests\regression_xthread_small_ring_miri.rs (target-ph7b\debug\deps\regression_xthread_small_ring_miri-1a3c6d4817c47b66.exe)

running 1 test
test xthread_small_ring_two_producers_push_owner_drains ... ok

test result: ok. 1 passed; 0 failed; 0 ignored; 0 measured; 0 filtered out; finished in 0.00s

     Running tests\regression_xthread_thread_free_alias_miri.rs (target-ph7b\debug\deps\regression_xthread_thread_free_alias_miri-7c22d3725aed4dbf.exe)

running 1 test
test xthread_thread_free_write_overlaps_owner_alloc_mut ... ok

test result: ok. 1 passed; 0 failed; 0 ignored; 0 measured; 0 filtered out; finished in 0.00s

     Running tests\release_graph_no_fault_injection.rs (target-ph7b\debug\deps\release_graph_no_fault_injection-d1af36065418e0cd.exe)

running 2 tests
test commit_path_fault_hook_call_site_is_cfg_gated ... ok
test release_graph_has_no_fault_injection_and_test_graph_keeps_it ... ok

test result: ok. 2 passed; 0 failed; 0 ignored; 0 measured; 0 filtered out; finished in 0.31s

     Running tests\remote_fanin.rs (target-ph7b\debug\deps\remote_fanin-1ff447f527922bad.exe)

running 1 test
test paused_owner_fanin_retires_every_publication_exactly_once ... ok

test result: ok. 1 passed; 0 failed; 0 ignored; 0 measured; 0 filtered out; finished in 0.01s

     Running tests\sefer_alloc_examples.rs (target-ph7b\debug\deps\sefer_alloc_examples-13da8f91da29dce6.exe)

running 3 tests
test new_global_allocator_serves_allocs ... ok
test stats_doc_example_matches_runnable_form ... ok
test stats_snapshot_fields_are_readable ... ok

test result: ok. 3 passed; 0 failed; 0 ignored; 0 measured; 0 filtered out; finished in 0.00s

     Running tests\sefer_alloc_with_config.rs (target-ph7b\debug\deps\sefer_alloc_with_config-64aea6b3c72fca3a.exe)

running 4 tests
test small_allocs_work ... ok
test single_instance_config_consistent_across_threads ... ok
test large_alloc_through_configured_global ... ok
test multiple_allocs_and_frees ... ok

test result: ok. 4 passed; 0 failed; 0 ignored; 0 measured; 0 filtered out; finished in 0.03s

     Running tests\segment_directory_a1.rs (target-ph7b\debug\deps\segment_directory_a1-9bca3ce3ee6469b9.exe)

running 5 tests
test threshold_is_32 ... ok
test directory_does_not_materialise_below_threshold ... ok
test directory_get_bit_returns_none_when_not_materialised ... ok
test directory_bit_accessor_returns_some_when_materialised ... ok
test directory_rebuild_matches_bintable_after_frees ... ok

test result: ok. 5 passed; 0 failed; 0 ignored; 0 measured; 0 filtered out; finished in 0.08s

     Running tests\segment_directory_a2.rs (target-ph7b\debug\deps\segment_directory_a2-50756930d01bddf5.exe)

running 9 tests
test flush_class_maintains_directory ... ok
test multiple_classes_one_segment ... ok
test randomized_workload_incremental_equals_rebuild ... ok
test single_free_sets_bit ... ok
test drain_freelist_batch_maintains_directory ... ok
test last_pop_clears_bit ... ok
test pool_unpool_maintains_directory ... ok
test recycled_segment_no_stale_bits ... ok
test randomized_workload_periodic_assertions ... ok

test result: ok. 9 passed; 0 failed; 0 ignored; 0 measured; 0 filtered out; finished in 0.67s

     Running tests\segment_directory_a3.rs (target-ph7b\debug\deps\segment_directory_a3-5f6b6af99a057511.exe)

running 6 tests
test below_threshold_uses_linear_scan ... ok
test stale_positive_cleared_and_correct_fallback ... ok
test no_false_negative_after_local_free ... ok
test directory_lookup_finds_correct_segment ... ok
test multi_class_same_segment_directory_tracking ... ok
test mixed_workload_directory_consistency ... ok

test result: ok. 6 passed; 0 failed; 0 ignored; 0 measured; 0 filtered out; finished in 1.31s

     Running tests\segment_directory_a5.rs (target-ph7b\debug\deps\segment_directory_a5-6682e3a9bd005658.exe)

running 5 tests
test below_threshold_fallback_scan_functional ... ok
test medium_classes_directory_rebuild ... ok
test recycle_reuse_different_class ... ok
test periodic_assertions_multiclass_workload ... ok
test decommit_recommit_directory_consistency ... ok

test result: ok. 5 passed; 0 failed; 0 ignored; 0 measured; 0 filtered out; finished in 0.57s

     Running tests\segment_directory_a5_miri.rs (target-ph7b\debug\deps\segment_directory_a5_miri-85abc3e98d588483.exe)

running 1 test
test below_threshold_alloc_dealloc_provenance_clean ... ok

test result: ok. 1 passed; 0 failed; 0 ignored; 0 measured; 0 filtered out; finished in 0.00s

     Running tests\segment_directory_a5_proptest.rs (target-ph7b\debug\deps\segment_directory_a5_proptest-3fc466562fd817e4.exe)

running 1 test
test directory_bits_match_bintable_under_random_ops ... ok

test result: ok. 1 passed; 0 failed; 0 ignored; 0 measured; 0 filtered out; finished in 3.56s

     Running tests\segment_directory_clear_bit_no_register.rs (target-ph7b\debug\deps\segment_directory_clear_bit_no_register-304c31aacd8dbbb7.exe)

running 1 test
test clear_bit_on_never_registered_node_does_not_claim_a_bucket ... ok

test result: ok. 1 passed; 0 failed; 0 ignored; 0 measured; 0 filtered out; finished in 0.06s

     Running tests\segment_directory_numa.rs (target-ph7b\debug\deps\segment_directory_numa-3f2ab39fce44a65f.exe)

running 4 tests
test rescue_scan_unaffected_under_numa ... ok
test r82_authoritative_miss_under_numa ... ok
test directory_returns_local_not_foreign ... ok
test per_node_oracle_holds_after_mixed_node_workload ... ok

test result: ok. 4 passed; 0 failed; 0 ignored; 0 measured; 0 filtered out; finished in 0.82s

     Running tests\segment_directory_numa_bucket_reuse.rs (target-ph7b\debug\deps\segment_directory_numa_bucket_reuse-8198f861a96f9bc0.exe)

running 1 test
test ninth_node_reuses_freed_bucket_after_earlier_node_goes_idle ... ok

test result: ok. 1 passed; 0 failed; 0 ignored; 0 measured; 0 filtered out; finished in 0.88s

     Running tests\segment_directory_numa_high_node_ids.rs (target-ph7b\debug\deps\segment_directory_numa_high_node_ids-fde9aa798c38a3c7.exe)

running 2 tests
test ninth_distinct_high_node_overflows_to_unknown_bucket_without_corruption ... ok
test directory_returns_local_not_foreign_for_high_node_ids ... ok

test result: ok. 2 passed; 0 failed; 0 ignored; 0 measured; 0 filtered out; finished in 0.61s

     Running tests\segment_meta_page_alignment.rs (target-ph7b\debug\deps\segment_meta_page_alignment-2e5d21fbca96bbff.exe)

running 3 tests
test both_decommit_boundaries_fit_within_segment_with_payload_room ... ok
test primordial_decommit_start_is_real_page_aligned ... ok
test small_decommit_start_is_real_page_aligned ... ok

test result: ok. 3 passed; 0 failed; 0 ignored; 0 measured; 0 filtered out; finished in 0.00s

     Running tests\segment_state_reconciliation_dual_enumeration.rs (target-ph7b\debug\deps\segment_state_reconciliation_dual_enumeration-284b6c69710170bb.exe)

running 5 tests
test primordial_committed_bytes_are_segment_when_lazy_policy_is_forced_eager ... ok
test cached_large_is_enumerated_with_usable_and_reservation_bytes ... ok
test extension_slots_are_enumerated_into_large_cached ... ok
test recycled_hole_leaves_high_water_and_a_counted_null_slot ... ok
test small_active_committed_bytes_are_segment_when_lazy_policy_is_forced_eager ... ok

test result: ok. 5 passed; 0 failed; 0 ignored; 0 measured; 0 filtered out; finished in 0.13s

     Running tests\segment_state_reconciliation_oracle.rs (target-ph7b\debug\deps\segment_state_reconciliation_oracle-7cfe36968d17e902.exe)

running 1 test
test retain_decommitted_retained_meta_bytes_oracle_lazy_real_page ... ok

test result: ok. 1 passed; 0 failed; 0 ignored; 0 measured; 0 filtered out; finished in 0.00s

     Running tests\segment_table_backshift_proptest.rs (target-ph7b\debug\deps\segment_table_backshift_proptest-1ce3874ddec01542.exe)

running 5 tests
test backshift_remove_absent_is_noop ... ok
test backshift_dense_cluster_mid_removal ... ok
test backshift_wraparound_cluster_removal ... ok
test backshift_churn_fixed_universe_all_orders ... ok
test backshift_hash_matches_oracle_model ... ok

test result: ok. 5 passed; 0 failed; 0 ignored; 0 measured; 0 filtered out; finished in 3.74s

     Running tests\segment_table_contains_base_tier1_counters.rs (target-ph7b\debug\deps\segment_table_contains_base_tier1_counters-279b5938a1d470b6.exe)

running 2 tests
test hash_contains_only_bypass_hook_does_not_move_the_new_counters ... ok
test repeated_same_segment_frees_are_observed_as_tier1_hits ... ok

test result: ok. 2 passed; 0 failed; 0 ignored; 0 measured; 0 filtered out; finished in 0.00s

     Running tests\segment_table_hash.rs (target-ph7b\debug\deps\segment_table_hash-058c43fe5e31ea5f.exe)

running 3 tests
test dealloc_foreign_pointer_is_noop ... ok
test register_many_then_contains_each ... ok
test recycle_then_register_uses_hash_correctly ... ok

test result: ok. 3 passed; 0 failed; 0 ignored; 0 measured; 0 filtered out; finished in 0.11s

     Running tests\segment_table_o1.rs (target-ph7b\debug\deps\segment_table_o1-93b0ad85599c1ac3.exe)

running 4 tests
test unregister_defends_against_mismatched_segment_id ... ok
test realloc_own_segment_still_works_after_o1_swap ... ok
test free_list_many_cycles_no_duplicate_or_lost_slots ... ok
test free_list_cycle_reuses_slots_without_growing_count ... ok

test result: ok. 4 passed; 0 failed; 0 ignored; 0 measured; 0 filtered out; finished in 0.00s

     Running tests\segment_table_recycle.rs (target-ph7b\debug\deps\segment_table_recycle-2326468a8599a4bb.exe)

running 3 tests
test recycle_defensive_tail_evicts_hash_and_cache ... ok
test recycled_slot_is_reused ... ok
test slot_recycle_lifts_cap ... ok

test result: ok. 3 passed; 0 failed; 0 ignored; 0 measured; 0 filtered out; finished in 3.33s

     Running tests\sharded.rs (target-ph7b\debug\deps\sharded-bcb0b98294394938.exe)

running 3 tests
test router_uses_handle_shard_and_handles_from_distinct_shards_are_distinct ... ok
test concurrent_routed_writers_never_corrupt_and_accounting_holds ... ok
test sharded_region_matches_per_shard_reference_model ... ok

test result: ok. 3 passed; 0 failed; 0 ignored; 0 measured; 0 filtered out; finished in 0.07s

     Running tests\sharded_remote.rs (target-ph7b\debug\deps\sharded_remote-d8d19d30dd23b719.exe)

running 5 tests
test rebind_with_existing_guard_does_not_leak_shard_token ... ok
test concurrent_cross_thread_remove_never_double_frees_and_accounts ... ok
test dead_thread_live_slots_stay_resolvable_and_removable_cross_thread ... ok
test out_of_range_reclaim_with_existing_guard_does_not_leak_shard_token ... ok
test cross_thread_remove_honours_invariants ... ok

test result: ok. 5 passed; 0 failed; 0 ignored; 0 measured; 0 filtered out; finished in 0.03s

     Running tests\size_classes_lookup.rs (target-ph7b\debug\deps\size_classes_lookup-9889283257ce8984.exe)

running 15 tests
test boundary_align_above_small_align_max_resolves_to_divisible_class ... ok
test boundary_size_above_small_max_is_large ... ok
test boundary_size_just_above_a_class_uses_next_class ... ok
test boundary_size_min_block_returns_class_zero ... ok
test boundary_size_one_returns_class_zero ... ok
test min_block_shift_is_log2_of_min_block ... ok
test counterfactual_naive_shift_without_minus_one_would_be_wrong ... ok
test boundary_size_small_max_is_small_not_large ... ok
test small_max_is_a_multiple_of_min_block_so_top_index_is_in_bounds ... ok
test tokio_task_cell_shape_resolves_to_small_class_not_large ... ok
test try_class_for_rejects_non_power_of_two_align ... ok
test try_class_for_rejects_zero_align_without_panicking ... ok
test size2class_table_matches_linear_scan_for_every_bucket ... ok
test try_class_for_matches_class_for_on_every_valid_small_input ... ok
test o1_lookup_matches_linear_scan_for_every_small_size_and_align ... ok

test result: ok. 15 passed; 0 failed; 0 ignored; 0 measured; 0 filtered out; finished in 1.62s

     Running tests\size_classes_proptest.rs (target-ph7b\debug\deps\size_classes_proptest-f3f0ad4226b65229.exe)

running 2 tests
test page_aligned_small_requests_never_fall_through_to_large ... ok
test class_for_resolution_is_always_fidelity_correct ... ok

test result: ok. 2 passed; 0 failed; 0 ignored; 0 measured; 0 filtered out; finished in 0.01s

     Running tests\size_classes_slow_path_equivalence.rs (target-ph7b\debug\deps\size_classes_slow_path_equivalence-f8633609d5b8ab22.exe)

running 3 tests
test jump_skips_non_divisible_run_for_align_128 ... ok
test slow_path_align_set_covers_the_slow_path_range ... ok
test class_for_slow_path_matches_walk ... ok

test result: ok. 3 passed; 0 failed; 0 ignored; 0 measured; 0 filtered out; finished in 1.23s

     Running tests\small_segment_pool.rs (target-ph7b\debug\deps\small_segment_pool-63471d3c3fcaf991.exe)

running 11 tests
test byte_cap_clamps_segment_count ... ok
test default_pool_cap_is_four ... ok
test disabled_pool_never_retains ... ok
test paired_knob_promotion_is_not_a_noop ... ok
test pool_byte_cap_zero_disables ... ok
test pool_fills_to_cap_and_no_more ... ok
test pool_segments_above_old_hard_cap_is_honoured ... ok
test pooled_segment_emptied_mid_scan_is_reused_in_same_call ... ok
test pool_segments_zero_disables ... ok
test reuse_invariant_under_pool_churn ... ok
test reuse_pooled_segment_skips_os_reservation ... ok

test result: ok. 11 passed; 0 failed; 0 ignored; 0 measured; 0 filtered out; finished in 25.15s

     Running tests\src_file_size_cap.rs (target-ph7b\debug\deps\src_file_size_cap-ce2314f465849634.exe)

running 1 test
test no_source_file_exceeds_the_line_cap ... ok

test result: ok. 1 passed; 0 failed; 0 ignored; 0 measured; 0 filtered out; finished in 0.02s

     Running tests\stamp_cache.rs (target-ph7b\debug\deps\stamp_cache-c001e555e06b053a.exe)

running 3 tests
test alloc_across_classes_works ... ok
test stamp_cache_writes_owner_thread_free ... ok
test alloc_loop_in_one_segment_does_not_panic ... ok

test result: ok. 3 passed; 0 failed; 0 ignored; 0 measured; 0 filtered out; finished in 0.00s

     Running tests\stats_foreign_or_unroutable_frees.rs (target-ph7b\debug\deps\stats_foreign_or_unroutable_frees-3f5294529928fea5.exe)

running 1 test
test checked_foreign_span_and_valid_cross_thread_free ... ok

test result: ok. 1 passed; 0 failed; 0 ignored; 0 measured; 0 filtered out; finished in 0.00s

     Running tests\stats_reflects_activity.rs (target-ph7b\debug\deps\stats_reflects_activity-7ae69a3eafb68c7b.exe)

running 3 tests
test stats_is_cheap_and_never_panics ... ok
test tcache_hits_counter_does_not_drop_counts_under_load_store ... ok
test stats_reflects_activity ... ok

test result: ok. 3 passed; 0 failed; 0 ignored; 0 measured; 0 filtered out; finished in 0.02s

     Running tests\stress_boundary_sweep.rs (target-ph7b\debug\deps\stress_boundary_sweep-e3261f1b1fcd4404.exe)

running 3 tests
test over_small_max_align_routes_to_segment ... ok
test sweep2_realloc_matrix ... ok
test sweep1_size_align_grid ... ok

test result: ok. 3 passed; 0 failed; 0 ignored; 0 measured; 0 filtered out; finished in 1.97s

     Running tests\stress_concurrent_boundaries.rs (target-ph7b\debug\deps\stress_concurrent_boundaries-793a7405f021fcbb.exe)

running 1 test
test concurrent_boundary_stress ... ok

test result: ok. 1 passed; 0 failed; 0 ignored; 0 measured; 0 filtered out; finished in 4.10s

     Running tests\stress_safe_surface_no_aliasing.rs (target-ph7b\debug\deps\stress_safe_surface_no_aliasing-48c8ff3465d3d3e6.exe)

running 1 test
test safe_surface_never_aliases_live_allocations ... ok

test result: ok. 1 passed; 0 failed; 0 ignored; 0 measured; 0 filtered out; finished in 0.07s

     Running tests\tagged_index_stack_ab_runner_scratch_guard.rs (target-ph7b\debug\deps\tagged_index_stack_ab_runner_scratch_guard-bd56af9a452dade3.exe)

running 14 tests
test evidence_snapshot_source_shape_is_pinned_and_build_check_stays_dirty_compatible ... ok
test unsupported_codegen_target_is_rejected_before_scratch ... ok
test unexpected_post_mkdtemp_error_leaves_no_scratch_root ... ok
test scratch_root_junction_redirect_leaves_victim_canary_intact ... ok
test target_dot_and_dotdot_are_rejected_and_scratch_canary_survives ... ok
test cargo_temp_root_must_be_disjoint_from_repo ... ok
test summary_target_is_required_before_artifacts ... ok
test cargo_config_ancestor_chain_fails_closed_and_cleans_external_cwd ... ok
test mode_specific_options_are_rejected_before_scratch ... ok
test keep_scratch_fatal_failure_keeps_exactly_one_owned_root ... ok
test build_check_fatal_failure_leaves_no_scratch_root ... ok
test out_dir_rejection_is_value_independent ... ok
test wallclock_host_mismatch_is_rejected_before_scratch_or_build ... ok
test build_check_success_leaves_no_scratch_root ... ok

test result: ok. 14 passed; 0 failed; 0 ignored; 0 measured; 0 filtered out; finished in 10.70s

     Running tests\tagged_index_stack_compile_fail.rs (target-ph7b\debug\deps\tagged_index_stack_compile_fail-4eae4649f9cb9fda.exe)

running 10 tests
test loom_cfg_without_feature_fails_with_only_the_named_error ... ok
test index_bits_zero_must_not_compile ... ok
test index_bits_seventeen_must_not_compile ... ok
test plain_impl_of_unsafe_stack_storage_must_not_compile ... ok
test push_index_requires_unsafe_block ... ok
test array_index_stack_capacity_new_above_index_mask_must_not_compile ... ok
test hook_call_requires_unsafe_block ... ok
test array_index_stack_capacity_default_above_index_mask_must_not_compile ... ok
test competing_binding_around_array_index_stack_head_must_not_compile ... ok
test two_arraylinks_backings_against_one_stackhead_must_not_compile ... ok

test result: ok. 10 passed; 0 failed; 0 ignored; 0 measured; 0 filtered out; finished in 2.82s

     Running tests\tls_heap_teardown_ordering_stress.rs (target-ph7b\debug\deps\tls_heap_teardown_ordering_stress-52ee847b785291e1.exe)

running 1 test
test teardown_ordering_stress_no_crash ... ok

test result: ok. 1 passed; 0 failed; 0 ignored; 0 measured; 0 filtered out; finished in 0.03s

     Running tests\tls_heap_teardown_torn_sentinel.rs (target-ph7b\debug\deps\tls_heap_teardown_torn_sentinel-07db876f93046ce1.exe)

running 1 test
test teardown_then_resolve_is_fallback ... ok

test result: ok. 1 passed; 0 failed; 0 ignored; 0 measured; 0 filtered out; finished in 0.00s

     Running tests\unsafe_allow_placement.rs (target-ph7b\debug\deps\unsafe_allow_placement-c86baced24754a0e.exe)

running 2 tests
test no_mod_rs_carries_module_level_allow ... ok
test every_file_with_unsafe_carries_its_own_allow ... ok

test result: ok. 2 passed; 0 failed; 0 ignored; 0 measured; 0 filtered out; finished in 0.42s

     Running tests\xs_r3_02_sharded_region_len_docs.rs (target-ph7b\debug\deps\xs_r3_02_sharded_region_len_docs-d08cf60be2e8a47b.exe)

running 2 tests
test old_unqualified_claims_are_gone ... ok
test new_wording_present_on_both_methods ... ok

test result: ok. 2 passed; 0 failed; 0 ignored; 0 measured; 0 filtered out; finished in 0.00s

     Running tests\xs_r3_03_dealloc_foreign_pointer_docs.rs (target-ph7b\debug\deps\xs_r3_03_dealloc_foreign_pointer_docs-9a9e27cf2128d470.exe)

running 2 tests
test old_blanket_foreign_no_op_claim_is_gone ... ok
test summary_states_null_only_safe_no_op_contract ... ok

test result: ok. 2 passed; 0 failed; 0 ignored; 0 measured; 0 filtered out; finished in 0.00s

     Running tests\xxs_r5_02_epoch_generation_setter_gated.rs (target-ph7b\debug\deps\xxs_r5_02_epoch_generation_setter_gated-f073673e5bbd4b3a.exe)

running 2 tests
test atomic_slot_generation_setter_is_internals_gated ... ok
test epoch_region_generation_setter_is_internals_gated ... ok

test result: ok. 2 passed; 0 failed; 0 ignored; 0 measured; 0 filtered out; finished in 0.00s

     Running tests\xxs_r5_03_lock_free_with_pages_overflow.rs (target-ph7b\debug\deps\xxs_r5_03_lock_free_with_pages_overflow-4b1f999ced0df38e.exe)

running 2 tests
test checked_total_slots_boundary_cases ... ok
test with_pages_rejects_usize_max_before_allocating - should panic ... ok

test result: ok. 2 passed; 0 failed; 0 ignored; 0 measured; 0 filtered out; finished in 0.00s

   Doc-tests sefer_alloc

running 0 tests

test result: ok. 0 passed; 0 failed; 0 ignored; 0 measured; 0 filtered out; finished in 0.00s

FULL_EXIT=0
