id,transition,entry,features,os,toolchain,profile,source_sha,source_tree,binary_id,activation,positive_marker,mutant,mutant_rejected,receipt,receipt_sha256,scope,status,status_reason,owner_phase,source_cell
R0-01,terminal publication -> owner retire (strict trim) при паузе producer после terminal RMW внутри Box::drop,installed #[global_allocator] SeferAlloc; miri_global_box_acceptance -- paused,alloc-global internals bench-internals,Windows 10 x86_64 MSVC (host-Miri),miri 0.1.0 (3659db0d3e 2026-07-05) / rustc 1.99.0-nightly (3659db0d3 2026-07-05),Miri SB (strict-provenance) MIRIFLAGS S dev,ceffecb5c07d45e9d715670dfcaec3de69b2f9d2,tree c1fa03eae961c5ae2b442ec963c2e3978c0b3941 + uncommitted witness diff sha256 0004c9834e6fd24bddc84184681038022b71aef0197087b5b5c63507e42dc053,—,прогон miri_global_box_acceptance -- paused в модели SB,лог v3-sb-sefer-paused.log: UB not granting access to tag <1479> ... weakly protected at node.rs:90; exit 1,мутант-контроль W−1 уровня System (R0-12..R0-15),false,docs/design/2026-10-01-proof-obligation-registry-draft.md;docs/reviews/2026-10-01-refactor-ph0-obligations-receipt.md,f776ace8797b4361696511e1d02a3e784777d1a71ad913117df534f2e2c1fae7;0030796d9463bb1b142e433dd68c47f82e58121ee55fb2308dd52b7fed056fef,shipping-installed,FAIL,KNOWN-DEFECT P1-box: UB в src/alloc_core/platform/node.rs:90 Node::write_next при паузе внутри Box::drop (цепочка write_next ← reclaim_sidecar_record ← drain_sidecar_ingress ← trim_for_recycle); на момент Ph0 фиксировался как FAIL,Ph0,draft:R0-01
R0-02,то же в модели Tree Borrows,installed #[global_allocator] SeferAlloc; miri_global_box_acceptance -- paused,alloc-global internals bench-internals,Windows 10 x86_64 MSVC (host-Miri),miri 0.1.0 (3659db0d3e 2026-07-05) / rustc 1.99.0-nightly (3659db0d3 2026-07-05),Miri TB (tree-borrows) MIRIFLAGS T dev,ceffecb5c07d45e9d715670dfcaec3de69b2f9d2,tree c1fa03eae961c5ae2b442ec963c2e3978c0b3941 + uncommitted witness diff sha256 0004c9834e6fd24bddc84184681038022b71aef0197087b5b5c63507e42dc053,—,прогон miri_global_box_acceptance -- paused в модели TB,лог v3-tb-sefer-paused.log: write access through <1414> (root of the allocation) ... forbidden; Reserved->Disabled at node.rs:90; exit 1,мутант-контроль W−1 уровня System,false,docs/design/2026-10-01-proof-obligation-registry-draft.md;docs/reviews/2026-10-01-refactor-ph0-obligations-receipt.md,f776ace8797b4361696511e1d02a3e784777d1a71ad913117df534f2e2c1fae7;0030796d9463bb1b142e433dd68c47f82e58121ee55fb2308dd52b7fed056fef,shipping-installed,FAIL,KNOWN-DEFECT P1-box: UB в src/alloc_core/platform/node.rs:90 Node::write_next при паузе внутри Box::drop (Reserved→Disabled; цепочка write_next ← reclaim_sidecar_record); на момент Ph0 фиксировался как FAIL,Ph0,draft:R0-02
R0-03,тот же paused-переход в CI,CI job miri-core (ci.yml:2831-2845),alloc-global internals bench-internals,ubuntu-latest,CI,Miri SB / TB (CI),ceffecb5c07d45e9d715670dfcaec3de69b2f9d2,tree c1fa03eae961c5ae2b442ec963c2e3978c0b3941,—,CI-маркер COMPLETE paused_terminal_owner_retirement,результата CI нет,—,false,docs/design/2026-10-01-proof-obligation-registry-draft.md;docs/reviews/2026-10-01-refactor-ph0-obligations-receipt.md,f776ace8797b4361696511e1d02a3e784777d1a71ad913117df534f2e2c1fae7;0030796d9463bb1b142e433dd68c47f82e58121ee55fb2308dd52b7fed056fef,shipping-installed,NOT_RUN,нет результата CI; R11 manifest описывает тот же отказ,Ph0,draft:R0-03
R0-04,owner retire после join; narrow reborrow; 2 раунда (Box<u8>; Box<[u8;7]>); reissue,installed SeferAlloc; miri_global_box_acceptance -- narrow,alloc-global internals bench-internals,Windows 10 x86_64 MSVC (host-Miri),miri 0.1.0 (3659db0d3e 2026-07-05) / rustc 1.99.0-nightly (3659db0d3 2026-07-05),Miri SB (strict-provenance) MIRIFLAGS S dev,ceffecb5c07d45e9d715670dfcaec3de69b2f9d2,tree c1fa03eae961c5ae2b442ec963c2e3978c0b3941 + uncommitted witness diff sha256 0004c9834e6fd24bddc84184681038022b71aef0197087b5b5c63507e42dc053,—,прогон miri_global_box_acceptance -- narrow в SB,лог v3-sb-sefer-narrow.log: COMPLETE narrow_two_rounds; exit 0,мутант не определён для этого свидетеля (шаг 3c),false,docs/design/2026-10-01-proof-obligation-registry-draft.md;docs/reviews/2026-10-01-refactor-ph0-obligations-receipt.md,f776ace8797b4361696511e1d02a3e784777d1a71ad913117df534f2e2c1fae7;0030796d9463bb1b142e433dd68c47f82e58121ee55fb2308dd52b7fed056fef,shipping-installed,PASS,не покрывает паузу внутри кадра,Ph0,draft:R0-04
R0-05,то же в модели TB,installed SeferAlloc; miri_global_box_acceptance -- narrow,alloc-global internals bench-internals,Windows 10 x86_64 MSVC (host-Miri),miri 0.1.0 (3659db0d3e 2026-07-05) / rustc 1.99.0-nightly (3659db0d3 2026-07-05),Miri TB (tree-borrows) MIRIFLAGS T dev,ceffecb5c07d45e9d715670dfcaec3de69b2f9d2,tree c1fa03eae961c5ae2b442ec963c2e3978c0b3941 + uncommitted witness diff sha256 0004c9834e6fd24bddc84184681038022b71aef0197087b5b5c63507e42dc053,—,прогон miri_global_box_acceptance -- narrow в TB,лог v3-tb-sefer-narrow.log: COMPLETE narrow_two_rounds; exit 0,мутант не определён,false,docs/design/2026-10-01-proof-obligation-registry-draft.md;docs/reviews/2026-10-01-refactor-ph0-obligations-receipt.md,f776ace8797b4361696511e1d02a3e784777d1a71ad913117df534f2e2c1fae7;0030796d9463bb1b142e433dd68c47f82e58121ee55fb2308dd52b7fed056fef,shipping-installed,PASS,то же ограничение: не покрывает паузу внутри кадра,Ph0,draft:R0-05
R0-06,тот же переход нативно; paused-нога исключена cfg,tests::r8_global_box_provenance (libtest; installed SeferAlloc),alloc-global internals bench-internals,Windows 10 x86_64,rustc 1.97.0 (2d8144b78 2026-07-07),native debug,876429d2a63ce73dd248bbacc4c6d6c528692cbb,tree 07ba7fb5bedb95c09407d10ca35596bdbd7e5db7,—,cargo test r8_global_box_provenance,r8_global_box_provenance: test result: ok; 1 passed,положительный свидетель; CFG_EXCLUDED paused-ноги,false,docs/reviews/2026-10-06-ph7-reverification-at-head.md;docs/design/2026-10-01-proof-obligation-registry-draft.md;docs/reviews/2026-10-01-refactor-ph0-obligations-receipt.md,8ff86959759e8bec531b04d29d1110df1c427aa6440287febe062da6b3d4f6d5;f776ace8797b4361696511e1d02a3e784777d1a71ad913117df534f2e2c1fae7;0030796d9463bb1b142e433dd68c47f82e58121ee55fb2308dd52b7fed056fef,shipping-installed,PASS,"Ph7b: перепроверено на HEAD, свежий прогон",Ph0,draft:R0-06
R0-07,producer сам физически освобождает exact System-объект до terminal RMW; marker после join,isolated installed-System r11_box_cap_gate_w1 -- positive,std,Windows 10 x86_64,rustc 1.97.0 (2d8144b78 2026-07-07),native debug,ceffecb5c07d45e9d715670dfcaec3de69b2f9d2,tree c1fa03eae961c5ae2b442ec963c2e3978c0b3941 + HEAD-версия witness (sha 29fff9c6… по драфту §3),—,запуск r11_box_cap_gate_w1 -- positive,лог native-w1-positive.log: COMPLETE owner_free=false sizes=1..7 rounds=2; 14/14 ROUND joined,контрфактуал pause-after-RMW в записке r11-box-cap-gate-w1-w2-receipt (не перезапускался),false,docs/design/2026-10-01-proof-obligation-registry-draft.md;docs/reviews/2026-10-01-refactor-ph0-obligations-receipt.md,f776ace8797b4361696511e1d02a3e784777d1a71ad913117df534f2e2c1fae7;0030796d9463bb1b142e433dd68c47f82e58121ee55fb2308dd52b7fed056fef,isolated-witness,PASS,System-witness; это не приёмка аллокатора; а изолированный System-свидетель,Ph0,draft:R0-07
R0-08,то же под Miri SB,isolated installed-System r11_box_cap_gate_w1 -- positive,std,Windows 10 x86_64 (host-Miri),miri 0.1.0 (3659db0d3e 2026-07-05) / rustc 1.99.0-nightly (3659db0d3 2026-07-05),Miri SB (strict-provenance) MIRIFLAGS S,ceffecb5c07d45e9d715670dfcaec3de69b2f9d2,tree c1fa03eae961c5ae2b442ec963c2e3978c0b3941 + HEAD-версия witness (sha 29fff9c6… по драфту §3),—,запуск r11_box_cap_gate_w1 -- positive под Miri SB,лог sb-w1-positive.log: 14 из 14 ROUND joined + COMPLETE owner_free=false sizes=1..7 rounds=2,положительный свидетель,false,docs/design/2026-10-01-proof-obligation-registry-draft.md;docs/reviews/2026-10-01-refactor-ph0-obligations-receipt.md,f776ace8797b4361696511e1d02a3e784777d1a71ad913117df534f2e2c1fae7;0030796d9463bb1b142e433dd68c47f82e58121ee55fb2308dd52b7fed056fef,isolated-witness,PASS,System-witness; это не приёмка аллокатора; а изолированный System-свидетель,Ph0,draft:R0-08
R0-08b,то же под Miri TB,isolated installed-System r11_box_cap_gate_w1 -- positive,std,Windows 10 x86_64 (host-Miri),miri 0.1.0 (3659db0d3e 2026-07-05) / rustc 1.99.0-nightly (3659db0d3 2026-07-05),Miri TB (tree-borrows) MIRIFLAGS T,ceffecb5c07d45e9d715670dfcaec3de69b2f9d2,tree c1fa03eae961c5ae2b442ec963c2e3978c0b3941 + HEAD-версия witness (sha 29fff9c6… по драфту §3),—,запуск r11_box_cap_gate_w1 -- positive под Miri TB,лог tb-w1-positive.log: 14 из 14 ROUND joined + COMPLETE owner_free=false sizes=1..7 rounds=2,положительный свидетель,false,docs/design/2026-10-01-proof-obligation-registry-draft.md;docs/reviews/2026-10-01-refactor-ph0-obligations-receipt.md,f776ace8797b4361696511e1d02a3e784777d1a71ad913117df534f2e2c1fae7;0030796d9463bb1b142e433dd68c47f82e58121ee55fb2308dd52b7fed056fef,isolated-witness,PASS,System-witness; это не приёмка аллокатора; а изолированный System-свидетель; сплит PASS x2 строки драфта R0-08,Ph0,draft:R0-08
R0-09,producer передаёт cap; owner System.dealloc(cap; layout) при паузе внутри Box::drop; затем alloc_zeroed,isolated installed-System r11_box_cap_gate_w2 -- positive,std,Windows 10 x86_64,rustc 1.97.0 (2d8144b78 2026-07-07),native debug,ceffecb5c07d45e9d715670dfcaec3de69b2f9d2,tree c1fa03eae961c5ae2b442ec963c2e3978c0b3941 + HEAD-версия witness (sha 29fff9c6… по драфту §3),—,запуск r11_box_cap_gate_w2 -- positive,лог native-w2-positive.log: COMPLETE owner_free=true sizes=1..7 rounds=2; 14 из 14 ROUND joined,контрфактуал dealloc по root вместо cap красный (записка W+1/W+2; не перезапускался),false,docs/design/2026-10-01-proof-obligation-registry-draft.md;docs/reviews/2026-10-01-refactor-ph0-obligations-receipt.md,f776ace8797b4361696511e1d02a3e784777d1a71ad913117df534f2e2c1fae7;0030796d9463bb1b142e433dd68c47f82e58121ee55fb2308dd52b7fed056fef,isolated-witness,PASS,не Sefer: System-witness; W+3 не проверен,Ph0,draft:R0-09
R0-10,то же под Miri SB,isolated installed-System r11_box_cap_gate_w2 -- positive,std,Windows 10 x86_64 (host-Miri),miri 0.1.0 (3659db0d3e 2026-07-05) / rustc 1.99.0-nightly (3659db0d3 2026-07-05),Miri SB (strict-provenance) MIRIFLAGS S,ceffecb5c07d45e9d715670dfcaec3de69b2f9d2,tree c1fa03eae961c5ae2b442ec963c2e3978c0b3941 + HEAD-версия witness (sha 29fff9c6… по драфту §3),—,запуск r11_box_cap_gate_w2 -- positive под Miri SB,лог sb-w2-positive.log: 14 из 14 ROUND joined + COMPLETE owner_free=true sizes=1..7 rounds=2,положительный свидетель,false,docs/design/2026-10-01-proof-obligation-registry-draft.md;docs/reviews/2026-10-01-refactor-ph0-obligations-receipt.md,f776ace8797b4361696511e1d02a3e784777d1a71ad913117df534f2e2c1fae7;0030796d9463bb1b142e433dd68c47f82e58121ee55fb2308dd52b7fed056fef,isolated-witness,PASS,не Sefer: System-witness,Ph0,draft:R0-10
R0-10b,то же под Miri TB,isolated installed-System r11_box_cap_gate_w2 -- positive,std,Windows 10 x86_64 (host-Miri),miri 0.1.0 (3659db0d3e 2026-07-05) / rustc 1.99.0-nightly (3659db0d3 2026-07-05),Miri TB (tree-borrows) MIRIFLAGS T,ceffecb5c07d45e9d715670dfcaec3de69b2f9d2,tree c1fa03eae961c5ae2b442ec963c2e3978c0b3941 + HEAD-версия witness (sha 29fff9c6… по драфту §3),—,запуск r11_box_cap_gate_w2 -- positive под Miri TB,лог tb-w2-positive.log: 14 из 14 ROUND joined + COMPLETE owner_free=true sizes=1..7 rounds=2,положительный свидетель,false,docs/design/2026-10-01-proof-obligation-registry-draft.md;docs/reviews/2026-10-01-refactor-ph0-obligations-receipt.md,f776ace8797b4361696511e1d02a3e784777d1a71ad913117df534f2e2c1fae7;0030796d9463bb1b142e433dd68c47f82e58121ee55fb2308dd52b7fed056fef,isolated-witness,PASS,не Sefer: System-witness; сплит PASS x2 строки драфта R0-10,Ph0,draft:R0-10
R0-11,root-write через исходный root-pointer при паузе должен отвергаться (W−1),isolated installed-System r11_box_cap_gate_w2 -- root-one / root-eight,std,Windows 10 x86_64,rustc 1.97.0 (2d8144b78 2026-07-07),native debug,ceffecb5c07d45e9d715670dfcaec3de69b2f9d2,tree c1fa03eae961c5ae2b442ec963c2e3978c0b3941,—,запуск root-one/root-eight нативно; process::exit(3) после записи недостижим,нативный процесс завершился бы exit 3 (не вычислимо из tests),мутант W−1 (root-write должен краситься под Miri),false,docs/design/2026-10-01-proof-obligation-registry-draft.md;docs/reviews/2026-10-01-refactor-ph0-obligations-receipt.md,f776ace8797b4361696511e1d02a3e784777d1a71ad913117df534f2e2c1fae7;0030796d9463bb1b142e433dd68c47f82e58121ee55fb2308dd52b7fed056fef,isolated-witness,CFG_EXCLUDED,нативный W−1-процесс гейтится cfg(miri); М-контроль значим только под Miri (R0-12..R0-15),Ph0,draft:R0-11
R0-12,W−1 на 1 байт под Miri SB,isolated installed-System r11_box_cap_gate_w2 -- root-one,std,Windows 10 x86_64 (host-Miri),miri 0.1.0 (3659db0d3e 2026-07-05) / rustc 1.99.0-nightly (3659db0d3 2026-07-05),Miri SB (strict-provenance) MIRIFLAGS S,ceffecb5c07d45e9d715670dfcaec3de69b2f9d2,tree c1fa03eae961c5ae2b442ec963c2e3978c0b3941 + HEAD-версия witness (sha 29fff9c6… по драфту §3),—,запуск root-one под Miri SB,лог sb-w2-root-one.log: UB not granting access to tag <9352> ... [Unique for <14995>] weakly protected на r11_box_cap_gate.rs:136; exit 1 (не 3),мутант W−1 пойман UB и ненулевым exit,true,docs/design/2026-10-01-proof-obligation-registry-draft.md;docs/reviews/2026-10-01-refactor-ph0-obligations-receipt.md,f776ace8797b4361696511e1d02a3e784777d1a71ad913117df534f2e2c1fae7;0030796d9463bb1b142e433dd68c47f82e58121ee55fb2308dd52b7fed056fef,isolated-witness,PASS,мутант W−1 отвергнут UB на r11_box_cap_gate.rs:136,Ph0,draft:R0-12
R0-13,W−1 на 8 байт под Miri SB,isolated installed-System r11_box_cap_gate_w2 -- root-eight,std,Windows 10 x86_64 (host-Miri),miri 0.1.0 (3659db0d3e 2026-07-05) / rustc 1.99.0-nightly (3659db0d3 2026-07-05),Miri SB (strict-provenance) MIRIFLAGS S,ceffecb5c07d45e9d715670dfcaec3de69b2f9d2,tree c1fa03eae961c5ae2b442ec963c2e3978c0b3941 + HEAD-версия witness (sha 29fff9c6… по драфту §3),—,запуск root-eight под Miri SB,лог sb-w2-root-eight.log: UB <10067> ... [Unique for <15676>] на r11_box_cap_gate.rs:144; exit 1,мутант W−1 пойман UB и ненулевым exit,true,docs/design/2026-10-01-proof-obligation-registry-draft.md;docs/reviews/2026-10-01-refactor-ph0-obligations-receipt.md,f776ace8797b4361696511e1d02a3e784777d1a71ad913117df534f2e2c1fae7;0030796d9463bb1b142e433dd68c47f82e58121ee55fb2308dd52b7fed056fef,isolated-witness,PASS,мутант W−1 отвергнут UB на r11_box_cap_gate.rs:144,Ph0,draft:R0-13
R0-14,W−1 на 1 байт под Miri TB,isolated installed-System r11_box_cap_gate_w2 -- root-one,std,Windows 10 x86_64 (host-Miri),miri 0.1.0 (3659db0d3e 2026-07-05) / rustc 1.99.0-nightly (3659db0d3 2026-07-05),Miri TB (tree-borrows) MIRIFLAGS T,ceffecb5c07d45e9d715670dfcaec3de69b2f9d2,tree c1fa03eae961c5ae2b442ec963c2e3978c0b3941 + HEAD-версия witness (sha 29fff9c6… по драфту §3),—,запуск root-one под Miri TB,лог tb-w2-root-one.log: UB write access through <9079> (root of the allocation) ... forbidden; exit 1,мутант W−1 пойман UB и ненулевым exit,true,docs/design/2026-10-01-proof-obligation-registry-draft.md;docs/reviews/2026-10-01-refactor-ph0-obligations-receipt.md,f776ace8797b4361696511e1d02a3e784777d1a71ad913117df534f2e2c1fae7;0030796d9463bb1b142e433dd68c47f82e58121ee55fb2308dd52b7fed056fef,isolated-witness,PASS,мутант W−1 отвергнут UB в модели TB,Ph0,draft:R0-14
R0-15,W−1 на 8 байт под Miri TB,isolated installed-System r11_box_cap_gate_w2 -- root-eight,std,Windows 10 x86_64 (host-Miri),miri 0.1.0 (3659db0d3e 2026-07-05) / rustc 1.99.0-nightly (3659db0d3 2026-07-05),Miri TB (tree-borrows) MIRIFLAGS T,ceffecb5c07d45e9d715670dfcaec3de69b2f9d2,tree c1fa03eae961c5ae2b442ec963c2e3978c0b3941 + HEAD-версия witness (sha 29fff9c6… по драфту §3),—,запуск root-eight под Miri TB,лог tb-w2-root-eight.log: UB <9779> ... forbidden; exit 1,мутант W−1 пойман UB и ненулевым exit,true,docs/design/2026-10-01-proof-obligation-registry-draft.md;docs/reviews/2026-10-01-refactor-ph0-obligations-receipt.md,f776ace8797b4361696511e1d02a3e784777d1a71ad913117df534f2e2c1fae7;0030796d9463bb1b142e433dd68c47f82e58121ee55fb2308dd52b7fed056fef,isolated-witness,PASS,мутант W−1 отвергнут UB в модели TB,Ph0,draft:R0-15
R0-16,foreign terminal free виден strict trim; retire once (прямой API; не installed Box),r6_terminal_owner_drain + r8_owner_sidecar_miss + r8_terminal_global,production batch-api internals bench-internals,Windows 10 x86_64,rustc 1.97.0 (2d8144b78 2026-07-07),native debug,876429d2a63ce73dd248bbacc4c6d6c528692cbb,tree 07ba7fb5bedb95c09407d10ca35596bdbd7e5db7,—,прогон трёх тестов нативно,r6_terminal_owner_drain/r8_owner_sidecar_miss/r8_terminal_global: 8+4+1 (5 filtered)+6 passed,положительный свидетель; ограничение: нет паузы в Box::drop,false,docs/reviews/2026-10-06-ph7-reverification-at-head.md;docs/design/2026-10-01-proof-obligation-registry-draft.md;docs/reviews/2026-10-01-refactor-ph0-obligations-receipt.md,8ff86959759e8bec531b04d29d1110df1c427aa6440287febe062da6b3d4f6d5;f776ace8797b4361696511e1d02a3e784777d1a71ad913117df534f2e2c1fae7;0030796d9463bb1b142e433dd68c47f82e58121ee55fb2308dd52b7fed056fef,low-level-api,PASS,Ph7b: HEAD подтверждён; 8+4+1 (5 filtered)+6 соответствует исходным 18,Ph0,draft:R0-16
R0-17,то же на non-fastbin наборе,r6_terminal_owner_drain + r8_owner_sidecar_miss + r8_terminal_global (non-fastbin набор),alloc-global alloc-xthread alloc-decommit alloc-segment-directory batch-api internals bench-internals,Windows 10 x86_64,rustc 1.97.0 (2d8144b78 2026-07-07),native debug,876429d2a63ce73dd248bbacc4c6d6c528692cbb,tree 07ba7fb5bedb95c09407d10ca35596bdbd7e5db7,—,прогон трёх тестов нативно на non-fastbin,r6_terminal_owner_drain/r8_owner_sidecar_miss/r8_terminal_global: 7+2+1 (5 filtered)+6 passed,положительный свидетель,false,docs/reviews/2026-10-06-ph7-reverification-at-head.md;docs/design/2026-10-01-proof-obligation-registry-draft.md;docs/reviews/2026-10-01-refactor-ph0-obligations-receipt.md,8ff86959759e8bec531b04d29d1110df1c427aa6440287febe062da6b3d4f6d5;f776ace8797b4361696511e1d02a3e784777d1a71ad913117df534f2e2c1fae7;0030796d9463bb1b142e433dd68c47f82e58121ee55fb2308dd52b7fed056fef,low-level-api,PASS,Ph7b: HEAD подтверждён; 7+2+1 (5 filtered)+6 соответствует исходным 15,Ph0,draft:R0-17
R0-18,то же в CI,CI job global-regressions (ci.yml:2029-2038),production batch-api internals bench-internals,ubuntu-latest,CI,native,ceffecb5c07d45e9d715670dfcaec3de69b2f9d2,tree c1fa03eae961c5ae2b442ec963c2e3978c0b3941,—,CI grep-строки результата,нет результата CI,—,false,docs/design/2026-10-01-proof-obligation-registry-draft.md;docs/reviews/2026-10-01-refactor-ph0-obligations-receipt.md,f776ace8797b4361696511e1d02a3e784777d1a71ad913117df534f2e2c1fae7;0030796d9463bb1b142e433dd68c47f82e58121ee55fb2308dd52b7fed056fef,low-level-api,NOT_RUN,нет результата CI,Ph0,draft:R0-18
R0-19,retire once + reissue; размеры 1..7 (low-level Miri),r6_terminal_owner_drain::requested_sizes_one_through_seven_retire_once_and_reissue,alloc-global alloc-xthread internals bench-internals,Windows 10 x86_64 (host-Miri),miri 0.1.0 (3659db0d3e 2026-07-05) / rustc 1.99.0-nightly (3659db0d3 2026-07-05),Miri SB (MIRIFLAGS P; без strict-provenance),876429d2a63ce73dd248bbacc4c6d6c528692cbb,tree 07ba7fb5bedb95c09407d10ca35596bdbd7e5db7,—,прогон теста под Miri (MIRIFLAGS P),"r6_terminal_owner_drain::requested_sizes_one_through_seven_retire_once_and_reissue: 1 passed, 5 filtered (Miri, -Zmiri-permissive-provenance)",положительный свидетель,false,docs/reviews/2026-10-06-ph7-reverification-at-head.md;docs/design/2026-10-01-proof-obligation-registry-draft.md;docs/reviews/2026-10-01-refactor-ph0-obligations-receipt.md,8ff86959759e8bec531b04d29d1110df1c427aa6440287febe062da6b3d4f6d5;f776ace8797b4361696511e1d02a3e784777d1a71ad913117df534f2e2c1fae7;0030796d9463bb1b142e433dd68c47f82e58121ee55fb2308dd52b7fed056fef,low-level-api,PASS,Ph7b: Miri permissive-provenance прогон подтверждён,Ph0,draft:R0-19
R0-20,то же в модели TB,r6_terminal_owner_drain::requested_sizes_one_through_seven_retire_once_and_reissue,alloc-global alloc-xthread internals bench-internals,Windows 10 x86_64 (host-Miri),miri 0.1.0 (3659db0d3e 2026-07-05) / rustc 1.99.0-nightly (3659db0d3 2026-07-05),Miri TB (MIRIFLAGS PT),876429d2a63ce73dd248bbacc4c6d6c528692cbb,tree 07ba7fb5bedb95c09407d10ca35596bdbd7e5db7,—,прогон теста под Miri (MIRIFLAGS PT),"r6_terminal_owner_drain::requested_sizes_one_through_seven_retire_once_and_reissue: 1 passed, 5 filtered (Miri, -Zmiri-permissive-provenance -Zmiri-tree-borrows)",положительный свидетель,false,docs/reviews/2026-10-06-ph7-reverification-at-head.md;docs/design/2026-10-01-proof-obligation-registry-draft.md;docs/reviews/2026-10-01-refactor-ph0-obligations-receipt.md,8ff86959759e8bec531b04d29d1110df1c427aa6440287febe062da6b3d4f6d5;f776ace8797b4361696511e1d02a3e784777d1a71ad913117df534f2e2c1fae7;0030796d9463bb1b142e433dd68c47f82e58121ee55fb2308dd52b7fed056fef,low-level-api,PASS,Ph7b: Miri permissive-provenance/tree-borrows прогон подтверждён,Ph0,draft:R0-20
R0-21,shadow-протокол sidecar bitmap / terminal large / owner drain,loom_sidecar_bitmap (3) + loom_terminal_large (2) + loom_terminal_owner_drain (2),alloc-core alloc-xthread,Windows 10 x86_64,—,Loom (--cfg loom --release),ceffecb5c07d45e9d715670dfcaec3de69b2f9d2,tree c1fa03eae961c5ae2b442ec963c2e3978c0b3941,—,прогон loom-тестов,лог loom-xthread.log: 7 из 7 ok,мутанты: loom_sidecar_negative_class_after_terminal_bit и negative_producer_retirement_allows_premature_release отвергнуты (should panic ... ok),true,docs/design/2026-10-01-proof-obligation-registry-draft.md;docs/reviews/2026-10-01-refactor-ph0-obligations-receipt.md,f776ace8797b4361696511e1d02a3e784777d1a71ad913117df534f2e2c1fae7;0030796d9463bb1b142e433dd68c47f82e58121ee55fb2308dd52b7fed056fef,shadow-model,PASS,shadow-модель: не доказывает provenance и реальный путь,Ph0,draft:R0-21
R0-22,pointer publication / last-pin retention / early leaf release,loom_r11_small_sidecar (3),alloc-core alloc-xthread,Windows 10 x86_64,—,Loom (--cfg loom --release),ceffecb5c07d45e9d715670dfcaec3de69b2f9d2,tree c1fa03eae961c5ae2b442ec963c2e3978c0b3941,—,прогон loom_r11_small_sidecar,лог loom-r11-small-sidecar.log: 3 из 3 ok,мутанты negative_relaxed_pointer_publication и negative_early_leaf_release отвергнуты,true,docs/design/2026-10-01-proof-obligation-registry-draft.md;docs/reviews/2026-10-01-refactor-ph0-obligations-receipt.md,f776ace8797b4361696511e1d02a3e784777d1a71ad913117df534f2e2c1fae7;0030796d9463bb1b142e433dd68c47f82e58121ee55fb2308dd52b7fed056fef,shadow-model,PASS,shadow-модель,Ph0,draft:R0-22
R0-23,autonomous ownerless progress: last free после ухода owner без новых вызовов; worker start failure,installed SeferAlloc + start_maintenance(),production,любая,—,native + Miri,,,—,активации нет — в Фазе 0 не проверялся,—,мутант не определён,false,docs/design/2026-10-01-proof-obligation-registry-draft.md;docs/reviews/2026-10-01-refactor-ph0-obligations-receipt.md,f776ace8797b4361696511e1d02a3e784777d1a71ad913117df534f2e2c1fae7;0030796d9463bb1b142e433dd68c47f82e58121ee55fb2308dd52b7fed056fef,shipping-installed,NOT_RUN,в Фазе 0 не проверялся (ACTIVE.md:165),Ph0,draft:R0-23
R0-24,W+3: reissue по удержанному exact-layout capability без physical dealloc,isolated/Sefer — witness не выбран,—,—,—,Miri SB / TB,,,—,запуск не производился (шаг 1a),—,—,false,docs/design/2026-10-01-proof-obligation-registry-draft.md;docs/reviews/2026-10-01-refactor-ph0-obligations-receipt.md,f776ace8797b4361696511e1d02a3e784777d1a71ad913117df534f2e2c1fae7;0030796d9463bb1b142e433dd68c47f82e58121ee55fb2308dd52b7fed056fef,isolated-witness,NOT_RUN,шаг 1a плана; witness не определён,Ph0,draft:R0-24
R0-25,cost: CPU/op; RSS/commit; p99; System-вызовы нового backend (агрегат черновика),installed SeferAlloc; A/B,production internals bench-internals,Linux x86_64 (WSL2),rustc 1.98.1; valgrind 3.22.0; iai-runner 0.14.2,release; measurement; A/B B0 7d80d7e1 vs C fd954856 (src/ == main HEAD),fd954856acab9aa3015b30d49c87c58d2436d796,C tree 17bdf9b88fb773296d11506c001f76acbc1739f8; B 7d80d7e1fb6127b7747831ee61738b948a9b32f9 tree 5e5da6d1e0409aaadbd7e2f6b573722b43e44edb,sha256 бинарей B и C — docs/perf/PH6B_COST_AB_identity.txt,частично: см. R6b-01..R6b-07,—,—,false,docs/perf/PH6B_COST_AB.md;docs/perf/PH6B_COST_AB_summary.csv,91c288ff6b083ebbc0a9113d3ac7499dd07f0d87ec94152f0730c228b2f63a5b;a320838610c819a1d2c9a853af3df17f1d8645cfe98e13f1b337efec86e1ec32,bench-only,CONDITIONAL,"агрегат: iai и RSS PASS (R6b-05, R6b-03), wall-clock INCONCLUSIVE/CONDITIONAL (R6b-01, R6b-07), p99/System-вызовы/page faults NOT_RUN (R6b-02/04/06); условный GO — docs/perf/PH6B_COST_AB.md §7",Ph0,draft:R0-25
R0-26,R0-01..R0-23 на Linux/macOS/aarch64,—,—,non-Windows (Linux/macOS/aarch64),—,—,,,—,прогоны не выполнялись,—,—,false,docs/design/2026-10-01-proof-obligation-registry-draft.md;docs/reviews/2026-10-01-refactor-ph0-obligations-receipt.md,f776ace8797b4361696511e1d02a3e784777d1a71ad913117df534f2e2c1fae7;0030796d9463bb1b142e433dd68c47f82e58121ee55fb2308dd52b7fed056fef,tool-only,NOT_RUN,кросс-платформенная матрица Фазы 0 не прогонялась,Ph0,draft:R0-26
R-PG3,iai-плечо спайка off-body NextTable (cold/recycle); пороги ADR hot <= +2% / refill <= +5%,benches/perf_gate_iai (85 бенчей),production bench-internals,Linux x86_64 (WSL),callgrind 3.22.0,release; 1 прогон на плечо (Ir детерминирован),8a0286166a07c3ff35258836400d94f16c7994cd,—,—,iai-прогон плеча spike vs base,mimalloc-плечи A/A: ΔIr = +0.000%; max ΔEstCycles +0.545%; hot small_churn_16b +9.732% ΔEstCycles; refill cold_alloc_free_256x16b_4n +92.162%; 31/85 бенчей >= +25% ΔEstCycles,—,false,docs/perf/PG3_OFFBODY_SPIKE_IAI.md;docs/perf/PG3_OFFBODY_SPIKE_IAI_summary.csv,ceebad77fea70c3b8e078d41b50d80de890acd3c35c4a277c200803bb7945c19;935e8b737080bfa93a1d349980dd64d8cf6816380cb409eeeaf1884957c77a9b,bench-only,FAIL,"resolved-by-decision: docs/design/2026-10-05-adr-addendum-ph3c-path-b.md — off-body учёт отменён решением владельца (shipping slab не затронут); пороги превышены: hot small_churn_16b +9.732% ΔEstCycles при <= +2%; refill cold_alloc_free_256x16b_4n +92.162% при <= +5%; 31/85 бенчей >= +25%; ~100% прироста — drain_segment_sidecar; spike-not-merged:8a028616 (коммит только в локальной ветке спайка, не в main и не в CI-клоне)",PG-3,draft:R-PG3
R-Ph3a-native,Small issuance как приватная транзакция prepare->commit (IssueTransaction),"tests/r11_ph3a_issue_transaction_scalar.rs, tests/r11_ph3a_issue_transaction_batch.rs, tests/r11_ph3a_magazine_refill_partial.rs, tests/r11_ph3a_reserve_promotion_fault.rs (IssueTransaction, уровень AllocCore)",production internals bench-internals + alloc-core,Windows x86_64,—,native debug; iai (WSL+callgrind),876429d2a63ce73dd248bbacc4c6d6c528692cbb,tree 07ba7fb5bedb95c09407d10ca35596bdbd7e5db7,—,tests/r11_ph3a_issue_transaction_scalar.rs; tests/r11_ph3a_issue_transaction_batch.rs; r11_ph3a_reserve/magazine,r11_ph3a_scalar/batch/reserve/magazine: 4x test result: ok. 1 passed,3 Ph7b mutants: (a) set_head<prepare — FAILED scalar_issue_transactions_roll_back_before_commit_and_retry_after (head 192512 vs 192528); (b) inc_live<prepare — FAILED same test (live 1 vs 0); (c) add_live(out.len()) — FAILED batch_issue_transactions_commit_only_the_prepared_run (421 vs 261),true,docs/reviews/2026-10-06-ph7-reverification-at-head.md;docs/reviews/2026-10-02-ph3a-issue-transaction-receipt.md,8ff86959759e8bec531b04d29d1110df1c427aa6440287febe062da6b3d4f6d5;db830a88a440d8c292be7c2c3ec4d0437d9282fc411f19f8057530f1c38bed56,crate-internal,PASS,Ph7b: фактические мутант-ловцы отличаются от старого receipt,Ph3a,draft:R-Ph3a
R-Ph3a-iai,Small issuance как приватная транзакция prepare->commit (IssueTransaction),"tests/r11_ph3a_issue_transaction_scalar.rs, tests/r11_ph3a_issue_transaction_batch.rs, tests/r11_ph3a_magazine_refill_partial.rs, tests/r11_ph3a_reserve_promotion_fault.rs (IssueTransaction, уровень AllocCore)",production internals bench-internals + alloc-core,Windows x86_64,—,native debug; iai (WSL+callgrind),faf253e9f18895c1044a20923f0f8df36b6d092a,"матрица Ph3a снята на faf253e9; тесты мигрированы на lease-API в 5083e4bc (Ph4c; механическая замена claim/recycle на lease, поведение сохранено), влито в HEAD",—,прогон новых tests/r11_ph3a_*.rs + мутант-прогоны + iai,4 новых теста зелёные; iai hot −0.354% Ir (refill до −2.670% EstCycles),мутанты (a)/(b)/(c) красные,false,docs/reviews/2026-10-02-ph3a-issue-transaction-receipt.md,db830a88a440d8c292be7c2c3ec4d0437d9282fc411f19f8057530f1c38bed56,crate-internal,CONDITIONAL,iai-замер не перепроверен: перезапуск iai запрещён рамками Ph7b,Ph3a,draft:R-Ph3a
R-Ph3b,kind-aware входы выдачи/освобождения: единый приватный определитель BlockKind по kind_at,installed SeferAlloc,production internals bench-internals (ключевой тест под medium-classes),Windows x86_64,—,native debug,876429d2a63ce73dd248bbacc4c6d6c528692cbb,tree 07ba7fb5bedb95c09407d10ca35596bdbd7e5db7,—,прогон tests/r11_ph3b_kind_aware_entries.rs + мутант-прогоны + iai,r11_ph3b_kind_aware_entries: 5 passed (observed; old receipt said 7),мутант (a) красный (tests/r11_ph3b_kind_aware_entries.rs:1052); (b)/(c) нативно зелёные (исход идентичен — гигиена; не контрфактуал),false,docs/reviews/2026-10-06-ph7-reverification-at-head.md;docs/reviews/2026-10-02-ph3b-kind-aware-entries-receipt.md,8ff86959759e8bec531b04d29d1110df1c427aa6440287febe062da6b3d4f6d5;5619239074fa1a19b76c787edd3946dfd7cc7ab2d561269c8caa13ababb61289,crate-internal,PASS,"Ph7b: наблюдалось 5 passed, не 7 как в старом receipt",Ph3b,draft:R-Ph3b
R4a-01,Miri lease lifecycle claim->drop->claim через границу потоков,tests/r11_ph4a_lease_miri.rs::lease_claim_drop_reclaim_across_threads_under_miri,alloc-global alloc-xthread internals,Windows x86_64 (host-Miri),miri 0.1.0 (3659db0d3e 2026-07-05) / nightly-x86_64-pc-windows-msvc,Miri SB (strict-provenance),876429d2a63ce73dd248bbacc4c6d6c528692cbb,tree 07ba7fb5bedb95c09407d10ca35596bdbd7e5db7,—,cargo miri test --test r11_ph4a_lease_miri с MIRIFLAGS -Zmiri-strict-provenance,r11_ph4a_lease_miri: 1 passed (Miri -Zmiri-strict-provenance -Zmiri-disable-isolation),мутанты M1..M5 — отдельные строки R4a-05..R4a-09,false,docs/reviews/2026-10-06-ph7-reverification-at-head.md;docs/perf/_raw_ph4a_miri_lease.log;docs/reviews/2026-10-05-ph4a-heap-lease-receipt.md,8ff86959759e8bec531b04d29d1110df1c427aa6440287febe062da6b3d4f6d5;9071e793dc28caea0392aa51e994121f8996c2a1e22485ef7d906fa0e4708f7d;e8dd453da9a302d6e863bee245b49a2469df33d0dfc1111c362da2812b8893f2,crate-internal,PASS,Ph7b: Miri strict-provenance прогон подтверждён,Ph4a,ph4a:miri-strict
R4a-02,Miri lease lifecycle в SB default (без MIRIFLAGS),tests/r11_ph4a_lease_miri.rs::lease_claim_drop_reclaim_across_threads_under_miri,alloc-global alloc-xthread internals,Windows x86_64 (host-Miri),miri 0.1.0 (3659db0d3e 2026-07-05) / nightly-x86_64-pc-windows-msvc,Miri SB (default),0c8d198a3b8a6f3a9460cf3cf153f4530a7d8a0c,git diff sha256 c6a67365663bfd9febf3d3edbd72988896cf14ed03818cf01935ea06648085e4,—,cargo miri test --test r11_ph4a_lease_miri без MIRIFLAGS,_raw_ph4a_miri_lease.log: test result: ok (7.94s),—,false,docs/perf/_raw_ph4a_miri_lease.log;docs/reviews/2026-10-05-ph4a-heap-lease-receipt.md,9071e793dc28caea0392aa51e994121f8996c2a1e22485ef7d906fa0e4708f7d;e8dd453da9a302d6e863bee245b49a2469df33d0dfc1111c362da2812b8893f2,crate-internal,PASS,pass 2 (SB; default),Ph4a,ph4a:miri-sb-default
R4a-03,полный регресс production internals после Ph4a,cargo test --features production internals (все тесты),production internals,Windows x86_64,rustc 1.97.0 (2d8144b78 2026-07-07),native debug,0c8d198a3b8a6f3a9460cf3cf153f4530a7d8a0c,git diff sha256 c6a67365663bfd9febf3d3edbd72988896cf14ed03818cf01935ea06648085e4,—,cargo test --features production internals,_raw_ph4a_cargo_test_prod_internals.log: 322 бинарника; все зелёные,исключения r1_04 / r6_route_directory_model зелёные и на main 18d76472 и в ph4a (не краснели),false,docs/perf/_raw_ph4a_cargo_test_prod_internals.log;docs/reviews/2026-10-05-ph4a-heap-lease-receipt.md,91ae36cbdfe4748631ac0d038ee183ae3282c7ad393de05bede5e2ebc749b8f7;e8dd453da9a302d6e863bee245b49a2469df33d0dfc1111c362da2812b8893f2,crate-internal,PASS,красное состояние исключений из постановки задачи не воспроизводится,Ph4a,ph4a:regress-prod-internals
R4a-04,полный регресс production alloc-stats после Ph4a,cargo test --features production alloc-stats bench-internals internals,production alloc-stats bench-internals internals,Windows x86_64,rustc 1.97.0 (2d8144b78 2026-07-07),native debug,0c8d198a3b8a6f3a9460cf3cf153f4530a7d8a0c,git diff sha256 c6a67365663bfd9febf3d3edbd72988896cf14ed03818cf01935ea06648085e4,—,cargo test --features production alloc-stats bench-internals internals,_raw_ph4a_cargo_test_prod_allocstats.log: 324 результата; все зелёные,положительный регресс; 0 failed,false,docs/perf/_raw_ph4a_cargo_test_prod_allocstats.log;docs/reviews/2026-10-05-ph4a-heap-lease-receipt.md,1dae5fd2708910b3addd16247832c2ee3855e9cad746aa149ddcd1461817e723;e8dd453da9a302d6e863bee245b49a2469df33d0dfc1111c362da2812b8893f2,crate-internal,PASS,полный регресс зелёный,Ph4a,ph4a:regress-allocstats
R4a-05,M1: Ordering::Release->Relaxed в HeapLease::drop CAS,loom_r11_ph4a_heap_lease (DROP_ORDERING),alloc-global alloc-xthread internals tagged-index-stack/loom,Windows x86_64,—,Loom (--cfg loom),0c8d198a3b8a6f3a9460cf3cf153f4530a7d8a0c,git diff sha256 c6a67365663bfd9febf3d3edbd72988896cf14ed03818cf01935ea06648085e4,—,мутант применён; прогон loom-ловца; откат; повторный прогон зелёный,loom красный: Causality violation: Concurrent write accesses to UnsafeCell (потерян HB-эдж owner-payload -> claimant),мутант M1 пойман loom-ловцом DROP_ORDERING; после отката ловец зелёный,true,docs/reviews/2026-10-05-ph4a-heap-lease-receipt.md,e8dd453da9a302d6e863bee245b49a2469df33d0dfc1111c362da2812b8893f2,shadow-model,PASS,нативный детерминированный HB-ловец для M1 невозможен из tests/ — ловец в loom-модели,Ph4a,ph4a:M1
R4a-06,M2: дроп/вход по проигранному CAS (guard убран),loom shadow-модель HeapLease,alloc-global alloc-xthread internals tagged-index-stack/loom,Windows x86_64,—,Loom (--cfg loom),0c8d198a3b8a6f3a9460cf3cf153f4530a7d8a0c,git diff sha256 c6a67365663bfd9febf3d3edbd72988896cf14ed03818cf01935ea06648085e4,—,мутант применён; прогон loom-ловца; откат,loom красный: проигравший дропает слот; CAS LIVE->FREE в дропе проваливается (abort-аналог),мутант M2 пойман loom-моделью; после отката зелёный,true,docs/reviews/2026-10-05-ph4a-heap-lease-receipt.md,e8dd453da9a302d6e863bee245b49a2469df33d0dfc1111c362da2812b8893f2,shadow-model,PASS,сценарий вне Safety-контракта — безопасного нативного ловца нет,Ph4a,ph4a:M2
R4a-07,M3: core() после Drop,loom shadow-модель HeapLease,alloc-global alloc-xthread internals tagged-index-stack/loom,Windows x86_64,—,Loom (--cfg loom),0c8d198a3b8a6f3a9460cf3cf153f4530a7d8a0c,git diff sha256 c6a67365663bfd9febf3d3edbd72988896cf14ed03818cf01935ea06648085e4,—,мутант применён; прогон loom-ловца; откат,loom красный: Causality violation: Concurrent write accesses to UnsafeCell (use-after-drop гонка со следующим claimant),мутант M3 пойман loom-моделью; после отката зелёный,true,docs/reviews/2026-10-05-ph4a-heap-lease-receipt.md,e8dd453da9a302d6e863bee245b49a2469df33d0dfc1111c362da2812b8893f2,shadow-model,PASS,use-after-drop детектируется только в модели,Ph4a,ph4a:M3
R4a-08,M4: claim без гейта initialised (всегда re-claim),tests::regression_claim_oom_initialised_gate,production internals,Windows x86_64,rustc 1.97.0 (2d8144b78 2026-07-07),native debug,876429d2a63ce73dd248bbacc4c6d6c528692cbb,tree 07ba7fb5bedb95c09407d10ca35596bdbd7e5db7,—,мутант применён; прогон ловца; откат; повторный прогон зелёный,regression_claim_oom_initialised_gate: test result: ok. 3 passed,"M4 mutant if true instead of initialized-check: 0xc0000005 STATUS_ACCESS_VIOLATION, MUTANT_EXIT=5",true,docs/reviews/2026-10-06-ph7-reverification-at-head.md;docs/reviews/2026-10-05-ph4a-heap-lease-receipt.md,8ff86959759e8bec531b04d29d1110df1c427aa6440287febe062da6b3d4f6d5;e8dd453da9a302d6e863bee245b49a2469df33d0dfc1111c362da2812b8893f2,crate-internal,PASS,"Ph7b: baseline 3 passed, M4 mutant caught",Ph4a,ph4a:M4
R4a-09,M5: recycle — CAS безусловным успехом,loom shadow-модель HeapLease (stale recycler),alloc-global alloc-xthread internals tagged-index-stack/loom,Windows x86_64,—,Loom (--cfg loom),0c8d198a3b8a6f3a9460cf3cf153f4530a7d8a0c,git diff sha256 c6a67365663bfd9febf3d3edbd72988896cf14ed03818cf01935ea06648085e4,—,мутант применён; прогон loom-ловца; откат,loom красный: authority-CAS maintenance-дропа проваливается (abort-аналог),мутант M5 пойман loom-моделью; после отката зелёный,true,docs/reviews/2026-10-05-ph4a-heap-lease-receipt.md,e8dd453da9a302d6e863bee245b49a2469df33d0dfc1111c362da2812b8893f2,shadow-model,PASS,нативный registry_basic::double_recycle_is_safe_noop НЕ краснеет (повторный recycle уже-FREE слота семантически no-op); нативный сценарий вне Safety-контракта — BLOCKED,Ph4a,ph4a:M5
R4a-10,закрыт пробел: loom-shadow не красит production-Drop; source-pin требует Release у CAS LIVE->FREE,tests/r11_ph4a_drop_ordering_pinned.rs,production internals,Windows x86_64,rustc 1.97.0 (2d8144b78 2026-07-07),native debug,876429d2a63ce73dd248bbacc4c6d6c528692cbb,tree 07ba7fb5bedb95c09407d10ca35596bdbd7e5db7,—,прогон source-pin теста на чистом коде; контрфактуал Relaxed в production-Drop красный (проверено приёмкой),r11_ph4a_drop_ordering_pinned: test result: ok. 2 passed,"mutant Release->Relaxed — FAILED lease_drop_publishes_live_to_free_with_release, MUTANT_EXIT=101",true,docs/reviews/2026-10-06-ph7-reverification-at-head.md;docs/reviews/2026-10-05-ph4a-heap-lease-receipt.md,8ff86959759e8bec531b04d29d1110df1c427aa6440287febe062da6b3d4f6d5;e8dd453da9a302d6e863bee245b49a2469df33d0dfc1111c362da2812b8893f2,crate-internal,PASS,"Ph7b: pin 2 passed, Release→Relaxed mutant caught",Ph4a,ph4a:drop-ordering-pin
R4b-01,полный регресс production internals после Ph4b,cargo test --features production internals,production internals,Windows x86_64,rustc 1.97.0 (2d8144b78 2026-07-07),native debug,a0dc988d412aff0823d592d7340f3be60df8c0f2,git diff sha256 1169e763e5c99bb3dc05d32356f52705d9014fbf0470f52d71ee9dd472d2d1fb,—,cargo test --features production internals (CARGO_TARGET_DIR=target-ph4b),_raw_ph4b_cargo_test_prod_internals.log: 329 бинарников; 566 passed; зелёные,исключения r1_04 / r6_route_directory_model не краснели (2 passed + 1 ignored; 3 passed),false,docs/perf/_raw_ph4b_cargo_test_prod_internals.log;docs/reviews/2026-10-05-ph4b-tls-lease-receipt.md,600d5124971484834402f02289817f488e0490673f1df03281cf11cf083391bc;91433f9a61a8ac6450c150053839d3588e66fc8e0f6d288e34de2f0288a341ee,crate-internal,PASS,полный регресс зелёный,Ph4b,ph4b:regress-prod-internals
R4b-02,полный регресс production alloc-stats после Ph4b,cargo test --features production alloc-stats bench-internals internals,production alloc-stats bench-internals internals,Windows x86_64,rustc 1.97.0 (2d8144b78 2026-07-07),native debug,a0dc988d412aff0823d592d7340f3be60df8c0f2,git diff sha256 1169e763e5c99bb3dc05d32356f52705d9014fbf0470f52d71ee9dd472d2d1fb,—,cargo test --features production alloc-stats bench-internals internals,_raw_ph4b_cargo_test_prod_allocstats.log: 329 бинарников; 708 passed; зелёные,положительный регресс; 0 failed,false,docs/perf/_raw_ph4b_cargo_test_prod_allocstats.log;docs/reviews/2026-10-05-ph4b-tls-lease-receipt.md,19083490409b3061de261fe69a64802b1f02ebc1d66b4d8aa827a72ab383afdc;91433f9a61a8ac6450c150053839d3588e66fc8e0f6d288e34de2f0288a341ee,crate-internal,PASS,полный регресс зелёный,Ph4b,ph4b:regress-allocstats
R4b-03,Loom publish || recycle || drain: exactly-once consume; CAS-loser не drain'ит,loom_r11_ph4b_publish_recycle_drain,alloc-global alloc-xthread internals tagged-index-stack/loom,Windows x86_64,—,Loom (--cfg loom),a0dc988d412aff0823d592d7340f3be60df8c0f2,git diff sha256 1169e763e5c99bb3dc05d32356f52705d9014fbf0470f52d71ee9dd472d2d1fb,—,scripts/loom.mjs -> loom_r11_ph4b_publish_recycle_drain,_raw_ph4b_loom.log: publication_survives_recycle_and_is_consumed_exactly_once ... ok,мутанты L1/L2/L3 — строки R4b-13..R4b-15,false,docs/perf/_raw_ph4b_loom.log;docs/reviews/2026-10-05-ph4b-tls-lease-receipt.md,697fb38acb9e70edaa65654cacf363f56c23666d7f4becb06cf5ba50f181b282;91433f9a61a8ac6450c150053839d3588e66fc8e0f6d288e34de2f0288a341ee,shadow-model,PASS,shadow-модель (проверяет data-целостность; не S2-упорядочивание production state-CAS),Ph4b,ph4b:loom
R4b-04,Miri lease teardown lifecycle (strict-provenance),tests/r11_ph4b_lease_miri.rs::lease_teardown_lifecycle_same_thread_under_miri,alloc-global alloc-xthread internals,Windows x86_64 (host-Miri),miri 0.1.0 (3659db0d3e 2026-07-05) / nightly-x86_64-pc-windows-msvc,Miri SB (strict-provenance),a0dc988d412aff0823d592d7340f3be60df8c0f2,git diff sha256 1169e763e5c99bb3dc05d32356f52705d9014fbf0470f52d71ee9dd472d2d1fb,—,cargo miri test --test r11_ph4b_lease_miri с MIRIFLAGS -Zmiri-strict-provenance,_raw_ph4b_miri_strict_provenance.log: test result: ok (7.89s),—,false,docs/perf/_raw_ph4b_miri_strict_provenance.log;docs/reviews/2026-10-05-ph4b-tls-lease-receipt.md,d594bc6969d59ad393cdaae8ca77ea4bded7efcbe720f9d99dcef514bf7bae7d;91433f9a61a8ac6450c150053839d3588e66fc8e0f6d288e34de2f0288a341ee,crate-internal,PASS,claim -> lease-surface -> drop -> re-claim по hint -> drop -> второй slot; lease !Send,Ph4b,ph4b:miri-strict
R4b-05,Miri lease teardown lifecycle SB default,tests/r11_ph4b_lease_miri.rs::lease_teardown_lifecycle_same_thread_under_miri,alloc-global alloc-xthread internals,Windows x86_64 (host-Miri),miri 0.1.0 (3659db0d3e 2026-07-05) / nightly-x86_64-pc-windows-msvc,Miri SB (default),a0dc988d412aff0823d592d7340f3be60df8c0f2,git diff sha256 1169e763e5c99bb3dc05d32356f52705d9014fbf0470f52d71ee9dd472d2d1fb,—,cargo miri test --test r11_ph4b_lease_miri без MIRIFLAGS,_raw_ph4b_miri_sb.log: test result: ok (7.89s),—,false,docs/perf/_raw_ph4b_miri_sb.log;docs/reviews/2026-10-05-ph4b-tls-lease-receipt.md,05d36c7666ebbdf6267b1b051f8167e79904e4bb7687b187b857d33c83164945;91433f9a61a8ac6450c150053839d3588e66fc8e0f6d288e34de2f0288a341ee,crate-internal,PASS,SB default (без MIRIFLAGS),Ph4b,ph4b:miri-sb
R4b-06,P2-негативный контроль: без worker публикации в FREE-слоте остаются pending,tests/r11_ph4b_no_worker_pending_stays.rs,production internals,Windows x86_64,rustc 1.97.0 (2d8144b78 2026-07-07),native (изолированный дочерний процесс),876429d2a63ce73dd248bbacc4c6d6c528692cbb,tree 07ba7fb5bedb95c09407d10ca35596bdbd7e5db7,—,прогон теста в изолированном дочернем процессе,r11_ph4b_no_worker_pending_stays: 1 passed,негативный контроль: pending не двигаются без worker,false,docs/reviews/2026-10-06-ph7-reverification-at-head.md;docs/reviews/2026-10-05-ph4b-tls-lease-receipt.md,8ff86959759e8bec531b04d29d1110df1c427aa6440287febe062da6b3d4f6d5;91433f9a61a8ac6450c150053839d3588e66fc8e0f6d288e34de2f0288a341ee,shipping-installed,PASS,Ph7b: изолированный pin на HEAD — 1 passed,Ph4b,ph4b:no-worker-pending
R4b-07,Spawn-ошибка не оставляет полуактивации; retry успешен,tests/r11_ph4b_spawn_failure_retry_releases_leases.rs,production internals bench-internals,Windows x86_64,rustc 1.97.0 (2d8144b78 2026-07-07),native debug,876429d2a63ce73dd248bbacc4c6d6c528692cbb,tree 07ba7fb5bedb95c09407d10ca35596bdbd7e5db7,—,"cargo test --test r11_ph4b_spawn_failure_retry_releases_leases --features ""production internals bench-internals""",r11_ph4b_spawn_failure_retry_releases_leases: 1 passed,—,false,docs/reviews/2026-10-06-ph7-reverification-at-head.md;docs/reviews/2026-10-05-ph4b-tls-lease-receipt.md,8ff86959759e8bec531b04d29d1110df1c427aa6440287febe062da6b3d4f6d5;91433f9a61a8ac6450c150053839d3588e66fc8e0f6d288e34de2f0288a341ee,crate-internal,PASS,Ph7b: свежий spawn retry прогон — 1 passed,Ph4b,ph4b:spawn-failure-retry
R4b-08,M-A: drop(lease) до trim_for_recycle (мутации после освобождения слота),tests/r11_ph4b_late_publication_across_recycle_exactly_once.rs (реальный #[global_allocator]),alloc-global alloc-xthread alloc-stats,Windows x86_64,rustc 1.97.0 (2d8144b78 2026-07-07),native debug,a0dc988d412aff0823d592d7340f3be60df8c0f2,git diff sha256 1169e763e5c99bb3dc05d32356f52705d9014fbf0470f52d71ee9dd472d2d1fb,—,мутант применён; прогон exactly-once теста; откат,crash дочернего процесса 0xC0000409 (abort по сломанному single-writer протоколу),мутант M-A пойман crash-ом; после отката ловец зелёный,true,docs/reviews/2026-10-05-ph4b-tls-lease-receipt.md,91433f9a61a8ac6450c150053839d3588e66fc8e0f6d288e34de2f0288a341ee,shipping-installed,PASS,детект crash-shaped (abort дочернего процесса); не oracle-assert; набор мутант-прогона в receipt не зафиксирован — выставлен минимальный cfg-набор теста,Ph4b,ph4b:M-A
R4b-09,M-B: rollback LOCAL := null ПОСЛЕ drop(lease),tests/r11_ph4b_local_no_drop_pinned.rs (source pin п. d),production internals,Windows x86_64,rustc 1.97.0 (2d8144b78 2026-07-07),native debug,876429d2a63ce73dd248bbacc4c6d6c528692cbb,tree 07ba7fb5bedb95c09407d10ca35596bdbd7e5db7,—,мутант применён; прогон source-pin; откат,finish_bind rollback pin: baseline 3 passed,"Ph7b mutant: drop(lease) before unpublish — FAILED finish_bind_rollback_unpublishes_local_before_the_lease_drop, MUTANT_EXIT=101",true,docs/reviews/2026-10-06-ph7-reverification-at-head.md;docs/reviews/2026-10-05-ph4b-tls-lease-receipt.md,8ff86959759e8bec531b04d29d1110df1c427aa6440287febe062da6b3d4f6d5;91433f9a61a8ac6450c150053839d3588e66fc8e0f6d288e34de2f0288a341ee,crate-internal,PASS,Ph7b: baseline 3 passed и rollback mutant caught,Ph4b,ph4b:M-B
R4b-10,M-C: удаление/подавление trim_for_recycle,tests/r11_ph4b_late_publication_across_recycle_exactly_once.rs,production internals alloc-stats,Windows x86_64,rustc 1.97.0 (2d8144b78 2026-07-07),native debug,a0dc988d412aff0823d592d7340f3be60df8c0f2,git diff sha256 1169e763e5c99bb3dc05d32356f52705d9014fbf0470f52d71ee9dd472d2d1fb,—,мутант применён; прогон exactly-once теста,тест остался зелёным — trim_for_recycle идемпотентен; оракул 0 != 1 не различает,мутант M-C НЕ пойман,false,docs/reviews/2026-10-05-ph4b-tls-lease-receipt.md,91433f9a61a8ac6450c150053839d3588e66fc8e0f6d288e34de2f0288a341ee,shipping-installed,INCONCLUSIVE,"слабость ловца: trim_for_recycle идемпотентен; оракул consume ровно один раз не различает 0 и 1 trim'а; закрыто позже оракулом Ph4c (см. R4c-01) ; features восстановлены из cfg-гейта теста (исходный набор в источнике не записан); под ""production internals"" без alloc-stats тест выкомпилирован, вывод «мутант не пойман» мог быть пустым прогоном",Ph4b,ph4b:M-C
R4b-11,M-D: TORN-стамп после release,tests/r11_ph4b_teardown_ordering_pinned.rs (source pin),production internals,Windows x86_64,rustc 1.97.0 (2d8144b78 2026-07-07),native debug,876429d2a63ce73dd248bbacc4c6d6c528692cbb,tree 07ba7fb5bedb95c09407d10ca35596bdbd7e5db7,—,мутант применён; прогон source-pin; откат,teardown ordering pin: baseline 2 passed,"Ph7b mutant: mark torn after lease drop — FAILED teardown_stamps_torn_then_trims_then_releases_the_slot, MUTANT_EXIT=101",true,docs/reviews/2026-10-06-ph7-reverification-at-head.md;docs/reviews/2026-10-05-ph4b-tls-lease-receipt.md,8ff86959759e8bec531b04d29d1110df1c427aa6440287febe062da6b3d4f6d5;91433f9a61a8ac6450c150053839d3588e66fc8e0f6d288e34de2f0288a341ee,crate-internal,PASS,Ph7b: baseline 2 passed и teardown mutant caught,Ph4b,ph4b:M-D
R4b-12,M-E': GUARD — хранение lease не через take/set-перемещение (double-drop поверхность),tests/r11_ph4b_local_no_drop_pinned.rs (source pin п. b),production internals,Windows x86_64,rustc 1.97.0 (2d8144b78 2026-07-07),native debug,876429d2a63ce73dd248bbacc4c6d6c528692cbb,tree 07ba7fb5bedb95c09407d10ca35596bdbd7e5db7,—,мутант применён; прогон source-pin; откат,typed lease guard pin: baseline 3 passed,"Ph7b mutant Cell→RefCell — FAILED guard_stores_the_typed_lease_option, MUTANT_EXIT=101",true,docs/reviews/2026-10-06-ph7-reverification-at-head.md;docs/reviews/2026-10-05-ph4b-tls-lease-receipt.md,8ff86959759e8bec531b04d29d1110df1c427aa6440287febe062da6b3d4f6d5;91433f9a61a8ac6450c150053839d3588e66fc8e0f6d288e34de2f0288a341ee,crate-internal,PASS,Ph7b: baseline 3 passed и Cell→RefCell mutant caught,Ph4b,ph4b:M-E
R4b-13,L1: DROP_ORDERING Release->Relaxed (Drop-CAS),loom_r11_ph4b_publish_recycle_drain,alloc-global alloc-xthread internals tagged-index-stack/loom,Windows x86_64,—,Loom (--cfg loom),a0dc988d412aff0823d592d7340f3be60df8c0f2,git diff sha256 1169e763e5c99bb3dc05d32356f52705d9014fbf0470f52d71ee9dd472d2d1fb,—,мутант применён; прогон loom-модели,мутант выжил: модель проверяет data-целостность (payload/pending); не S2-упорядочивание state-CAS,мутант L1 НЕ пойман,false,docs/reviews/2026-10-05-ph4b-tls-lease-receipt.md,91433f9a61a8ac6450c150053839d3588e66fc8e0f6d288e34de2f0288a341ee,shadow-model,INCONCLUSIVE,модель транскрибирует упорядочивания; но оракулы наблюдают data-целостность; а не HB-эдж state-CAS; частично закрыто source-pin R4a-10 / R4b-11,Ph4b,ph4b:L1
R4b-14,L2: ослабление Acquire claim-CAS,loom_r11_ph4b_publish_recycle_drain,alloc-global alloc-xthread internals tagged-index-stack/loom,Windows x86_64,—,Loom (--cfg loom),a0dc988d412aff0823d592d7340f3be60df8c0f2,git diff sha256 1169e763e5c99bb3dc05d32356f52705d9014fbf0470f52d71ee9dd472d2d1fb,—,мутант применён; прогон loom-модели,мутант выжил (аналогично L1),мутант L2 НЕ пойман,false,docs/reviews/2026-10-05-ph4b-tls-lease-receipt.md,91433f9a61a8ac6450c150053839d3588e66fc8e0f6d288e34de2f0288a341ee,shadow-model,INCONCLUSIVE,аналогично L1; частично закрыто source-pin'ами,Ph4b,ph4b:L2
R4b-15,L3: проигравший CAS дропает/drain'ит (снят owner-guard active),loom_r11_ph4b_publish_recycle_drain,alloc-global alloc-xthread internals tagged-index-stack/loom,Windows x86_64,—,Loom (--cfg loom),a0dc988d412aff0823d592d7340f3be60df8c0f2,git diff sha256 1169e763e5c99bb3dc05d32356f52705d9014fbf0470f52d71ee9dd472d2d1fb,—,мутант применён; прогон loom-модели; откат,loom красный: нарушение exactly-once mutator-guard в модели,мутант L3 пойман loom-моделью,true,docs/reviews/2026-10-05-ph4b-tls-lease-receipt.md,91433f9a61a8ac6450c150053839d3588e66fc8e0f6d288e34de2f0288a341ee,shadow-model,PASS,exactly-once нарушен в модели; после отката зелёный,Ph4b,ph4b:L3
R4c-01,M-C оракул: trim при re-claim consume ровно один раз,tests/r11_ph4c_ingress_consume_exactly_once_oracle.rs (2 теста; Mutex),production internals bench-internals,Windows x86_64,rustc 1.97.0 (2d8144b78 2026-07-07),native debug,876429d2a63ce73dd248bbacc4c6d6c528692cbb,tree 07ba7fb5bedb95c09407d10ca35596bdbd7e5db7,—,прогон оракула; наблюдатели SIDECAR_INGRESS_DRAIN_CALLS / SIDECAR_INGRESS_RECORDS_CONSUMED,"ingress oracle: 20/20 runs ok, 2 passed each","Ph7b Large fetch_add(1→2) mutant — FAILED reclaim_trim (16→32), MUTANT_EXIT=101",true,docs/reviews/2026-10-06-ph7-reverification-at-head.md;docs/reviews/2026-10-05-ph4c-narrow-legacy-registry-receipt.md,8ff86959759e8bec531b04d29d1110df1c427aa6440287febe062da6b3d4f6d5;db27dc5979884e63843c94fd332d0112e87e21fb6aee34b0b375954c1c54c188,crate-internal,PASS,Ph7b: оракул 20/20 ok и Large mutant caught,Ph4c,ph4c:oracle
R4c-02,Loom-переприёмка 5 моделей,loom_r8_maintenance_lease + loom_r11_ph4a_heap_lease + loom_r11_ph4b_publish_recycle_drain + loom_r11_registry_claim + loom_registry_free_slots,alloc-global alloc-xthread internals tagged-index-stack/loom,Windows x86_64,—,Loom (--cfg loom),5083e4bc89054a1d32c9b00f7699db4e6701a7d2,git diff sha256 b94095fb7cccbc6c21ec4dd8baf8dd2fd4fa411db9272dea2a010dc288eb9bd5,—,scripts/loom.mjs — 5 моделей,Loom 5/5 PASS,мутанты №1/№11 красные на loom-моделях,false,docs/reviews/2026-10-05-ph4c-narrow-legacy-registry-receipt.md,db27dc5979884e63843c94fd332d0112e87e21fb6aee34b0b375954c1c54c188,shadow-model,PASS,shadow-модели,Ph4c,ph4c:loom5
R4c-03,Miri переприёмка lease lifecycle (SB),tests/r11_ph4a_lease_miri.rs,alloc-global alloc-xthread internals,Windows x86_64 (host-Miri),nightly-x86_64-pc-windows-msvc (miri 0.1.0 3659db0d3e),Miri SB (strict-provenance),5083e4bc89054a1d32c9b00f7699db4e6701a7d2,git diff sha256 b94095fb7cccbc6c21ec4dd8baf8dd2fd4fa411db9272dea2a010dc288eb9bd5,—,cargo miri test --test r11_ph4a_lease_miri,"тест PASS под Miri SB (strict-provenance), переприёмка Ph4a-свидетеля",мутант P1-box Node::write_next не встретился,false,docs/reviews/2026-10-05-ph4c-narrow-legacy-registry-receipt.md,db27dc5979884e63843c94fd332d0112e87e21fb6aee34b0b375954c1c54c188,crate-internal,PASS,переприёмка Ph4a-свидетеля,Ph4c,ph4c:miri-4a
R4c-04,Miri переприёмка lease teardown (SB),tests/r11_ph4b_lease_miri.rs,alloc-global alloc-xthread internals,Windows x86_64 (host-Miri),nightly-x86_64-pc-windows-msvc (miri 0.1.0 3659db0d3e),Miri SB (strict-provenance),5083e4bc89054a1d32c9b00f7699db4e6701a7d2,git diff sha256 b94095fb7cccbc6c21ec4dd8baf8dd2fd4fa411db9272dea2a010dc288eb9bd5,—,cargo miri test --test r11_ph4b_lease_miri,"тест PASS под Miri SB (strict-provenance), переприёмка Ph4b-свидетеля",мутант P1-box Node::write_next не встретился,false,docs/reviews/2026-10-05-ph4c-narrow-legacy-registry-receipt.md,db27dc5979884e63843c94fd332d0112e87e21fb6aee34b0b375954c1c54c188,crate-internal,PASS,переприёмка Ph4b-свидетеля,Ph4c,ph4c:miri-4b
R4c-05,регрессия regression_r2_06_header_race_miri под Miri SB,tests::regression_r2_06_header_race_miri,alloc-global alloc-xthread alloc-decommit bench-internals internals,Windows x86_64 (host-Miri),nightly-x86_64-pc-windows-msvc (miri 0.1.0 3659db0d3e),Miri SB (strict-provenance),5083e4bc89054a1d32c9b00f7699db4e6701a7d2,git diff sha256 b94095fb7cccbc6c21ec4dd8baf8dd2fd4fa411db9272dea2a010dc288eb9bd5,—,прогон теста под Miri SB,SB-краснота pre-existing: scaffold addr as *mut u8 int->ptr cast; в PLAIN-модели PASS,класс известной красноты scaffold,false,docs/reviews/2026-10-05-ph4c-narrow-legacy-registry-receipt.md,db27dc5979884e63843c94fd332d0112e87e21fb6aee34b0b375954c1c54c188,crate-internal,KNOWN-RED,известная краснота Miri-скабболда (int->ptr cast); в штатной PLAIN-модели PASS ; features восстановлены из cfg-гейта теста (исходный набор в источнике не записан),Ph4c,ph4c:miri-r2-06
R4c-06,регрессия regression_xthread_small_ring_miri под Miri SB,tests::regression_xthread_small_ring_miri,alloc-global alloc-xthread internals bench-internals,Windows x86_64 (host-Miri),nightly-x86_64-pc-windows-msvc (miri 0.1.0 3659db0d3e),Miri SB (strict-provenance),5083e4bc89054a1d32c9b00f7699db4e6701a7d2,git diff sha256 b94095fb7cccbc6c21ec4dd8baf8dd2fd4fa411db9272dea2a010dc288eb9bd5,—,прогон теста под Miri SB,тот же класс scaffold-красноты; в PLAIN-модели PASS,класс известной красноты scaffold,false,docs/reviews/2026-10-05-ph4c-narrow-legacy-registry-receipt.md,db27dc5979884e63843c94fd332d0112e87e21fb6aee34b0b375954c1c54c188,crate-internal,KNOWN-RED,известная краснота Miri-скабболда (int->ptr cast); в PLAIN-модели PASS ; features восстановлены из cfg-гейта теста (исходный набор в источнике не записан),Ph4c,ph4c:miri-small-ring
R4c-07,регрессия regression_xthread_thread_free_alias_miri PLAIN,tests::regression_xthread_thread_free_alias_miri,alloc-global alloc-xthread internals,Windows x86_64 (host-Miri),nightly-x86_64-pc-windows-msvc (miri 0.1.0 3659db0d3e),Miri SB (default/PLAIN),5083e4bc89054a1d32c9b00f7699db4e6701a7d2,git diff sha256 b94095fb7cccbc6c21ec4dd8baf8dd2fd4fa411db9272dea2a010dc288eb9bd5,—,прогон теста в PLAIN-модели,PLAIN-модель Miri: тест PASS,—,false,docs/reviews/2026-10-05-ph4c-narrow-legacy-registry-receipt.md,db27dc5979884e63843c94fd332d0112e87e21fb6aee34b0b375954c1c54c188,crate-internal,PASS,PLAIN-модель ; features восстановлены из cfg-гейта теста (исходный набор в источнике не записан),Ph4c,ph4c:miri-thread-free-alias
R4c-08,decommit_miri_cycle SB,tests::decommit_miri_cycle,alloc-core alloc-decommit internals,Windows x86_64 (host-Miri),nightly-x86_64-pc-windows-msvc (miri 0.1.0 3659db0d3e),Miri SB (strict-provenance),5083e4bc89054a1d32c9b00f7699db4e6701a7d2,git diff sha256 b94095fb7cccbc6c21ec4dd8baf8dd2fd4fa411db9272dea2a010dc288eb9bd5,—,прогон теста под Miri SB,decommit_miri_cycle зелёный под Miri SB strict-provenance,—,false,docs/reviews/2026-10-05-ph4c-narrow-legacy-registry-receipt.md,db27dc5979884e63843c94fd332d0112e87e21fb6aee34b0b375954c1c54c188,crate-internal,PASS,Miri SB PASS ; features восстановлены из cfg-гейта теста (исходный набор в источнике не записан),Ph4c,ph4c:miri-decommit
R4c-09,мутант №1: Release->Relaxed в HeapLease::drop CAS,loom_r11_ph4a_heap_lease (DROP_ORDERING),alloc-global alloc-xthread internals tagged-index-stack/loom,Windows x86_64,—,Loom (--cfg loom),5083e4bc89054a1d32c9b00f7699db4e6701a7d2,git diff sha256 b94095fb7cccbc6c21ec4dd8baf8dd2fd4fa411db9272dea2a010dc288eb9bd5,—,мутант применён; прогон loom-ловца; откат,loom красный (data race),мутант №1 пойман loom-моделью; нативные однопоточные не ловят принципиально,true,docs/reviews/2026-10-05-ph4c-narrow-legacy-registry-receipt.md,db27dc5979884e63843c94fd332d0112e87e21fb6aee34b0b375954c1c54c188,shadow-model,PASS,ловец только в loom-shadow модели,Ph4c,ph4c:mut-1
R4c-10,мутант №2: убран reuse_hint.store в Drop,tests::registry_basic::latest_hint_then_fresh_defers_older_free,alloc-global internals,Windows x86_64,rustc 1.97.0 (2d8144b78 2026-07-07),native debug,5083e4bc89054a1d32c9b00f7699db4e6701a7d2,git diff sha256 b94095fb7cccbc6c21ec4dd8baf8dd2fd4fa411db9272dea2a010dc288eb9bd5,—,мутант применён; прогон registry_basic; откат,registry_basic::latest_hint_then_fresh_defers_older_free красный,мутант №2 пойман,true,docs/reviews/2026-10-05-ph4c-narrow-legacy-registry-receipt.md,db27dc5979884e63843c94fd332d0112e87e21fb6aee34b0b375954c1c54c188,crate-internal,PASS,мутант отвергнут,Ph4c,ph4c:mut-2
R4c-11,мутант №3: generation = const 0,tests::registry_basic::recycle_then_claim_reuses_slot_and_bumps_generation,alloc-global internals,Windows x86_64,rustc 1.97.0 (2d8144b78 2026-07-07),native debug,5083e4bc89054a1d32c9b00f7699db4e6701a7d2,git diff sha256 b94095fb7cccbc6c21ec4dd8baf8dd2fd4fa411db9272dea2a010dc288eb9bd5,—,мутант применён; прогон registry_basic; откат,registry_basic::recycle_then_claim_reuses_slot_and_bumps_generation красный,мутант №3 пойман,true,docs/reviews/2026-10-05-ph4c-narrow-legacy-registry-receipt.md,db27dc5979884e63843c94fd332d0112e87e21fb6aee34b0b375954c1c54c188,crate-internal,PASS,мутант отвергнут,Ph4c,ph4c:mut-3
R4c-12,мутант №4: убран trim_for_recycle на re-claim,tests/r11_ph4c_ingress_consume_exactly_once_oracle.rs,production internals bench-internals,Windows x86_64,rustc 1.97.0 (2d8144b78 2026-07-07),native debug,876429d2a63ce73dd248bbacc4c6d6c528692cbb,tree 07ba7fb5bedb95c09407d10ca35596bdbd7e5db7,—,мутант применён; прогон оракула; откат,reclaim_trim baseline: test result: ok. 2 passed,"Ph7b mutant removed trim_for_recycle — FAILED reclaim_trim (left 0), MUTANT_EXIT=101",true,docs/reviews/2026-10-06-ph7-reverification-at-head.md;docs/reviews/2026-10-05-ph4c-narrow-legacy-registry-receipt.md,8ff86959759e8bec531b04d29d1110df1c427aa6440287febe062da6b3d4f6d5;db27dc5979884e63843c94fd332d0112e87e21fb6aee34b0b375954c1c54c188,crate-internal,PASS,Ph7b: baseline 2 passed и удаление trim caught,Ph4c,ph4c:mut-4
R4c-13,мутант №5: не публиковать initialised,tests::r11_p3_registry_claim_uninit_oom,production internals bench-internals,Windows x86_64,rustc 1.97.0 (2d8144b78 2026-07-07),native debug,5083e4bc89054a1d32c9b00f7699db4e6701a7d2,git diff sha256 b94095fb7cccbc6c21ec4dd8baf8dd2fd4fa411db9272dea2a010dc288eb9bd5,—,мутант применён; прогон ловца; откат,r11_p3_registry_claim_uninit_oom красный,мутант №5 пойман,true,docs/reviews/2026-10-05-ph4c-narrow-legacy-registry-receipt.md,db27dc5979884e63843c94fd332d0112e87e21fb6aee34b0b375954c1c54c188,crate-internal,PASS,gate-тест ловит только сторону читателя,Ph4c,ph4c:mut-5
R4c-14,мутант №6: убран CONFIG_CONFLICTS инкремент,tests::regression_r4_3_config_conflict,production internals bench-internals,Windows x86_64,rustc 1.97.0 (2d8144b78 2026-07-07),native debug,5083e4bc89054a1d32c9b00f7699db4e6701a7d2,git diff sha256 b94095fb7cccbc6c21ec4dd8baf8dd2fd4fa411db9272dea2a010dc288eb9bd5,—,мутант применён; прогон ловца; откат,regression_r4_3_config_conflict красный,мутант №6 пойман,true,docs/reviews/2026-10-05-ph4c-narrow-legacy-registry-receipt.md,db27dc5979884e63843c94fd332d0112e87e21fb6aee34b0b375954c1c54c188,crate-internal,PASS,мутант отвергнут,Ph4c,ph4c:mut-6
R4c-15,мутант №7: dbg_claim_lease_with_config без конфига,tests::regression_r4_3_config_conflict,production internals bench-internals,Windows x86_64,rustc 1.97.0 (2d8144b78 2026-07-07),native debug,5083e4bc89054a1d32c9b00f7699db4e6701a7d2,git diff sha256 b94095fb7cccbc6c21ec4dd8baf8dd2fd4fa411db9272dea2a010dc288eb9bd5,—,мутант применён; прогон ловца; откат,regression_r4_3_config_conflict красный,мутант №7 пойман,true,docs/reviews/2026-10-05-ph4c-narrow-legacy-registry-receipt.md,db27dc5979884e63843c94fd332d0112e87e21fb6aee34b0b375954c1c54c188,crate-internal,PASS,мутант отвергнут,Ph4c,ph4c:mut-7
R4c-16,мутант №8: try_maintenance_at без initialised-гейта,tests::r8_maintenance_registry,production internals bench-internals,Windows x86_64,rustc 1.97.0 (2d8144b78 2026-07-07),native debug,5083e4bc89054a1d32c9b00f7699db4e6701a7d2,git diff sha256 b94095fb7cccbc6c21ec4dd8baf8dd2fd4fa411db9272dea2a010dc288eb9bd5,—,мутант применён; прогон ловца; откат,r8_maintenance_registry красный: STATUS_ACCESS_VIOLATION,мутант №8 пойман (crash-shaped),true,docs/reviews/2026-10-05-ph4c-narrow-legacy-registry-receipt.md,db27dc5979884e63843c94fd332d0112e87e21fb6aee34b0b375954c1c54c188,crate-internal,PASS,crash-shaped детект,Ph4c,ph4c:mut-8
R4c-17,мутант №9: maintenance игнорирует budget,tests::r8_maintenance_registry (maintenance_pass_for_test),production internals bench-internals,Windows x86_64,rustc 1.97.0 (2d8144b78 2026-07-07),native debug,5083e4bc89054a1d32c9b00f7699db4e6701a7d2,git diff sha256 b94095fb7cccbc6c21ec4dd8baf8dd2fd4fa411db9272dea2a010dc288eb9bd5,—,мутант применён; прогон ловца; откат,r8_maintenance_registry красный,мутант №9 пойман,true,docs/reviews/2026-10-05-ph4c-narrow-legacy-registry-receipt.md,db27dc5979884e63843c94fd332d0112e87e21fb6aee34b0b375954c1c54c188,crate-internal,PASS,мутант отвергнут,Ph4c,ph4c:mut-9
R4c-18,мутант №10: push_back_after_oom -> LIVE,tests::r11_p3_registry_claim_uninit_oom,production internals bench-internals,Windows x86_64,rustc 1.97.0 (2d8144b78 2026-07-07),native debug,5083e4bc89054a1d32c9b00f7699db4e6701a7d2,git diff sha256 b94095fb7cccbc6c21ec4dd8baf8dd2fd4fa411db9272dea2a010dc288eb9bd5,—,мутант применён; прогон ловца; откат,r11_p3_registry_claim_uninit_oom красный,мутант №10 пойман,true,docs/reviews/2026-10-05-ph4c-narrow-legacy-registry-receipt.md,db27dc5979884e63843c94fd332d0112e87e21fb6aee34b0b375954c1c54c188,crate-internal,PASS,мутант отвергнут,Ph4c,ph4c:mut-10
R4c-19,мутант №11: MaintenanceLease::drop Release->Relaxed,loom_r8_maintenance_lease,alloc-global alloc-xthread internals tagged-index-stack/loom,Windows x86_64,—,Loom (--cfg loom),5083e4bc89054a1d32c9b00f7699db4e6701a7d2,git diff sha256 b94095fb7cccbc6c21ec4dd8baf8dd2fd4fa411db9272dea2a010dc288eb9bd5,—,мутант применён; прогон loom-ловца; откат,loom_r8_maintenance_lease красный (shadow),мутант №11 пойман loom-моделью,true,docs/reviews/2026-10-05-ph4c-narrow-legacy-registry-receipt.md,db27dc5979884e63843c94fd332d0112e87e21fb6aee34b0b375954c1c54c188,shadow-model,PASS,ловец только в loom-shadow модели,Ph4c,ph4c:mut-11
R4c-20,мутант №12: with_core дважды в maintenance_pass,tests/r11_ph4c_ingress_consume_exactly_once_oracle.rs::maintenance_pass_ingress_step_runs_exactly_once,production internals bench-internals,Windows x86_64,rustc 1.97.0 (2d8144b78 2026-07-07),native debug,876429d2a63ce73dd248bbacc4c6d6c528692cbb,tree 07ba7fb5bedb95c09407d10ca35596bdbd7e5db7,—,мутант применён; прогон step-оракула; откат,maintenance_pass baseline: test result: ok. 2 passed,"Ph7b duplicate background_maintenance_step mutant — FAILED maintenance_pass_ingress_step_runs_exactly_once_per_maintained_slot (left 2), MUTANT_EXIT=101",true,docs/reviews/2026-10-06-ph7-reverification-at-head.md;docs/reviews/2026-10-05-ph4c-narrow-legacy-registry-receipt.md,8ff86959759e8bec531b04d29d1110df1c427aa6440287febe062da6b3d4f6d5;db27dc5979884e63843c94fd332d0112e87e21fb6aee34b0b375954c1c54c188,crate-internal,PASS,Ph7b: baseline 2 passed и duplicate-step mutant caught,Ph4c,ph4c:mut-12
R4c-21,мутант №13: drain_sidecar_ingress ранний return,tests/r11_ph4c_ingress_consume_exactly_once_oracle.rs,production internals bench-internals,Windows x86_64,rustc 1.97.0 (2d8144b78 2026-07-07),native debug,876429d2a63ce73dd248bbacc4c6d6c528692cbb,tree 07ba7fb5bedb95c09407d10ca35596bdbd7e5db7,—,tests/r11_ph4c_ingress_consume_exactly_once_oracle.rs (entire oracle file),reclaim_trim baseline: test result: ok. 2 passed,"Ph7b early return 0 in drain_sidecar_ingress mutant — FAILED reclaim_trim (left 0), MUTANT_EXIT=101",true,docs/reviews/2026-10-06-ph7-reverification-at-head.md;docs/reviews/2026-10-05-ph4c-narrow-legacy-registry-receipt.md,8ff86959759e8bec531b04d29d1110df1c427aa6440287febe062da6b3d4f6d5;db27dc5979884e63843c94fd332d0112e87e21fb6aee34b0b375954c1c54c188,crate-internal,PASS,"Ph7b: baseline 2 passed; активация — файл оракула целиком, одного красного теста достаточно; второй пинжится R4c-20",Ph4c,ph4c:mut-13
R4c-22,мутант №14: легаси recycle игнорирует CAS,unit legacy_semantics (src/registry/heap_registry/claim.rs) и др.,alloc-global internals,Windows x86_64,rustc 1.97.0 (2d8144b78 2026-07-07),native debug,5083e4bc89054a1d32c9b00f7699db4e6701a7d2,git diff sha256 b94095fb7cccbc6c21ec4dd8baf8dd2fd4fa411db9272dea2a010dc288eb9bd5,—,мутант применён; прогон unit-тестов,мутант выжил: тесты зелёные,мутант №14 НЕ пойман,false,docs/reviews/2026-10-05-ph4c-narrow-legacy-registry-receipt.md,db27dc5979884e63843c94fd332d0112e87e21fb6aee34b0b375954c1c54c188,crate-internal,INCONCLUSIVE,доброкачественный: post-CAS тело recycle публикует только advisory reuse_hint (идемпотентный store); доступ к ядру защищён Acquire-CAS claimant'а; наблюдаемого нарушения нет,Ph4c,ph4c:mut-14
R5b-01,C2 cache SAME-VA reuse,tests/r11_ph5b_c2_same_va_cache.rs,production alloc-stats bench-internals internals,Windows x86_64,—,native debug,80db02af91cfa21d2fc6b47ea415e632a24ccf4d,diff sha256 6534cd8939468328b457b7692430e17a1fd613c8ec3d7be50ed44f0233fe6144 (дерево замера) + landing 80db02af91cfa21d2fc6b47ea415e632a24ccf4d,—,"cargo test --test r11_ph5b_c2_same_va_cache --features ""production alloc-stats bench-internals internals""; 1/1 ok",1/1 ok (cache-hit oracle + нули),мутант sidecar-reclamation — отдельная строка R5b-04,false,docs/reviews/2026-10-05-ph5b-hardening-matrix.md,620cd76542430a967e8ec17599cef2d22268439cb6af61b133724925626ee0f4,low-level-api,PASS,cached-VA reuse; не OS release/unmap,Ph5b,ph5b:C2-same-va
R5b-02,C2 reuse/zeroed после join,tests/r11_ph5b_c2_reuse_after_join.rs,production alloc-stats bench-internals internals,Windows x86_64,—,native debug,80db02af91cfa21d2fc6b47ea415e632a24ccf4d,diff sha256 6534cd8939468328b457b7692430e17a1fd613c8ec3d7be50ed44f0233fe6144 (дерево замера) + landing 80db02af91cfa21d2fc6b47ea415e632a24ccf4d,—,"cargo test --test r11_ph5b_c2_reuse_after_join --features ""production alloc-stats bench-internals internals""",тест зелёный (покрывает zeroed-поведение),—,false,docs/reviews/2026-10-05-ph5b-hardening-matrix.md,620cd76542430a967e8ec17599cef2d22268439cb6af61b133724925626ee0f4,low-level-api,PASS,join zeroed case PASS,Ph5b,ph5b:C2-reuse-join
R5b-03,C2 batch reuse после join,tests/r11_ph5b_c2_batch_reuse_after_join.rs,production batch-api internals,Windows x86_64,—,native debug,80db02af91cfa21d2fc6b47ea415e632a24ccf4d,diff sha256 6534cd8939468328b457b7692430e17a1fd613c8ec3d7be50ed44f0233fe6144 (дерево замера) + landing 80db02af91cfa21d2fc6b47ea415e632a24ccf4d,—,прогон target в обоих batch-api наборах,1/1 PASS в обоих batch-api feature-наборах,мутант lost-publication (R5b-11) красный на этом тесте,false,docs/reviews/2026-10-05-ph5b-hardening-matrix.md,620cd76542430a967e8ec17599cef2d22268439cb6af61b133724925626ee0f4,low-level-api,PASS,в наборе без batch-api — 0 тестов (cfg),Ph5b,ph5b:C2-batch
R5b-04,C2 batch sidecar-reclamation мутант,tests/r11_ph5b_c2_batch_reuse_after_join.rs,production batch-api internals,Windows x86_64,—,native debug,80db02af91cfa21d2fc6b47ea415e632a24ccf4d,diff sha256 6534cd8939468328b457b7692430e17a1fd613c8ec3d7be50ed44f0233fe6144 (дерево замера) + landing 80db02af91cfa21d2fc6b47ea415e632a24ccf4d,—,мутант применён (reclamation disabled); прогон теста,тест остался зелёным с выключенной reclamation,мутант NOT CAUGHT,false,docs/reviews/2026-10-05-ph5b-hardening-matrix.md,620cd76542430a967e8ec17599cef2d22268439cb6af61b133724925626ee0f4,low-level-api,INCONCLUSIVE,мутант не пойман; claim о reclamation НЕ делается,Ph5b,ph5b:C2-mut
R5b-05,C3 own-thread churn и by-value reuse после возврата кадра,tests/r11_ph5b_c3_by_value_churn.rs,production,Windows x86_64,—,native debug,80db02af91cfa21d2fc6b47ea415e632a24ccf4d,diff sha256 6534cd8939468328b457b7692430e17a1fd613c8ec3d7be50ed44f0233fe6144 (дерево замера) + landing 80db02af91cfa21d2fc6b47ea415e632a24ccf4d,—,"cargo test --test r11_ph5b_c3_by_value_churn --features ""production internals""; exact reuse 4 классов 17/64/257/1024",exact reuse по 4 классам (17/64/257/1024),мутант bypass-free-list-pop (R5b-08) красный,false,docs/reviews/2026-10-05-ph5b-hardening-matrix.md,620cd76542430a967e8ec17599cef2d22268439cb6af61b133724925626ee0f4,shipping-installed,PASS,core C3 gate PASS; широкая матрица ограничена,Ph5b,ph5b:C3
R5b-06,C3 под Miri SB,tests/r11_ph5b_c3_by_value_churn.rs,production,Windows x86_64 (host-Miri),nightly (miri),Miri SB (strict-provenance),80db02af91cfa21d2fc6b47ea415e632a24ccf4d,diff sha256 6534cd8939468328b457b7692430e17a1fd613c8ec3d7be50ed44f0233fe6144 (дерево замера) + landing 80db02af91cfa21d2fc6b47ea415e632a24ccf4d,—,cargo miri test --test r11_ph5b_c3_by_value_churn (SB),Miri Stacked Borrows: 1 passed,мутант bypass-free-list-pop,false,docs/reviews/2026-10-05-ph5b-hardening-matrix.md,620cd76542430a967e8ec17599cef2d22268439cb6af61b133724925626ee0f4,shipping-installed,PASS,Miri Stacked Borrows 1 passed,Ph5b,ph5b:C3-sb
R5b-07,C3 под Miri TB,tests/r11_ph5b_c3_by_value_churn.rs,production,Windows x86_64 (host-Miri),nightly (miri),Miri TB (tree-borrows),80db02af91cfa21d2fc6b47ea415e632a24ccf4d,diff sha256 6534cd8939468328b457b7692430e17a1fd613c8ec3d7be50ed44f0233fe6144 (дерево замера) + landing 80db02af91cfa21d2fc6b47ea415e632a24ccf4d,—,cargo miri test --test r11_ph5b_c3_by_value_churn (TB),Miri Tree Borrows: 1 passed,мутант bypass-free-list-pop,false,docs/reviews/2026-10-05-ph5b-hardening-matrix.md,620cd76542430a967e8ec17599cef2d22268439cb6af61b133724925626ee0f4,shipping-installed,PASS,Miri Tree Borrows 1 passed,Ph5b,ph5b:C3-tb
R5b-08,C3 мутант bypass-free-list-pop,tests/r11_ph5b_c3_by_value_churn.rs,production,Windows x86_64,—,native debug,80db02af91cfa21d2fc6b47ea415e632a24ccf4d,diff sha256 6534cd8939468328b457b7692430e17a1fd613c8ec3d7be50ed44f0233fe6144 (дерево замера) + landing 80db02af91cfa21d2fc6b47ea415e632a24ccf4d,—,мутант применён; прогон теста; откат,красный: assertion на точный указатель не выполняется,мутант KILLED,true,docs/reviews/2026-10-05-ph5b-hardening-matrix.md,620cd76542430a967e8ec17599cef2d22268439cb6af61b133724925626ee0f4,shipping-installed,PASS,мутант KILLED на exact-pointer assertion,Ph5b,ph5b:C3-mut
R5b-10,targeted loom_terminal_owner_drain PASS,loom_terminal_owner_drain,alloc-core alloc-xthread,Windows x86_64,—,Loom (--cfg loom --release),80db02af91cfa21d2fc6b47ea415e632a24ccf4d,diff sha256 6534cd8939468328b457b7692430e17a1fd613c8ec3d7be50ed44f0233fe6144 (дерево замера) + landing 80db02af91cfa21d2fc6b47ea415e632a24ccf4d,—,targeted прогон loom_terminal_owner_drain,тест PASS (targeted),это НЕ мутант-результат lost-publication,false,docs/reviews/2026-10-05-ph5b-hardening-matrix.md,620cd76542430a967e8ec17599cef2d22268439cb6af61b133724925626ee0f4,shadow-model,PASS,это НЕ мутант-результат lost-publication (полный Loom-набор cancelled/incomplete),Ph5b,ph5b:C5-loom-targeted
R5b-11,C5 lost-publication мутант: publish_foreign выходит до публикации,tests/r11_ph5b_c2_batch_reuse_after_join.rs,production batch-api internals,Windows x86_64,—,native debug,80db02af91cfa21d2fc6b47ea415e632a24ccf4d,diff sha256 6534cd8939468328b457b7692430e17a1fd613c8ec3d7be50ed44f0233fe6144 (дерево замера) + landing 80db02af91cfa21d2fc6b47ea415e632a24ccf4d,—,мутант применён; прогон batch-теста; откат (приёмка оркестратора),красный: owner did not reuse a freed block,мутант KILLED (нативный оракул потерянной публикации),true,docs/reviews/2026-10-05-ph5b-hardening-matrix.md,620cd76542430a967e8ec17599cef2d22268439cb6af61b133724925626ee0f4,low-level-api,PASS,закрывает lost-publication пробел нативным оракулом (loom это не красит),Ph5b,ph5b:C5-mut
R5b-12,C5 ordering pin (source-pin трёх атомарных рёбер),tests/r11_ph5b_c5_sidecar_ordering_pinned.rs,production,Windows x86_64,—,native debug,80db02af91cfa21d2fc6b47ea415e632a24ccf4d,diff sha256 6534cd8939468328b457b7692430e17a1fd613c8ec3d7be50ed44f0233fe6144 (дерево замера) + landing 80db02af91cfa21d2fc6b47ea415e632a24ccf4d,—,прогон source-pin теста на чистом коде,тест зелёный (пин трёх атомарных рёбер модели),мутанты R5b-13/R5b-14 красные,false,docs/reviews/2026-10-05-ph5b-hardening-matrix.md,620cd76542430a967e8ec17599cef2d22268439cb6af61b133724925626ee0f4,crate-internal,PASS,source-pin трёх атомарных рёбер,Ph5b,ph5b:C5-pin
R5b-13,C5 мутант: SidecarBitmap::publish fetch_or AcqRel->Relaxed,tests/r11_ph5b_c5_sidecar_ordering_pinned.rs,production,Windows x86_64,—,native debug,80db02af91cfa21d2fc6b47ea415e632a24ccf4d,diff sha256 6534cd8939468328b457b7692430e17a1fd613c8ec3d7be50ed44f0233fe6144 (дерево замера) + landing 80db02af91cfa21d2fc6b47ea415e632a24ccf4d,—,мутант применён; прогон пина; откат,красный: producer_publish_is_acqrel_fetch_or,мутант KILLED,true,docs/reviews/2026-10-05-ph5b-hardening-matrix.md,620cd76542430a967e8ec17599cef2d22268439cb6af61b133724925626ee0f4,crate-internal,PASS,мутант KILLED пином; после отката пин зелёный,Ph5b,ph5b:C5-mut-publish
R5b-14,C5 мутант: bitmap_scan cut swap(0) AcqRel->Relaxed,tests/r11_ph5b_c5_sidecar_ordering_pinned.rs,production,Windows x86_64,—,native debug,80db02af91cfa21d2fc6b47ea415e632a24ccf4d,diff sha256 6534cd8939468328b457b7692430e17a1fd613c8ec3d7be50ed44f0233fe6144 (дерево замера) + landing 80db02af91cfa21d2fc6b47ea415e632a24ccf4d,—,мутант применён; прогон пина; откат,красный: owner_cut_is_acqrel_swap,мутант KILLED,true,docs/reviews/2026-10-05-ph5b-hardening-matrix.md,620cd76542430a967e8ec17599cef2d22268439cb6af61b133724925626ee0f4,crate-internal,PASS,мутант KILLED пином,Ph5b,ph5b:C5-mut-cut
R5b-15,C5 pin final-release мутант !=1 -> !=2,tests/r11_p3_small_sidecar_routes.rs,production alloc-global internals bench-internals,Windows x86_64,—,native debug,80db02af91cfa21d2fc6b47ea415e632a24ccf4d,diff sha256 6534cd8939468328b457b7692430e17a1fd613c8ec3d7be50ed44f0233fe6144 (дерево замера) + landing 80db02af91cfa21d2fc6b47ea415e632a24ccf4d,—,reportedly KILLED в prior evidence; сырого лога нет; source restored,reportedly красный: 42496 bytes retained вместо 0,мутант reportedly KILLED (prior evidence; лога нет); poisoned-mutex — каскад,false,docs/reviews/2026-10-05-ph5b-hardening-matrix.md,620cd76542430a967e8ec17599cef2d22268439cb6af61b133724925626ee0f4,low-level-api,CONDITIONAL,reportedly KILLED (prior evidence; сырого лога нет); source restored; poisoned-mutex — каскад; не независимое подтверждение ; features восстановлены из cfg-гейта теста (исходный набор в источнике не записан),Ph5b,ph5b:C5-pin-mut
R5b-16,C6 realloc OOM old-alive,tests/r11_ph5b_c6_realloc_oom_old_alive.rs (GlobalAlloc realloc 1<<62),alloc-global,Windows x86_64,—,native debug,80db02af91cfa21d2fc6b47ea415e632a24ccf4d,diff sha256 6534cd8939468328b457b7692430e17a1fd613c8ec3d7be50ed44f0233fe6144 (дерево замера) + landing 80db02af91cfa21d2fc6b47ea415e632a24ccf4d,—,прогон теста targeted и в all-features,Small->huge и Large->huge: null + сохранность pattern; Windows targeted 2/2; all-features 2/2,мутант dealloc-before-allocation красный (R5b-17),false,docs/reviews/2026-10-05-ph5b-hardening-matrix.md,620cd76542430a967e8ec17599cef2d22268439cb6af61b133724925626ee0f4,low-level-api,PASS,OOM old-alive PASS,Ph5b,ph5b:C6-realloc
R5b-17,C6 realloc-мутант dealloc старого при OOM,tests/r11_ph5b_c6_realloc_oom_old_alive.rs,alloc-global,Windows x86_64,—,native debug,80db02af91cfa21d2fc6b47ea415e632a24ccf4d,diff sha256 6534cd8939468328b457b7692430e17a1fd613c8ec3d7be50ed44f0233fe6144 (дерево замера) + landing 80db02af91cfa21d2fc6b47ea415e632a24ccf4d,—,мутант применён; прогон теста; откат,красный но crash-shaped: STATUS_ACCESS_VIOLATION (не assertion),мутант KILLED (crash-shaped),true,docs/reviews/2026-10-05-ph5b-hardening-matrix.md,620cd76542430a967e8ec17599cef2d22268439cb6af61b133724925626ee0f4,low-level-api,PASS,crash-shaped красный (STATUS_ACCESS_VIOLATION); не assertion-based результат,Ph5b,ph5b:C6-mut
R5b-18,C6 fallback OOM,tests/r11_ph5b_c6_fallback_oom.rs,alloc-global alloc-xthread alloc-decommit internals bench-internals,Windows x86_64,—,native debug,80db02af91cfa21d2fc6b47ea415e632a24ccf4d,diff sha256 6534cd8939468328b457b7692430e17a1fd613c8ec3d7be50ed44f0233fe6144 (дерево замера) + landing 80db02af91cfa21d2fc6b47ea415e632a24ccf4d,—,локальный прогон теста,локальный PASS,мутанты fallback OOM NOT_RUN (R5b-19),false,docs/reviews/2026-10-05-ph5b-hardening-matrix.md,620cd76542430a967e8ec17599cef2d22268439cb6af61b133724925626ee0f4,crate-internal,PASS,локальный PASS; набор фич в receipt/матрице не зафиксирован — выставлен минимальный cfg-набор теста,Ph5b,ph5b:C6-fallback
R5b-19,C6 мутанты fallback OOM,tests/r11_ph5b_c6_fallback_oom.rs,production,Windows x86_64,—,native debug,80db02af91cfa21d2fc6b47ea415e632a24ccf4d,diff sha256 6534cd8939468328b457b7692430e17a1fd613c8ec3d7be50ed44f0233fe6144 (дерево замера) + landing 80db02af91cfa21d2fc6b47ea415e632a24ccf4d,—,не запускались,вердикта нет,мутанты NOT_RUN,false,docs/reviews/2026-10-05-ph5b-hardening-matrix.md,620cd76542430a967e8ec17599cef2d22268439cb6af61b133724925626ee0f4,shipping-installed,NOT_RUN,мутанты fallback OOM не запускались,Ph5b,ph5b:C6-fallback-mut
R5b-20,C6 dealloc system-count baseline,tests/r11_ph5b_c6_dealloc_system_count.rs,production alloc-stats,Windows x86_64,—,native debug,80db02af91cfa21d2fc6b47ea415e632a24ccf4d,diff sha256 6534cd8939468328b457b7692430e17a1fd613c8ec3d7be50ed44f0233fe6144 (дерево замера) + landing 80db02af91cfa21d2fc6b47ea415e632a24ccf4d,—,прогон теста в обоих целевых наборах,1/1 ok в обоих наборах (только наблюдаемый System seam),мутант Vec-insertion (R5b-21) красный,false,docs/reviews/2026-10-05-ph5b-hardening-matrix.md,620cd76542430a967e8ec17599cef2d22268439cb6af61b133724925626ee0f4,crate-internal,PASS,покрыт только наблюдаемый System seam; не каждая возможная внутренняя аллокация,Ph5b,ph5b:C6-count
R5b-21,C6 Vec-insertion мутант (Vec::<u8>::with_capacity(1) в SeferAlloc::dealloc),tests/r11_ph5b_c6_dealloc_system_count.rs,production alloc-stats,Windows x86_64,—,native debug,80db02af91cfa21d2fc6b47ea415e632a24ccf4d,diff sha256 6534cd8939468328b457b7692430e17a1fd613c8ec3d7be50ed44f0233fe6144 (дерево замера) + landing 80db02af91cfa21d2fc6b47ea415e632a24ccf4d,—,мутант применён; прогон теста с wait_for-фиксом; откат,красный: System.alloc during dealloc,мутант KILLED,true,docs/reviews/2026-10-05-ph5b-hardening-matrix.md,620cd76542430a967e8ec17599cef2d22268439cb6af61b133724925626ee0f4,crate-internal,PASS,ранняя попытка зависла (61 мин; остановлена); после wait_for-фикса (дедлайн 30с) — красный; после отката baseline зелёный 3/3,Ph5b,ph5b:C6-vec-mut
R5b-22,C7 CI-матрица: Linux x86_64/aarch64 (cross/QEMU); Windows; macOS arm64,CI jobs (ci.yml),все ключевые feature-строки,CI (ubuntu/windows/macos),CI,CI,80db02af91cfa21d2fc6b47ea415e632a24ccf4d,diff sha256 6534cd8939468328b457b7692430e17a1fd613c8ec3d7be50ed44f0233fe6144 (дерево замера) + landing 80db02af91cfa21d2fc6b47ea415e632a24ccf4d,—,CI-прогоны по landing SHA,вердикт по landing SHA,—,false,docs/reviews/2026-10-05-ph5b-hardening-matrix.md,620cd76542430a967e8ec17599cef2d22268439cb6af61b133724925626ee0f4,tool-only,CI_PENDING,CI-матрица есть; вердикт по landing SHA,Ph5b,ph5b:C7-ci
R5b-23,нативный ARM-хост,нативный прогон на ARM,—,native ARM,—,native,80db02af91cfa21d2fc6b47ea415e632a24ccf4d,diff sha256 6534cd8939468328b457b7692430e17a1fd613c8ec3d7be50ed44f0233fe6144 (дерево замера) + landing 80db02af91cfa21d2fc6b47ea415e632a24ccf4d,—,не запускалось,нативного ARM-железа нет (aarch64 — только cross/QEMU в CI),—,false,docs/reviews/2026-10-05-ph5b-hardening-matrix.md,620cd76542430a967e8ec17599cef2d22268439cb6af61b133724925626ee0f4,tool-only,NOT_RUN,true native ARM NOT_RUN,Ph5b,ph5b:C7-arm
R5b-24,macOS локально,нативный прогон на macOS arm64,—,macOS arm64,—,native,80db02af91cfa21d2fc6b47ea415e632a24ccf4d,diff sha256 6534cd8939468328b457b7692430e17a1fd613c8ec3d7be50ed44f0233fe6144 (дерево замера) + landing 80db02af91cfa21d2fc6b47ea415e632a24ccf4d,—,не запускалось,локального macOS-тулчейна нет,—,false,docs/reviews/2026-10-05-ph5b-hardening-matrix.md,620cd76542430a967e8ec17599cef2d22268439cb6af61b133724925626ee0f4,tool-only,NOT_RUN,macOS локально NOT_RUN,Ph5b,ph5b:C7-macos
R5b-25,подтверждающий regress на 6ebeceb8 + дерево,cargo test --features production alloc-stats bench-internals internals,production alloc-stats bench-internals internals,Windows x86_64,—,native debug,80db02af91cfa21d2fc6b47ea415e632a24ccf4d,diff sha256 6534cd8939468328b457b7692430e17a1fd613c8ec3d7be50ed44f0233fe6144 (дерево замера) + landing 80db02af91cfa21d2fc6b47ea415e632a24ccf4d,—,cargo test --features production alloc-stats bench-internals internals,EXIT=0; 341 блок test result: все ok; passed=718; проваленных=0; ignored=7; 3м42с,—,false,docs/reviews/2026-10-05-ph5b-hardening-matrix.md,620cd76542430a967e8ec17599cef2d22268439cb6af61b133724925626ee0f4,crate-internal,PASS,подтверждающий прогон 2026-10-05 (без мутаций),Ph5b,ph5b:regress-confirm
R5c-01,(б) fallback при насыщении registry (MAX_HEAPS): claim до None -> fallback -> recovery,tests/r11_ph5c_registry_saturation_fallback.rs,production internals,Windows x86_64,—,native debug,876429d2a63ce73dd248bbacc4c6d6c528692cbb,tree 07ba7fb5bedb95c09407d10ca35596bdbd7e5db7,—,прогон теста (дрен dbg_claim_lease до None),r11_ph5c_registry_saturation_fallback: 1 passed,"мутант Ph7b (цикл R5c-11): return Fallback -> panic в exhausted-ноге — паника ""mutant: registry exhausted"" зафиксирована (--nocapture), MUTANT_EXIT=9; baseline r11_ph5c_registry_saturation_fallback 1 passed",true,docs/reviews/2026-10-06-ph7-reverification-at-head.md;docs/reviews/2026-10-05-ph5c-hardening-matrix.md,8ff86959759e8bec531b04d29d1110df1c427aa6440287febe062da6b3d4f6d5;12e7a594330c746d4313daeb91f93d0e18adb4d9125c25035917b13689c379af,crate-internal,PASS,Ph7b: свежий saturation прогон — 1 passed,Ph5c,ph5c:saturation
R5c-02,(в) trim идемпотентность после join,tests/r11_ph5c_trim_idempotent_after_join.rs,production internals,Windows x86_64,—,native debug,ba557ca4d4719a09da70ebe7c7debe0e51bce4ee,матрица снята в worktree ph5c до приземления,—,"cargo test --test r11_ph5c_trim_idempotent_after_join --features ""production internals""",trim; trim — второй release-дельта 0; trim при живом peer и после join; >4 МиБ живых малых блоков целы,мутант release_empty_current_small_for_trim красный (R5c-12),false,docs/reviews/2026-10-05-ph5c-hardening-matrix.md,12e7a594330c746d4313daeb91f93d0e18adb4d9125c25035917b13689c379af,shipping-installed,PASS,второй подряд trim — no-op release-дельта,Ph5c,ph5c:trim
R5c-03,(д) GlobalAlloc realloc Small<->Large при align > 16,tests/r11_ph5c_global_realloc_high_align.rs,production internals,Windows x86_64,—,native debug,ba557ca4d4719a09da70ebe7c7debe0e51bce4ee,матрица снята в worktree ph5c до приземления,—,"cargo test --test r11_ph5c_global_realloc_high_align --features ""production internals"" (native)",align 32..4096 и 2*page_size(): содержимое побайтно; alloc_zeroed нули; 2/2,мутант realloc own-segment move leg красный (R5c-13),false,docs/reviews/2026-10-05-ph5c-hardening-matrix.md,12e7a594330c746d4313daeb91f93d0e18adb4d9125c25035917b13689c379af,shipping-installed,PASS,align>16 сам по себе не уводит в Large — выбор размеров (Small 512B; Large >= SEGMENT),Ph5c,ph5c:realloc-high-align
R5c-04,(д) realloc high align под Miri SB,tests/r11_ph5c_global_realloc_high_align.rs,production internals,Windows x86_64 (host-Miri),cargo +nightly miri,Miri SB (strict-provenance),ba557ca4d4719a09da70ebe7c7debe0e51bce4ee,матрица снята в worktree ph5c до приземления,—,cargo miri test (MIRIFLAGS -Zmiri-strict-provenance),Miri SB (strict-provenance): 2/2 PASS,—,false,docs/reviews/2026-10-05-ph5c-hardening-matrix.md,12e7a594330c746d4313daeb91f93d0e18adb4d9125c25035917b13689c379af,shipping-installed,PASS,Miri SB 2/2,Ph5c,ph5c:realloc-sb
R5c-05,(д) realloc high align под Miri TB,tests/r11_ph5c_global_realloc_high_align.rs,production internals,Windows x86_64 (host-Miri),cargo +nightly miri,Miri TB (tree-borrows),ba557ca4d4719a09da70ebe7c7debe0e51bce4ee,матрица снята в worktree ph5c до приземления,—,cargo miri test (MIRIFLAGS -Zmiri-tree-borrows),Miri TB (tree-borrows): 2/2 PASS,—,false,docs/reviews/2026-10-05-ph5c-hardening-matrix.md,12e7a594330c746d4313daeb91f93d0e18adb4d9125c25035917b13689c379af,shipping-installed,PASS,Miri TB 2/2,Ph5c,ph5c:realloc-tb
R5c-06,(е) narrow-reborrow Box<[u8;N]> N=1..7; Box/Vec/String через global_allocator,tests/r11_ph5c_narrow_reborrow_box_vec_string.rs,production internals,Windows x86_64,—,native debug,ba557ca4d4719a09da70ebe7c7debe0e51bce4ee,матрица снята в worktree ph5c до приземления,—,"cargo test --test r11_ph5c_narrow_reborrow_box_vec_string --features ""production internals"" (native)",Box<[u8;N]> N=1..7 by-value consume с narrow reborrow; dirty-reuse оракул (alloc->0xff->free->alloc_zeroed->нули); Vec 8->5МиБ Small->Large; String UTF-8,мутант HeapCore::alloc_zeroed красный (R5c-14),false,docs/reviews/2026-10-05-ph5c-hardening-matrix.md,12e7a594330c746d4313daeb91f93d0e18adb4d9125c25035917b13689c379af,shipping-installed,PASS,полная вертикаль N=1..7; не дублирует miri-свидетеля C1,Ph5c,ph5c:narrow
R5c-07,(е) narrow box-нога под Miri SB,tests/r11_ph5c_narrow_reborrow_box_vec_string.rs::narrow_reborrow_box_arrays,production internals,Windows x86_64 (host-Miri),cargo +nightly miri,Miri SB (strict-provenance),ba557ca4d4719a09da70ebe7c7debe0e51bce4ee,матрица снята в worktree ph5c до приземления,—,cargo miri test (MIRIFLAGS -Zmiri-strict-provenance),1/1 PASS (только box-нога),—,false,docs/reviews/2026-10-05-ph5c-hardening-matrix.md,12e7a594330c746d4313daeb91f93d0e18adb4d9125c25035917b13689c379af,shipping-installed,PASS,Vec/String-ноги вне вычислимости Miri; box-нога покрыта,Ph5c,ph5c:narrow-sb
R5c-08,(е) narrow box-нога под Miri TB,tests/r11_ph5c_narrow_reborrow_box_vec_string.rs::narrow_reborrow_box_arrays,production internals,Windows x86_64 (host-Miri),cargo +nightly miri,Miri TB (tree-borrows),ba557ca4d4719a09da70ebe7c7debe0e51bce4ee,матрица снята в worktree ph5c до приземления,—,cargo miri test (MIRIFLAGS -Zmiri-tree-borrows),1/1 PASS (только box-нога),—,false,docs/reviews/2026-10-05-ph5c-hardening-matrix.md,12e7a594330c746d4313daeb91f93d0e18adb4d9125c25035917b13689c379af,shipping-installed,PASS,Vec/String-ноги вне вычислимости Miri,Ph5c,ph5c:narrow-tb
R5c-09,(б) saturation fallback под Miri,tests/r11_ph5c_registry_saturation_fallback.rs,production internals,Windows x86_64 (host-Miri),cargo +nightly miri,Miri SB (strict-provenance),ba557ca4d4719a09da70ebe7c7debe0e51bce4ee,матрица снята в worktree ph5c до приземления,—,не запускалось — вне вычислимости,NOT_APPLICABLE под Miri: дрен 2216 слотов ~ материализация тысяч куч + реальные TLS-потоки,—,false,docs/reviews/2026-10-05-ph5c-hardening-matrix.md,12e7a594330c746d4313daeb91f93d0e18adb4d9125c25035917b13689c379af,shipping-installed,NOT_RUN,вне вычислимости Miri (дрен 2216 слотов ≈ материализация тысяч куч + реальные TLS-потоки),Ph5c,ph5c:saturation-miri
R5c-10,(в) trim idempotent под Miri,tests/r11_ph5c_trim_idempotent_after_join.rs,production internals,Windows x86_64 (host-Miri),cargo +nightly miri,Miri SB (strict-provenance),ba557ca4d4719a09da70ebe7c7debe0e51bce4ee,матрица снята в worktree ph5c до приземления,—,не запускалось — вне вычислимости,NOT_APPLICABLE под Miri: 6 МиБ живых Small-блоков + cross-thread join,—,false,docs/reviews/2026-10-05-ph5c-hardening-matrix.md,12e7a594330c746d4313daeb91f93d0e18adb4d9125c25035917b13689c379af,shipping-installed,NOT_RUN,Miri не воспроизводит реальный teardown-порядок; 6 МиБ живых Small-блоков вне вычислимости,Ph5c,ph5c:trim-miri
R5c-11,мутант finish_bind exhaustion-ветка -> panic!,tests/r11_ph5c_registry_saturation_fallback.rs,production internals,Windows x86_64,—,native debug,876429d2a63ce73dd248bbacc4c6d6c528692cbb,tree 07ba7fb5bedb95c09407d10ca35596bdbd7e5db7,—,мутант применён (fallback-арм удалена); прогон теста; откат,r11_ph5c_registry_saturation_fallback baseline: 1 passed,"Ph7b Fallback→panic mutant: panic mutant: registry exhausted (--nocapture), MUTANT_EXIT=9",true,docs/reviews/2026-10-06-ph7-reverification-at-head.md;docs/reviews/2026-10-05-ph5c-hardening-matrix.md,8ff86959759e8bec531b04d29d1110df1c427aa6440287febe062da6b3d4f6d5;12e7a594330c746d4313daeb91f93d0e18adb4d9125c25035917b13689c379af,crate-internal,PASS,Ph7b: baseline 1 passed; panic mutant зафиксирован с --nocapture,Ph5c,ph5c:mut-bind
R5c-12,мутант release_empty_current_small_for_trim без guard live_count!=0,tests/r11_ph5c_trim_idempotent_after_join.rs,production internals,Windows x86_64,—,native debug,ba557ca4d4719a09da70ebe7c7debe0e51bce4ee,матрица снята в worktree ph5c до приземления,—,мутант применён; прогон теста; откат,красный: STATUS_ACCESS_VIOLATION на чтении живого блока; откат зелёный,мутант KILLED,true,docs/reviews/2026-10-05-ph5c-hardening-matrix.md,12e7a594330c746d4313daeb91f93d0e18adb4d9125c25035917b13689c379af,shipping-installed,PASS,первая версия теста SURVIVED (блоки в primordial) — усилено до >4 МиБ живых малых блоков,Ph5c,ph5c:mut-trim
R5c-13,мутант realloc own-segment move leg copy=min->1,tests/r11_ph5c_global_realloc_high_align.rs,production internals,Windows x86_64,—,native debug,ba557ca4d4719a09da70ebe7c7debe0e51bce4ee,матрица снята в worktree ph5c до приземления,—,мутант применён; прогон теста; откат (git diff --stat -- src пуст),детерминированный красный: crash в libtest-harness; 2/2 запуска; откат зелёный,мутант KILLED,true,docs/reviews/2026-10-05-ph5c-hardening-matrix.md,12e7a594330c746d4313daeb91f93d0e18adb4d9125c25035917b13689c379af,shipping-installed,PASS,детерминированный красный (crash в libtest-harness; 2/2); откат зелёный,Ph5c,ph5c:mut-realloc
R5c-14,мутант HeapCore::alloc_zeroed Small-нога Node::zero отключён,tests/r11_ph5c_narrow_reborrow_box_vec_string.rs,production internals,Windows x86_64,—,native debug,ba557ca4d4719a09da70ebe7c7debe0e51bce4ee,матрица снята в worktree ph5c до приземления,—,мутант применён (if false); прогон теста; откат,красный: dirty-reuse vec![0;512] nonzero; откат зелёный,мутант KILLED,true,docs/reviews/2026-10-05-ph5c-hardening-matrix.md,12e7a594330c746d4313daeb91f93d0e18adb4d9125c25035917b13689c379af,shipping-installed,PASS,первая версия без dirty-оракула SURVIVED — усилена (alloc->0xff->free->alloc_zeroed),Ph5c,ph5c:mut-zeroed
R5c-15,мутант realloc чужой move leg (~строка 418),tests/r11_ph5c_global_realloc_high_align.rs,production internals,Windows x86_64,—,native debug,ba557ca4d4719a09da70ebe7c7debe0e51bce4ee,матрица снята в worktree ph5c до приземления,—,мутант применён; прогон теста,мутант SURVIVED — не путь под production (реальный путь own-segment ~строка 336),мутант не пойман,false,docs/reviews/2026-10-05-ph5c-hardening-matrix.md,12e7a594330c746d4313daeb91f93d0e18adb4d9125c25035917b13689c379af,shipping-installed,INCONCLUSIVE,не путь под production (реальный путь own-segment ~:336); coverage не заявляется,Ph5c,ph5c:mut-realloc-other
R5c-16,мутант AllocCore::alloc_zeroed (не-zero Small),tests/r11_ph5c_narrow_reborrow_box_vec_string.rs,production internals,Windows x86_64,—,native debug,ba557ca4d4719a09da70ebe7c7debe0e51bce4ee,матрица снята в worktree ph5c до приземления,—,мутант применён; прогон теста,мутант SURVIVED — под production GlobalAlloc-путь идёт через HeapCore::alloc_zeroed,мутант не пойман,false,docs/reviews/2026-10-05-ph5c-hardening-matrix.md,12e7a594330c746d4313daeb91f93d0e18adb4d9125c25035917b13689c379af,shipping-installed,INCONCLUSIVE,под production GlobalAlloc-путь идёт через HeapCore::alloc_zeroed; coverage не заявляется,Ph5c,ph5c:mut-alloc-core-zeroed
R6a-A1,native Windows production internals: полный cargo test,cargo test (native Windows),production internals,Windows x86_64,rustc 1.97.0 (2d8144b78 2026-07-07),native debug,fd954856acab9aa3015b30d49c87c58d2436d796,"матрица на ba557ca4d4719a09da70ebe7c7debe0e51bce4ee + D1/D2 (tests/), влиты в fd954856acab9aa3015b30d49c87c58d2436d796; src/ чист",—,"cargo test --features ""production internals""",лог native_win_production_internals.log: test registry_saturation_routes_to_fallback_and_back ... ok,positive-marker из лога,false,docs/reviews/2026-10-05-ph6a-correctness-matrix.md;docs/reviews/2026-10-05-ph6a-correctness-matrix.csv,6b0af118477fb1d75102be28daeb680148c3d4405228b7d2c9114436f8158149;a804b2a2d13de32c22fe058d673ed9981087b7df80fe4f0b2b300bd2e402bc91,crate-internal,PASS,клетка A1 матрицы Ph6a,Ph6a,cell A1
R6a-A2,production --lib --tests,cargo test --lib --tests,production,Windows x86_64,rustc 1.97.0 (2d8144b78 2026-07-07),native debug,fd954856acab9aa3015b30d49c87c58d2436d796,"матрица на ba557ca4d4719a09da70ebe7c7debe0e51bce4ee + D1/D2 (tests/), влиты в fd954856acab9aa3015b30d49c87c58d2436d796; src/ чист",—,cargo test --lib --tests,лог f_prod2.log: test result: ok. 10 passed; EXIT=0,полный cargo test без --lib --tests красный на by-design compile-fail bait examples/sol_f1_dbg_carve_batch_negative_probe.rs (граница internals; Sol-F1) — НЕ дефект,false,docs/reviews/2026-10-05-ph6a-correctness-matrix.md;docs/reviews/2026-10-05-ph6a-correctness-matrix.csv,6b0af118477fb1d75102be28daeb680148c3d4405228b7d2c9114436f8158149;a804b2a2d13de32c22fe058d673ed9981087b7df80fe4f0b2b300bd2e402bc91,crate-internal,PASS,полный cargo test красный только на compile-fail bait — by-design; не дефект,Ph6a,cell A2
R6a-A3,alloc-global internals bench-internals,cargo test,alloc-global internals bench-internals,Windows x86_64,rustc 1.97.0 (2d8144b78 2026-07-07),native debug,fd954856acab9aa3015b30d49c87c58d2436d796,"матрица на ba557ca4d4719a09da70ebe7c7debe0e51bce4ee + D1/D2 (tests/), влиты в fd954856acab9aa3015b30d49c87c58d2436d796; src/ чист",—,"cargo test --features ""alloc-global internals bench-internals""",лог f_allocglob2.log: EXIT=0; test result: ok. 2 passed,первый прогон EXIT=9 — дефект D1 (tests; saturation-тест); после фикса зелёный,false,docs/reviews/2026-10-05-ph6a-correctness-matrix.md;docs/reviews/2026-10-05-ph6a-correctness-matrix.csv,6b0af118477fb1d75102be28daeb680148c3d4405228b7d2c9114436f8158149;a804b2a2d13de32c22fe058d673ed9981087b7df80fe4f0b2b300bd2e402bc91,crate-internal,PASS,первый прогон EXIT=9 по D1 (дефект tests; не src),Ph6a,cell A3
R6a-A4,production alloc-stats,cargo test,production alloc-stats bench-internals internals,Windows x86_64,rustc 1.97.0 (2d8144b78 2026-07-07),native debug,fd954856acab9aa3015b30d49c87c58d2436d796,"матрица на ba557ca4d4719a09da70ebe7c7debe0e51bce4ee + D1/D2 (tests/), влиты в fd954856acab9aa3015b30d49c87c58d2436d796; src/ чист",—,"cargo test --features ""production alloc-stats bench-internals internals""",лог f_allocstats.log: 346 x test result: ok; test fallback_oom_injection_nulls_alloc_and_recovers_when_disarmed ... ok; test registry_saturation_routes_to_fallback_and_back ... ok; EXIT=0,положительный регресс; EXIT=0,false,docs/reviews/2026-10-05-ph6a-correctness-matrix.md;docs/reviews/2026-10-05-ph6a-correctness-matrix.csv,6b0af118477fb1d75102be28daeb680148c3d4405228b7d2c9114436f8158149;a804b2a2d13de32c22fe058d673ed9981087b7df80fe4f0b2b300bd2e402bc91,crate-internal,PASS,346 наборов ok,Ph6a,cell A4
R6a-A5,batch-api,cargo test,batch-api internals,Windows x86_64,rustc 1.97.0 (2d8144b78 2026-07-07),native debug,fd954856acab9aa3015b30d49c87c58d2436d796,"матрица на ba557ca4d4719a09da70ebe7c7debe0e51bce4ee + D1/D2 (tests/), влиты в fd954856acab9aa3015b30d49c87c58d2436d796; src/ чист",—,"cargo test --features ""batch-api internals""",лог f_batch.log: 345 x test result: ok; EXIT=0,положительный регресс; EXIT=0,false,docs/reviews/2026-10-05-ph6a-correctness-matrix.md;docs/reviews/2026-10-05-ph6a-correctness-matrix.csv,6b0af118477fb1d75102be28daeb680148c3d4405228b7d2c9114436f8158149;a804b2a2d13de32c22fe058d673ed9981087b7df80fe4f0b2b300bd2e402bc91,crate-internal,PASS,345 наборов ok,Ph6a,cell A5
R6a-A6,pinning,cargo test,pinning,Windows x86_64,rustc 1.97.0 (2d8144b78 2026-07-07),native debug,fd954856acab9aa3015b30d49c87c58d2436d796,"матрица на ba557ca4d4719a09da70ebe7c7debe0e51bce4ee + D1/D2 (tests/), влиты в fd954856acab9aa3015b30d49c87c58d2436d796; src/ чист",—,"cargo test --features ""pinning""",лог f_pinning.log: 345 x test result: ok; EXIT=0,положительный регресс; EXIT=0,false,docs/reviews/2026-10-05-ph6a-correctness-matrix.md;docs/reviews/2026-10-05-ph6a-correctness-matrix.csv,6b0af118477fb1d75102be28daeb680148c3d4405228b7d2c9114436f8158149;a804b2a2d13de32c22fe058d673ed9981087b7df80fe4f0b2b300bd2e402bc91,crate-internal,PASS,345 наборов ok,Ph6a,cell A6
R6a-A7,hardened medium-classes internals,cargo test,hardened medium-classes internals,Windows x86_64,rustc 1.97.0 (2d8144b78 2026-07-07),native debug,fd954856acab9aa3015b30d49c87c58d2436d796,"матрица на ba557ca4d4719a09da70ebe7c7debe0e51bce4ee + D1/D2 (tests/), влиты в fd954856acab9aa3015b30d49c87c58d2436d796; src/ чист",—,"cargo test --features ""hardened medium-classes internals""",лог f_hardened2.log: EXIT=0; test result: ok. 9 passed,первый прогон EXIT=9 по D1; после фикса зелёный,false,docs/reviews/2026-10-05-ph6a-correctness-matrix.md;docs/reviews/2026-10-05-ph6a-correctness-matrix.csv,6b0af118477fb1d75102be28daeb680148c3d4405228b7d2c9114436f8158149;a804b2a2d13de32c22fe058d673ed9981087b7df80fe4f0b2b300bd2e402bc91,crate-internal,PASS,первый прогон EXIT=9 по D1,Ph6a,cell A7
R6a-A8,CI-строка virgin-zero-skip,cargo test --no-fail-fast,production virgin-zero-skip alloc-stats bench-internals internals,Windows x86_64,rustc 1.97.0 (2d8144b78 2026-07-07),native debug,fd954856acab9aa3015b30d49c87c58d2436d796,"матрица на ba557ca4d4719a09da70ebe7c7debe0e51bce4ee + D1/D2 (tests/), влиты в fd954856acab9aa3015b30d49c87c58d2436d796; src/ чист",—,cargo test --no-fail-fast,лог f_vzs2.log: EXIT=0,поддерживаемая линия — только CI-строка,false,docs/reviews/2026-10-05-ph6a-correctness-matrix.md;docs/reviews/2026-10-05-ph6a-correctness-matrix.csv,6b0af118477fb1d75102be28daeb680148c3d4405228b7d2c9114436f8158149;a804b2a2d13de32c22fe058d673ed9981087b7df80fe4f0b2b300bd2e402bc91,crate-internal,PASS,CI-строка зелёная,Ph6a,cell A8
R6a-A8b,голый virgin-zero-skip (cfg-broken),cargo test,virgin-zero-skip,Windows x86_64,rustc 1.97.0 (2d8144b78 2026-07-07),native debug,fd954856acab9aa3015b30d49c87c58d2436d796,"матрица на ba557ca4d4719a09da70ebe7c7debe0e51bce4ee + D1/D2 (tests/), влиты в fd954856acab9aa3015b30d49c87c58d2436d796; src/ чист",—,cargo test (голый feature),лог f_vzs.log: error[E0432]: unresolved import sefer_alloc::SeferAlloc (EXIT=101),cfg-broken; 0 тестов,false,docs/reviews/2026-10-05-ph6a-correctness-matrix.md;docs/reviews/2026-10-05-ph6a-correctness-matrix.csv,6b0af118477fb1d75102be28daeb680148c3d4405228b7d2c9114436f8158149;a804b2a2d13de32c22fe058d673ed9981087b7df80fe4f0b2b300bd2e402bc91,crate-internal,NOT_RUN,NOT_RUN(cfg-broken): E0432 SeferAlloc без alloc-global; поддерживаемая линия — только CI-строка A8,Ph6a,cell A8b
R6a-A9,--all-features,cargo test --all-features,--all-features,Windows x86_64,rustc 1.97.0 (2d8144b78 2026-07-07),native debug,fd954856acab9aa3015b30d49c87c58d2436d796,"матрица на ba557ca4d4719a09da70ebe7c7debe0e51bce4ee + D1/D2 (tests/), влиты в fd954856acab9aa3015b30d49c87c58d2436d796; src/ чист",—,cargo test --all-features,лог f_allfeat.log: EXIT=0; все зелёные,положительный регресс; EXIT=0,false,docs/reviews/2026-10-05-ph6a-correctness-matrix.md;docs/reviews/2026-10-05-ph6a-correctness-matrix.csv,6b0af118477fb1d75102be28daeb680148c3d4405228b7d2c9114436f8158149;a804b2a2d13de32c22fe058d673ed9981087b7df80fe4f0b2b300bd2e402bc91,crate-internal,PASS,all-features зелёный на Windows,Ph6a,cell A9
R6a-A10,numa_shim_mock --all-features,RUSTFLAGS=--cfg numa_shim_mock cargo test --all-features,numa_shim_mock --all-features,Windows x86_64,rustc 1.97.0 (2d8144b78 2026-07-07),native debug,876429d2a63ce73dd248bbacc4c6d6c528692cbb,tree 07ba7fb5bedb95c09407d10ca35596bdbd7e5db7,—,RUSTFLAGS=--cfg numa_shim_mock cargo test --all-features,"--all-features numa_shim_mock full: FULL_EXIT=0, 346 бинарников — все тесты test result: ok",красные только r6_fix_p3_numa_unknown_bucket и segment_directory_numa_high_node_ids -> KNOWN-RED строки R6a-EX3/EX4; первый прогон NOT_RUN(infra) sccache os error 10054 (D3),false,docs/reviews/2026-10-06-ph7-reverification-at-head.md;docs/reviews/2026-10-05-ph6a-correctness-matrix.md;docs/reviews/2026-10-05-ph6a-correctness-matrix.csv,8ff86959759e8bec531b04d29d1110df1c427aa6440287febe062da6b3d4f6d5;6b0af118477fb1d75102be28daeb680148c3d4405228b7d2c9114436f8158149;a804b2a2d13de32c22fe058d673ed9981087b7df80fe4f0b2b300bd2e402bc91,crate-internal,PASS,Ph7b: полный numa_shim_mock зелёный; r1_04 и r6_route_directory_model зелёные,Ph6a,cell A10
R6a-A11,fault-injection,cargo test --no-fail-fast,production internals bench-internals lazy-commit-fault-injection,Windows x86_64,rustc 1.97.0 (2d8144b78 2026-07-07),native debug,fd954856acab9aa3015b30d49c87c58d2436d796,"матрица на ba557ca4d4719a09da70ebe7c7debe0e51bce4ee + D1/D2 (tests/), влиты в fd954856acab9aa3015b30d49c87c58d2436d796; src/ чист",—,cargo test --no-fail-fast,лог f_faultinj3.log: EXIT=0,первый прогон EXIT=101 — флак exactly_once 17 != 16 (D2); изолированный 3x зелёный до фикса,false,docs/reviews/2026-10-05-ph6a-correctness-matrix.md;docs/reviews/2026-10-05-ph6a-correctness-matrix.csv,6b0af118477fb1d75102be28daeb680148c3d4405228b7d2c9114436f8158149;a804b2a2d13de32c22fe058d673ed9981087b7df80fe4f0b2b300bd2e402bc91,crate-internal,PASS,первый прогон EXIT=101 флак exactly_once 17 != 16 (D2; tests); изолированный до фикса 3x зелёный,Ph6a,cell A11
R6a-A12,check-matrix,node scripts/run-check-matrix.mjs --kind check,check,Windows x86_64,rustc 1.97.0 (2d8144b78 2026-07-07),native,fd954856acab9aa3015b30d49c87c58d2436d796,"матрица на ba557ca4d4719a09da70ebe7c7debe0e51bce4ee + D1/D2 (tests/), влиты в fd954856acab9aa3015b30d49c87c58d2436d796; src/ чист",—,node scripts/run-check-matrix.mjs --kind check,лог f_checkmatrix.log: [check-matrix] ALL GREEN; EXIT=0,чек-скрипт зелёный,false,docs/reviews/2026-10-05-ph6a-correctness-matrix.md;docs/reviews/2026-10-05-ph6a-correctness-matrix.csv,6b0af118477fb1d75102be28daeb680148c3d4405228b7d2c9114436f8158149;a804b2a2d13de32c22fe058d673ed9981087b7df80fe4f0b2b300bd2e402bc91,tool-only,PASS,check-matrix ALL GREEN,Ph6a,cell A12
R6a-B,named fault-injection (fallback-OOM / registry-chunk-OOM хуки),cargo test (fallback-OOM/registry-chunk-OOM хуки под bench-internals в A4 + lazy-commit-fault-injection A11),lazy-commit-fault-injection + bench-internals fallback-OOM/registry-chunk-OOM hooks,Windows x86_64,rustc 1.97.0 (2d8144b78 2026-07-07),native debug,fd954856acab9aa3015b30d49c87c58d2436d796,"матрица на ba557ca4d4719a09da70ebe7c7debe0e51bce4ee + D1/D2 (tests/), влиты в fd954856acab9aa3015b30d49c87c58d2436d796; src/ чист",—,"cargo test --features ""production alloc-stats bench-internals internals""",маркеры из f_allocstats.log: test fallback_oom_injection_nulls_alloc_and_recovers_when_disarmed ... ok; test registry_saturation_routes_to_fallback_and_back ... ok,положительные маркеры хуков,false,docs/reviews/2026-10-05-ph6a-correctness-matrix.md;docs/reviews/2026-10-05-ph6a-correctness-matrix.csv,6b0af118477fb1d75102be28daeb680148c3d4405228b7d2c9114436f8158149;a804b2a2d13de32c22fe058d673ed9981087b7df80fe4f0b2b300bd2e402bc91,crate-internal,PASS,маркеры из f_allocstats.log,Ph6a,cell B
R6a-C1,Miri suite 15/16 entries,node scripts/miri.mjs (SB strict; 16 entries),nightly suite,Windows x86_64 (host-Miri),rustc 1.99.0-nightly (3659db0d3 2026-07-05) LLVM 22.1.8,Miri SB (strict-provenance),fd954856acab9aa3015b30d49c87c58d2436d796,"матрица на ba557ca4d4719a09da70ebe7c7debe0e51bce4ee + D1/D2 (tests/), влиты в fd954856acab9aa3015b30d49c87c58d2436d796; src/ чист",—,node scripts/miri.mjs,лог f_miri.log: [miri:region_invariants] PASS; [miri:regression_r2_05_diag_provenance_miri] PASS; [miri:decommit_miri_cycle] PASS; [miri:regression_large_align_no_segment_exhaustion] PASS; [miri:regression_realloc_cross_class_shrink] PASS; [miri:miri_global_box_acceptance:narrow] PASS; и др. (всего 15 PASS),мутант P1-box не встретился кроме C2,false,docs/reviews/2026-10-05-ph6a-correctness-matrix.md;docs/reviews/2026-10-05-ph6a-correctness-matrix.csv,6b0af118477fb1d75102be28daeb680148c3d4405228b7d2c9114436f8158149;a804b2a2d13de32c22fe058d673ed9981087b7df80fe4f0b2b300bd2e402bc91,crate-internal,PASS,15/16 entries PASS (C2 — отдельная KNOWN-DEFECT строка),Ph6a,cell C1
R6a-C2,miri_global_box_acceptance:paused — terminal publication -> owner retire при паузе в Box::drop,node scripts/miri.mjs: miri_global_box_acceptance -- paused,nightly suite,Windows x86_64 (host-Miri),rustc 1.99.0-nightly (3659db0d3 2026-07-05) LLVM 22.1.8,Miri SB (strict-provenance),fd954856acab9aa3015b30d49c87c58d2436d796,"матрица на ba557ca4d4719a09da70ebe7c7debe0e51bce4ee + D1/D2 (tests/), влиты в fd954856acab9aa3015b30d49c87c58d2436d796; src/ чист",—,прогон paused-свидетеля под Miri SB strict,лог f_miri.log: error: Undefined Behavior: not granting access to tag <1484> ... which is weakly protected,EXPECTED RED P1-box: src/alloc_core/platform/node.rs:90:18 Node::write_next ← reclaim_sidecar_record ← drain_sidecar_ingress ← trim_for_recycle; место совпадает с ci.yml EXPECTED RED - P1,false,docs/reviews/2026-10-05-ph6a-correctness-matrix.md;docs/reviews/2026-10-05-ph6a-correctness-matrix.csv,6b0af118477fb1d75102be28daeb680148c3d4405228b7d2c9114436f8158149;a804b2a2d13de32c22fe058d673ed9981087b7df80fe4f0b2b300bd2e402bc91,shipping-installed,KNOWN-DEFECT,P1-box EXPECTED RED: UB src/alloc_core/platform/node.rs:90:18 Node::write_next ← reclaim_sidecar_record ← drain_sidecar_ingress ← trim_for_recycle; место совпадает с ci.yml EXPECTED RED - P1; НЕ переводить в PASS,Ph6a,cell C2
R6a-C3,production SB paused,node scripts/miri.mjs: production paused,production,Windows x86_64 (host-Miri),rustc 1.99.0-nightly (3659db0d3 2026-07-05) LLVM 22.1.8,Miri SB (strict-provenance),fd954856acab9aa3015b30d49c87c58d2436d796,"матрица на ba557ca4d4719a09da70ebe7c7debe0e51bce4ee + D1/D2 (tests/), влиты в fd954856acab9aa3015b30d49c87c58d2436d796; src/ чист",—,прогон paused-свидетеля под Miri SB strict,лог m_prod_sb_paused.log:25-27: стек UB,EXPECTED RED: Node::write_next ← reclaim_sidecar_record,false,docs/reviews/2026-10-05-ph6a-correctness-matrix.md;docs/reviews/2026-10-05-ph6a-correctness-matrix.csv,6b0af118477fb1d75102be28daeb680148c3d4405228b7d2c9114436f8158149;a804b2a2d13de32c22fe058d673ed9981087b7df80fe4f0b2b300bd2e402bc91,shipping-installed,KNOWN-DEFECT,P1-box EXPECTED RED: src/alloc_core/platform/node.rs:90 Node::write_next ← reclaim_sidecar_record (m_prod_sb_paused.log:25-27),Ph6a,cell C3
R6a-C4,production TB paused,node scripts/miri.mjs: production paused (TB),production,Windows x86_64 (host-Miri),rustc 1.99.0-nightly (3659db0d3 2026-07-05) LLVM 22.1.8,Miri TB (tree-borrows),fd954856acab9aa3015b30d49c87c58d2436d796,"матрица на ba557ca4d4719a09da70ebe7c7debe0e51bce4ee + D1/D2 (tests/), влиты в fd954856acab9aa3015b30d49c87c58d2436d796; src/ чист",—,прогон paused-свидетеля под Miri TB,лог m_prod_tb_paused.log: write access through <1221> ... is forbidden,EXPECTED RED: Node::write_next ← reclaim_sidecar_record,false,docs/reviews/2026-10-05-ph6a-correctness-matrix.md;docs/reviews/2026-10-05-ph6a-correctness-matrix.csv,6b0af118477fb1d75102be28daeb680148c3d4405228b7d2c9114436f8158149;a804b2a2d13de32c22fe058d673ed9981087b7df80fe4f0b2b300bd2e402bc91,shipping-installed,KNOWN-DEFECT,P1-box EXPECTED RED: src/alloc_core/platform/node.rs:90 Node::write_next ← reclaim_sidecar_record (write access through <1221> ... is forbidden),Ph6a,cell C4
R6a-C5,alloc-global TB paused,node scripts/miri.mjs: alloc-global paused (TB),alloc-global,Windows x86_64 (host-Miri),rustc 1.99.0-nightly (3659db0d3 2026-07-05) LLVM 22.1.8,Miri TB (tree-borrows),fd954856acab9aa3015b30d49c87c58d2436d796,"матрица на ba557ca4d4719a09da70ebe7c7debe0e51bce4ee + D1/D2 (tests/), влиты в fd954856acab9aa3015b30d49c87c58d2436d796; src/ чист",—,прогон alloc-global paused-свидетеля под Miri TB,лог m_glob_tb_paused.log: стек UB,EXPECTED RED: Node::write_next ← reclaim_sidecar_record,false,docs/reviews/2026-10-05-ph6a-correctness-matrix.md;docs/reviews/2026-10-05-ph6a-correctness-matrix.csv,6b0af118477fb1d75102be28daeb680148c3d4405228b7d2c9114436f8158149;a804b2a2d13de32c22fe058d673ed9981087b7df80fe4f0b2b300bd2e402bc91,shipping-installed,KNOWN-DEFECT,P1-box EXPECTED RED: src/alloc_core/platform/node.rs:90 Node::write_next ← reclaim_sidecar_record,Ph6a,cell C5
R6a-C5b,alloc-global x SB strict paused,ci.yml шаг EXPECTED RED - P1 ({production; alloc-global} x {SB strict; TB}; 4 шага; пин exit != 0 + текст UB + место; fd79861c),alloc-global,ubuntu-latest (CI),CI,Miri SB / TB (CI),fd954856acab9aa3015b30d49c87c58d2436d796,"матрица на ba557ca4d4719a09da70ebe7c7debe0e51bce4ee + D1/D2 (tests/), влиты в fd954856acab9aa3015b30d49c87c58d2436d796; src/ чист",—,локально не запускался; покрывается ci.yml шагом EXPECTED RED - P1 (4 шага; пин exit != 0 + текст UB + место; fd79861c),локального прогона нет,шаги ci.yml пинят exit != 0; текст UB и место Node::write_next,false,docs/reviews/2026-10-05-ph6a-correctness-matrix.md;docs/reviews/2026-10-05-ph6a-correctness-matrix.csv,6b0af118477fb1d75102be28daeb680148c3d4405228b7d2c9114436f8158149;a804b2a2d13de32c22fe058d673ed9981087b7df80fe4f0b2b300bd2e402bc91,shipping-installed,NOT_RUN,локально не запускался; покрывается ci.yml шагами EXPECTED RED - P1; клетки C5b в матрице Ph6a нет — строка отражает 4-й ci.yml-шаг {alloc-global × SB strict},Ph6a,ci.yml EXPECTED RED - P1 (alloc-global × SB strict)
R6a-C6a,production narrow witness SB,node scripts/miri.mjs: miri_global_box_acceptance -- narrow (production),production (narrow witness),Windows x86_64 (host-Miri),rustc 1.99.0-nightly (3659db0d3 2026-07-05) LLVM 22.1.8,Miri SB (strict-provenance),fd954856acab9aa3015b30d49c87c58d2436d796,"матрица на ba557ca4d4719a09da70ebe7c7debe0e51bce4ee + D1/D2 (tests/), влиты в fd954856acab9aa3015b30d49c87c58d2436d796; src/ чист",—,прогон narrow-свидетеля под Miri SB,лог m_prod_sb_narrow.log: [miri_global_box_acceptance] COMPLETE narrow_two_rounds; EXIT=0,подтверждает что красный только на paused-пути,false,docs/reviews/2026-10-05-ph6a-correctness-matrix.md;docs/reviews/2026-10-05-ph6a-correctness-matrix.csv,6b0af118477fb1d75102be28daeb680148c3d4405228b7d2c9114436f8158149;a804b2a2d13de32c22fe058d673ed9981087b7df80fe4f0b2b300bd2e402bc91,shipping-installed,PASS,красный только на paused-пути,Ph6a,cell C6
R6a-C6b,production narrow witness TB,node scripts/miri.mjs: miri_global_box_acceptance -- narrow (production; TB),production (narrow witness),Windows x86_64 (host-Miri),rustc 1.99.0-nightly (3659db0d3 2026-07-05) LLVM 22.1.8,Miri TB (tree-borrows),fd954856acab9aa3015b30d49c87c58d2436d796,"матрица на ba557ca4d4719a09da70ebe7c7debe0e51bce4ee + D1/D2 (tests/), влиты в fd954856acab9aa3015b30d49c87c58d2436d796; src/ чист",—,прогон narrow-свидетеля под Miri TB,лог m_prod_tb_narrow.log: [miri_global_box_acceptance] COMPLETE narrow_two_rounds; EXIT=0,подтверждает что красный только на paused-пути,false,docs/reviews/2026-10-05-ph6a-correctness-matrix.md;docs/reviews/2026-10-05-ph6a-correctness-matrix.csv,6b0af118477fb1d75102be28daeb680148c3d4405228b7d2c9114436f8158149;a804b2a2d13de32c22fe058d673ed9981087b7df80fe4f0b2b300bd2e402bc91,shipping-installed,PASS,красный только на paused-пути,Ph6a,cell C6
R6a-D,Loom 6 групп,node scripts/loom.mjs,6 групп: once-ptr-cell; tagged-index-stack (crate real-type); alloc-core alloc-xthread (4 модели); registry_free_slots; 5 моделей internals-группы; experimental (3),Windows x86_64,rustc 1.97.0 (2d8144b78 2026-07-07),Loom (--cfg loom),fd954856acab9aa3015b30d49c87c58d2436d796,"матрица на ba557ca4d4719a09da70ebe7c7debe0e51bce4ee + D1/D2 (tests/), влиты в fd954856acab9aa3015b30d49c87c58d2436d796; src/ чист",—,node scripts/loom.mjs (6 групп),лог f_loom.log: [loom -p once-ptr-cell] PASS; [loom -p tagged-index-stack] PASS; [loom --features alloc-core;alloc-xthread] PASS; [loom --features alloc-global;alloc-xthread;tagged-index-stack/loom] PASS; [loom --features alloc-global;alloc-xthread;internals;tagged-index-stack/loom] PASS; [loom --features experimental] PASS; EXIT=0,MODEL-LIMIT: root loom_* модели — shadow (не production-код); real-type только crate-сюиты (once-ptr-cell; tagged-index-stack),false,docs/reviews/2026-10-05-ph6a-correctness-matrix.md;docs/reviews/2026-10-05-ph6a-correctness-matrix.csv,6b0af118477fb1d75102be28daeb680148c3d4405228b7d2c9114436f8158149;a804b2a2d13de32c22fe058d673ed9981087b7df80fe4f0b2b300bd2e402bc91,shadow-model,PASS,MODEL-LIMIT: root loom_* модели — shadow-model (протокол под --cfg loom; не production-код аллокатора); real-type только crate-сюиты,Ph6a,cell D
R6a-E1,WSL production internals,cargo test (WSL),production internals,Linux x86_64 (WSL),rustc 1.98.1 (48a229cea 2026-09-01),native debug,fd954856acab9aa3015b30d49c87c58d2436d796,"матрица на ba557ca4d4719a09da70ebe7c7debe0e51bce4ee + D1/D2 (tests/), влиты в fd954856acab9aa3015b30d49c87c58d2436d796; src/ чист",—,cargo test в WSL,лог wsl_prod_int.log: 187 x test result: ok,красный ТОЛЬКО r6_route_directory_model -> R6a-EX2 (KNOWN-RED offline-smallvec; параллельный агент),false,docs/reviews/2026-10-05-ph6a-correctness-matrix.md;docs/reviews/2026-10-05-ph6a-correctness-matrix.csv,6b0af118477fb1d75102be28daeb680148c3d4405228b7d2c9114436f8158149;a804b2a2d13de32c22fe058d673ed9981087b7df80fe4f0b2b300bd2e402bc91,crate-internal,PASS,красный только известный KNOWN-RED r6_route_directory_model; полный прогон EXIT=101; красные ТОЛЬКО r6_route_directory_model → строка R6a-EX2,Ph6a,cell E1
R6a-E2,WSL --all-features,cargo test --all-features (WSL),--all-features,Linux x86_64 (WSL),rustc 1.98.1 (48a229cea 2026-09-01),native debug,fd954856acab9aa3015b30d49c87c58d2436d796,"матрица на ba557ca4d4719a09da70ebe7c7debe0e51bce4ee + D1/D2 (tests/), влиты в fd954856acab9aa3015b30d49c87c58d2436d796; src/ чист",—,cargo test --all-features в WSL,лог wsl_allfeat.log: 347 x test result: ok,красные: r6_route_directory_model (->EX2) + regression_r2_01_segment_bases_lifetime (->R6a-EX5 NOT_RUN env),false,docs/reviews/2026-10-05-ph6a-correctness-matrix.md;docs/reviews/2026-10-05-ph6a-correctness-matrix.csv,6b0af118477fb1d75102be28daeb680148c3d4405228b7d2c9114436f8158149;a804b2a2d13de32c22fe058d673ed9981087b7df80fe4f0b2b300bd2e402bc91,crate-internal,PASS,красные: KNOWN-RED r6_route_directory_model + NOT_RUN(env) regression_r2_01; полный прогон EXIT=101; красные ТОЛЬКО r6_route_directory_model (→EX2) и regression_r2_01_segment_bases_lifetime (→EX5),Ph6a,cell E2
R6a-E3,WSL numa_shim_mock --all-features,RUSTFLAGS=--cfg numa_shim_mock cargo test --all-features (WSL),numa_shim_mock --all-features,Linux x86_64 (WSL),rustc 1.98.1 (48a229cea 2026-09-01),native debug,fd954856acab9aa3015b30d49c87c58d2436d796,"матрица на ba557ca4d4719a09da70ebe7c7debe0e51bce4ee + D1/D2 (tests/), влиты в fd954856acab9aa3015b30d49c87c58d2436d796; src/ чист",—,прогон в WSL с RUSTFLAGS,лог wsl_numamock.log: 345 x test result: ok,красные: r1_04 (->EX1); r6_route_directory_model (->EX2); r6_fix_p3 (->EX3); r2_01 (->EX5),false,docs/reviews/2026-10-05-ph6a-correctness-matrix.md;docs/reviews/2026-10-05-ph6a-correctness-matrix.csv,6b0af118477fb1d75102be28daeb680148c3d4405228b7d2c9114436f8158149;a804b2a2d13de32c22fe058d673ed9981087b7df80fe4f0b2b300bd2e402bc91,crate-internal,PASS,"красные только известные KNOWN-RED / NOT_RUN(env) исключения; полный прогон EXIT=101; красные ТОЛЬКО r1_04 (→EX1), r6_route_directory_model (→EX2), r6_fix_p3 (→EX3), r2_01 (→EX5)",Ph6a,cell E3
R6a-F,TSan teardown ordering stress,node scripts/tsan.mjs,alloc-global alloc-xthread alloc-decommit internals bench-internals,Linux x86_64 (WSL),nightly (WSL),TSan,fd954856acab9aa3015b30d49c87c58d2436d796,"матрица на ba557ca4d4719a09da70ebe7c7debe0e51bce4ee + D1/D2 (tests/), влиты в fd954856acab9aa3015b30d49c87c58d2436d796; src/ чист",—,node scripts/tsan.mjs,лог f_tsan.log: test teardown_ordering_stress_no_crash ... ok; [tsan:production internals bench-internals] PASS; EXIT=0,TSan PASS без гонок,false,docs/reviews/2026-10-05-ph6a-correctness-matrix.md;docs/reviews/2026-10-05-ph6a-correctness-matrix.csv,6b0af118477fb1d75102be28daeb680148c3d4405228b7d2c9114436f8158149;a804b2a2d13de32c22fe058d673ed9981087b7df80fe4f0b2b300bd2e402bc91,crate-internal,PASS,TSan EXIT=0,Ph6a,cell F
R6a-G,macOS arm64 native,cargo test (macOS arm64),все ключевые feature-строки,macOS arm64,CI,CI,,,—,локального тулчейна нет; вердикт по landing SHA,вердикт по landing SHA,—,false,docs/reviews/2026-10-05-ph6a-correctness-matrix.md;docs/reviews/2026-10-05-ph6a-correctness-matrix.csv,6b0af118477fb1d75102be28daeb680148c3d4405228b7d2c9114436f8158149;a804b2a2d13de32c22fe058d673ed9981087b7df80fe4f0b2b300bd2e402bc91,tool-only,CI_PENDING,локального macOS-тулчейна нет; вердикт по landing SHA,Ph6a,cell G
R6a-G2,Linux aarch64 native,cargo test (Linux aarch64 native),все ключевые feature-строки,Linux aarch64,CI,CI,,,—,локального тулчейна нет; вердикт по landing SHA,вердикт по landing SHA,—,false,docs/reviews/2026-10-05-ph6a-correctness-matrix.md;docs/reviews/2026-10-05-ph6a-correctness-matrix.csv,6b0af118477fb1d75102be28daeb680148c3d4405228b7d2c9114436f8158149;a804b2a2d13de32c22fe058d673ed9981087b7df80fe4f0b2b300bd2e402bc91,tool-only,CI_PENDING,локального aarch64-тулчейна нет; вердикт по landing SHA,Ph6a,cell G2
R6a-M1,мутант installed-Box/free-list: node.rs:90 write_next -> wrapping_add(1),tests::free_list_reuses_freed_blocks (alloc_core_invariants.rs),alloc-core internals,Windows x86_64,rustc 1.97.0 (2d8144b78 2026-07-07),native debug,fd954856acab9aa3015b30d49c87c58d2436d796,"матрица на ba557ca4d4719a09da70ebe7c7debe0e51bce4ee + D1/D2 (tests/), влиты в fd954856acab9aa3015b30d49c87c58d2436d796; src/ чист",—,мутант применён; прогон ловца; откат (sha256 совпал); повторный прогон зелёный,лог mut_M1b.log: test free_list_reuses_freed_blocks ... FAILED; откат: test result: ok. 1 passed,мутант M1 пойман; первая попытка с ловцом freelist_reuse NOT_CAUGHT (mut_M1.log; инертный slotmap-тест; ловец заменён),true,docs/reviews/2026-10-05-ph6a-correctness-matrix.md;docs/reviews/2026-10-05-ph6a-correctness-matrix.csv,6b0af118477fb1d75102be28daeb680148c3d4405228b7d2c9114436f8158149;a804b2a2d13de32c22fe058d673ed9981087b7df80fe4f0b2b300bd2e402bc91,crate-internal,PASS,мутант CAUGHT ловцом free_list_reuses_freed_blocks,Ph6a,cell M1
R6a-M2,мутант own free: dealloc_own_base.rs:399 RouteToLargeFree пропущен core.dealloc,tests::r14_4_promotion_free_correctness,production medium-classes internals bench-internals,Windows x86_64,rustc 1.97.0 (2d8144b78 2026-07-07),native debug,fd954856acab9aa3015b30d49c87c58d2436d796,"матрица на ba557ca4d4719a09da70ebe7c7debe0e51bce4ee + D1/D2 (tests/), влиты в fd954856acab9aa3015b30d49c87c58d2436d796; src/ чист",—,мутант применён; прогон ловца; откат,лог mut_M2.log: test canary_survives_promotion_and_free_leaves_no_leak_per_base ... FAILED; откат: test result: ok. 3 passed,мутант M2 пойман,true,docs/reviews/2026-10-05-ph6a-correctness-matrix.md;docs/reviews/2026-10-05-ph6a-correctness-matrix.csv,6b0af118477fb1d75102be28daeb680148c3d4405228b7d2c9114436f8158149;a804b2a2d13de32c22fe058d673ed9981087b7df80fe4f0b2b300bd2e402bc91,crate-internal,PASS,мутант CAUGHT,Ph6a,cell M2
R6a-M3,мутант foreign publication: routing.rs:85 publish_foreign small -> false,tests::regression_r5_01_alloc_global_cross_thread,production internals,Windows x86_64,rustc 1.97.0 (2d8144b78 2026-07-07),native debug,fd954856acab9aa3015b30d49c87c58d2436d796,"матрица на ba557ca4d4719a09da70ebe7c7debe0e51bce4ee + D1/D2 (tests/), влиты в fd954856acab9aa3015b30d49c87c58d2436d796; src/ чист",—,мутант применён; прогон ловца; откат,лог mut_M3.log: test cross_thread_small_free_does_not_hit_foreign_or_unroutable_frees ... FAILED; откат: test result: ok. 5 passed,мутант M3 пойман,true,docs/reviews/2026-10-05-ph6a-correctness-matrix.md;docs/reviews/2026-10-05-ph6a-correctness-matrix.csv,6b0af118477fb1d75102be28daeb680148c3d4405228b7d2c9114436f8158149;a804b2a2d13de32c22fe058d673ed9981087b7df80fe4f0b2b300bd2e402bc91,crate-internal,PASS,мутант CAUGHT,Ph6a,cell M3
R6a-M4,мутант fallback: tls_heap null-слот -> Own(null),tests::r11_ph5c_registry_saturation_fallback,production internals,Windows x86_64,rustc 1.97.0 (2d8144b78 2026-07-07),native debug,fd954856acab9aa3015b30d49c87c58d2436d796,"матрица на ba557ca4d4719a09da70ebe7c7debe0e51bce4ee + D1/D2 (tests/), влиты в fd954856acab9aa3015b30d49c87c58d2436d796; src/ чист",—,мутант применён; прогон ловца; откат,лог mut_M4.log: thread caused non-unwinding panic. aborting. + error: test failed (null deref abort); откат: test result: ok. 1 passed,мутант M4 пойман,true,docs/reviews/2026-10-05-ph6a-correctness-matrix.md;docs/reviews/2026-10-05-ph6a-correctness-matrix.csv,6b0af118477fb1d75102be28daeb680148c3d4405228b7d2c9114436f8158149;a804b2a2d13de32c22fe058d673ed9981087b7df80fe4f0b2b300bd2e402bc91,crate-internal,PASS,мутант CAUGHT (non-unwinding abort),Ph6a,cell M4
R6a-M5,мутант batch: batch.rs:188 filled += n -> saturating_sub(1),tests::batch_tcache,production batch-api,Windows x86_64,rustc 1.97.0 (2d8144b78 2026-07-07),native debug,fd954856acab9aa3015b30d49c87c58d2436d796,"матрица на ba557ca4d4719a09da70ebe7c7debe0e51bce4ee + D1/D2 (tests/), влиты в fd954856acab9aa3015b30d49c87c58d2436d796; src/ чист",—,мутант применён; прогон ловца; откат,6 FAILED вкл. alloc_batch_freed_via_scalar_dealloc и batch_mixed_size_classes_back_to_back; откат: test result: ok. 7 passed,мутант M5 пойман (6 FAILED),true,docs/reviews/2026-10-05-ph6a-correctness-matrix.md;docs/reviews/2026-10-05-ph6a-correctness-matrix.csv,6b0af118477fb1d75102be28daeb680148c3d4405228b7d2c9114436f8158149;a804b2a2d13de32c22fe058d673ed9981087b7df80fe4f0b2b300bd2e402bc91,crate-internal,PASS,мутант CAUGHT,Ph6a,cell M5
R6a-M6,мутант realloc OOM: realloc.rs:333 при OOM Node::zero старого блока,tests::r11_ph5b_c6_realloc_oom_old_alive,production internals,Windows x86_64,rustc 1.97.0 (2d8144b78 2026-07-07),native debug,fd954856acab9aa3015b30d49c87c58d2436d796,"матрица на ba557ca4d4719a09da70ebe7c7debe0e51bce4ee + D1/D2 (tests/), влиты в fd954856acab9aa3015b30d49c87c58d2436d796; src/ чист",—,мутант применён; прогон ловца; откат,small_realloc_oom_keeps_old_allocation_alive FAILED + large_realloc_oom_keeps_old_allocation_alive FAILED (2 failed); откат: test result: ok. 2 passed,мутант M6 пойман (вариант исказить); вариант освободить старый не ловится — глушится M2-оракулом,true,docs/reviews/2026-10-05-ph6a-correctness-matrix.md;docs/reviews/2026-10-05-ph6a-correctness-matrix.csv,6b0af118477fb1d75102be28daeb680148c3d4405228b7d2c9114436f8158149;a804b2a2d13de32c22fe058d673ed9981087b7df80fe4f0b2b300bd2e402bc91,crate-internal,PASS,мутант CAUGHT; вариант «освободить старый» не ловится — глушится M2-оракулом,Ph6a,cell M6
R6a-M7,мутант zeroed: mem_impl.rs:118 !is_virgin -> is_virgin,tests::alloc_zeroed_virgin_small_skip,internals alloc-core alloc-decommit virgin-zero-skip,Windows x86_64,rustc 1.97.0 (2d8144b78 2026-07-07),native debug,fd954856acab9aa3015b30d49c87c58d2436d796,"матрица на ba557ca4d4719a09da70ebe7c7debe0e51bce4ee + D1/D2 (tests/), влиты в fd954856acab9aa3015b30d49c87c58d2436d796; src/ чист",—,мутант применён; прогон ловца; откат,4 FAILED вкл. interleaved_virgin_and_reuse_always_zero и pooled_segment_alloc_zeroed_never_claims_virgin; откат: test result: ok. 5 passed,мутант M7 пойман (4 FAILED),true,docs/reviews/2026-10-05-ph6a-correctness-matrix.md;docs/reviews/2026-10-05-ph6a-correctness-matrix.csv,6b0af118477fb1d75102be28daeb680148c3d4405228b7d2c9114436f8158149;a804b2a2d13de32c22fe058d673ed9981087b7df80fe4f0b2b300bd2e402bc91,crate-internal,PASS,мутант CAUGHT,Ph6a,cell M7
R6a-M8,мутант worker failure rollback: maintenance_service.rs:57 StartingGuard::drop без rollback,tests::r11_ph4b_spawn_failure_retry_releases_leases,production internals bench-internals,Windows x86_64,rustc 1.97.0 (2d8144b78 2026-07-07),native debug,fd954856acab9aa3015b30d49c87c58d2436d796,"матрица на ba557ca4d4719a09da70ebe7c7debe0e51bce4ee + D1/D2 (tests/), влиты в fd954856acab9aa3015b30d49c87c58d2436d796; src/ чист",—,мутант применён; прогон ловца; откат,лог mut_M8.log: test spawn_failure_leaves_no_half_activation_and_retry_releases_leases ... FAILED; откат: test result: ok. 1 passed,мутант M8 пойман,true,docs/reviews/2026-10-05-ph6a-correctness-matrix.md;docs/reviews/2026-10-05-ph6a-correctness-matrix.csv,6b0af118477fb1d75102be28daeb680148c3d4405228b7d2c9114436f8158149;a804b2a2d13de32c22fe058d673ed9981087b7df80fe4f0b2b300bd2e402bc91,crate-internal,PASS,мутант CAUGHT,Ph6a,cell M8
R6a-EX1,KNOWN-RED: r1_04_alloc_core_drop_stack_pressure (debug-стек),tests::r1_04_alloc_core_drop_stack_pressure,internals alloc-core,Windows x86_64 + Linux x86_64 (WSL Ubuntu; CI ubuntu-latest),rustc 1.97.0 (2d8144b78 2026-07-07) / rustc 1.98.1 (48a229cea 2026-09-01),native debug,784bdfdf4a2d95d93bd126b0ad9cd304dc1fec21,tree 56e75792f82bfb4e0e18ffaccf08c4a7c3e952d7,—,"RUSTFLAGS=--cfg numa_shim_mock cargo test --all-features --test r1_04_alloc_core_drop_stack_pressure (WSL и Windows); CI job ""test (gated bodies + all-features)"", run 37399933378",drop_on_64kib_stack_bare ... ok; drop_on_64kib_stack_with_many_segments ... ok; test result: ok. 2 passed; 0 failed; 1 ignored,CALLS_CAP=4096 (до фикса) -> FAILED stack overflow SIGABRT в WSL и в CI; CALLS_CAP=256 -> ok,true,docs/evidence/_raw_reverify_head_r1_04_cap256.log;docs/reviews/2026-10-06-ph7-reverification-at-head.md,0269dd57487e348b977a737c5aa588b81cf08b5aff8ce3a7ca7c5679bb8b5ba2;8ff86959759e8bec531b04d29d1110df1c427aa6440287febe062da6b3d4f6d5,crate-internal,PASS,причина была не средовой: инлайн-лог мока numa-shim в статическом TLS (~128 KiB) съедал малые стеки потоков (glibc кладёт static TLS в стек); исправлено в 784bdfdf (CALLS_CAP 4096 -> 256); раньше ошибочно записано как средовое исключение WSL,Ph6a,KNOWN-RED EX1
R6a-EX2,KNOWN-RED: r6_route_directory_model (offline-smallvec),tests::r6_route_directory_model,production internals / --all-features,Linux x86_64 (WSL),rustc 1.98.1 (48a229cea 2026-09-01),native debug,fd954856acab9aa3015b30d49c87c58d2436d796,"матрица на ba557ca4d4719a09da70ebe7c7debe0e51bce4ee + D1/D2 (tests/), влиты в fd954856acab9aa3015b30d49c87c58d2436d796; src/ чист",—,красный подтверждён в логах WSL,логи wsl_prod_int.log:1524; wsl_allfeat.log:1717: panicked at tests/r6_route_directory_model.rs:30:5,известная краснота offline-smallvec,false,docs/reviews/2026-10-05-ph6a-correctness-matrix.md;docs/reviews/2026-10-05-ph6a-correctness-matrix.csv,6b0af118477fb1d75102be28daeb680148c3d4405228b7d2c9114436f8158149;a804b2a2d13de32c22fe058d673ed9981087b7df80fe4f0b2b300bd2e402bc91,crate-internal,KNOWN-RED,KNOWN-RED offline-smallvec на WSL; на Windows и main 18d76472 зелёный; не чинился по предписанию (параллельный агент),Ph6a,KNOWN-RED EX2
R6a-EX3,KNOWN-RED: r6_fix_p3_numa_unknown_bucket (numa-mock семья),tests::r6_fix_p3_numa_unknown_bucket,numa_shim_mock --all-features,Windows x86_64 + Linux x86_64 (WSL),rustc 1.97.0 (2d8144b78 2026-07-07) / rustc 1.98.1 (48a229cea 2026-09-01),native debug,876429d2a63ce73dd248bbacc4c6d6c528692cbb,tree 07ba7fb5bedb95c09407d10ca35596bdbd7e5db7,—,RUSTFLAGS=--cfg numa_shim_mock cargo test --all-features --test r6_fix_p3_numa_unknown_bucket (x20 на Windows и x20 в WSL),r6_fix_p3_numa_unknown_bucket: 1 passed x20 Windows and x20 WSL,—,false,docs/reviews/2026-10-06-ph7-reverification-at-head.md;docs/reviews/2026-10-05-ph6a-correctness-matrix.md;docs/reviews/2026-10-05-ph6a-correctness-matrix.csv,8ff86959759e8bec531b04d29d1110df1c427aa6440287febe062da6b3d4f6d5;6b0af118477fb1d75102be28daeb680148c3d4405228b7d2c9114436f8158149;a804b2a2d13de32c22fe058d673ed9981087b7df80fe4f0b2b300bd2e402bc91,crate-internal,PASS,Ph7b: целевой тест прошёл x20 Windows и WSL; общий WSL EXIT=101 вызван r1_04,Ph6a,
R6a-EX4,KNOWN-RED: segment_directory_numa_high_node_ids (numa-mock семья),tests::segment_directory_numa_high_node_ids,numa_shim_mock --all-features,Windows x86_64 + Linux x86_64 (WSL),rustc 1.97.0 (2d8144b78 2026-07-07),native debug,876429d2a63ce73dd248bbacc4c6d6c528692cbb,tree 07ba7fb5bedb95c09407d10ca35596bdbd7e5db7,—,RUSTFLAGS=--cfg numa_shim_mock cargo test --all-features --test segment_directory_numa_high_node_ids (x20 на Windows и x20 в WSL),segment_directory_numa_high_node_ids: 2 passed x20 Windows and x20 WSL,—,false,docs/reviews/2026-10-06-ph7-reverification-at-head.md;docs/reviews/2026-10-05-ph6a-correctness-matrix.md;docs/reviews/2026-10-05-ph6a-correctness-matrix.csv,8ff86959759e8bec531b04d29d1110df1c427aa6440287febe062da6b3d4f6d5;6b0af118477fb1d75102be28daeb680148c3d4405228b7d2c9114436f8158149;a804b2a2d13de32c22fe058d673ed9981087b7df80fe4f0b2b300bd2e402bc91,crate-internal,PASS,Ph7b: целевой тест прошёл x20 Windows и WSL; общий WSL EXIT=101 вызван r1_04,Ph6a,
R6a-EX5,NOT_RUN(env): regression_r2_01_segment_bases_lifetime в WSL,tests::regression_r2_01_segment_bases_lifetime,--all-features,Linux x86_64 (WSL),rustc 1.98.1 (48a229cea 2026-09-01),native debug,fd954856acab9aa3015b30d49c87c58d2436d796,"матрица на ba557ca4d4719a09da70ebe7c7debe0e51bce4ee + D1/D2 (tests/), влиты в fd954856acab9aa3015b30d49c87c58d2436d796; src/ чист",—,прогон в WSL не удался по окружению,compile-fail fixture не резолвит cc ^1.0 из crates.io в WSL (окружение; не код); на Windows A9 зелёная,—,false,docs/reviews/2026-10-05-ph6a-correctness-matrix.md;docs/reviews/2026-10-05-ph6a-correctness-matrix.csv,6b0af118477fb1d75102be28daeb680148c3d4405228b7d2c9114436f8158149;a804b2a2d13de32c22fe058d673ed9981087b7df80fe4f0b2b300bd2e402bc91,crate-internal,NOT_RUN,NOT_RUN(env): compile-fail fixture не резолвит cc ^1.0 из crates.io в WSL (окружение; не код); на Windows A9 зелёная,Ph6a,NOT_RUN EX5
R6b-01,"cost: CPU/op — wall-clock bench-table (criterion full-round) vs mimalloc, installed #[global_allocator]",benches/global_alloc: installed #[global_allocator] SeferAlloc (отношение Sefer/mimalloc внутри одного прогона),production internals bench-internals,Linux x86_64 (WSL2),rustc 1.98.1; valgrind 3.22.0; iai-runner 0.14.2,release; measurement; A/B B0 7d80d7e1 vs C fd954856 (src/ == main HEAD),fd954856acab9aa3015b30d49c87c58d2436d796,C tree 17bdf9b88fb773296d11506c001f76acbc1739f8; B 7d80d7e1fb6127b7747831ee61738b948a9b32f9 tree 5e5da6d1e0409aaadbd7e2f6b573722b43e44edb,sha256 бинарей B и C — docs/perf/PH6B_COST_AB_identity.txt,"node scripts/ph6b_cost_ab_table.mjs над _raw_ph6b_benchtable_{base,cand}_run{1..5}.log и _aa_run{1..10}.log; перемер оркестратора: scripts/ph6b_bt_rerun_table.mjs над _raw_ph6b_bt_rerun_quiet.log (60+60)","geomean C/B по 18 ratio-id 0.9743 (предел 1.05) PASS; warm-bulk 0.7776-1.0306 (<= 1.15) PASS; churn/1024B max C/B 1.2405 INCONCLUSIVE; перемер C/B 1.0494 p=0.725 CI [0.855,1.269]",—,false,docs/perf/PH6B_COST_AB.md;docs/perf/PH6B_COST_AB_summary.csv,91c288ff6b083ebbc0a9113d3ac7499dd07f0d87ec94152f0730c228b2f63a5b;a320838610c819a1d2c9a853af3df17f1d8645cfe98e13f1b337efec86e1ec32,bench-only,CONDITIONAL,"wall-clock WSL2: A/A-разброс до 36%; per-id max churn/1024B INCONCLUSIVE, bootstrap-CI включает предел 1.10; условный GO по docs/perf/PH6B_COST_AB.md §7; docs/perf/OPEN_ITEMS.md item 81",Ph6b,plan:6b
R6b-02,cost: p99/p999 latency (remote-free lag),installed SeferAlloc; A/B,production internals bench-internals,Linux x86_64 (WSL2),rustc 1.98.1; valgrind 3.22.0; iai-runner 0.14.2,release; measurement; A/B B0 7d80d7e1 vs C fd954856 (src/ == main HEAD),fd954856acab9aa3015b30d49c87c58d2436d796,C tree 17bdf9b88fb773296d11506c001f76acbc1739f8; B 7d80d7e1fb6127b7747831ee61738b948a9b32f9 tree 5e5da6d1e0409aaadbd7e2f6b573722b43e44edb,sha256 бинарей B и C — docs/perf/PH6B_COST_AB_identity.txt,не запускалось: нет наблюдаемого плеча/счётчиков без изменения src/,—,—,false,docs/perf/PH6B_COST_AB.md;docs/perf/PH6B_COST_AB_summary.csv,91c288ff6b083ebbc0a9113d3ac7499dd07f0d87ec94152f0730c228b2f63a5b;a320838610c819a1d2c9a853af3df17f1d8645cfe98e13f1b337efec86e1ec32,bench-only,NOT_RUN,remote lag p99 NOT_RUN (docs/perf/PH6B_COST_AB.md §4); перцентили латентности не измерялись,Ph6b,plan:6b
R6b-03,"cost: RSS/commit — фрагментация W1-W4 и trim (burst -> idle), A/B","examples/ph3c_frag_stand (installed #[global_allocator], subprocess) + examples/r31_10_trim_rss_gate (arm TRIM)",production internals bench-internals,Linux x86_64 (WSL2),rustc 1.98.1; valgrind 3.22.0; iai-runner 0.14.2,release; measurement; A/B B0 7d80d7e1 vs C fd954856 (src/ == main HEAD),fd954856acab9aa3015b30d49c87c58d2436d796,C tree 17bdf9b88fb773296d11506c001f76acbc1739f8 + M Cargo.toml (одна [[example]] запись) + examples/ph6b_mt_ab.rs; B 7d80d7e1fb6127b7747831ee61738b948a9b32f9 tree 5e5da6d1e0409aaadbd7e2f6b573722b43e44edb,sha256 бинарей B и C — docs/perf/PH6B_COST_AB_identity.txt,"node scripts/ph6b_cost_ab_table.mjs над _raw_ph6b_frag_w{1..4}.log и _raw_ph6b_trimrss_{base,cand}_run{1..5}.log; оракулы: live 64 MiB +-1%, config_conflicts delta = 0, action_released_delta > 0 в 10/10 логов","frag C/B = 1.0000 на w1-w4 (предел <= 1.10); rss_burst1 C/B 0.9998, rss_idle 0.9864, commit_idle 1.0000 (предел <= 1.05 или <= 1 MiB)",—,false,docs/perf/PH6B_COST_AB.md;docs/perf/PH6B_COST_AB_summary.csv,91c288ff6b083ebbc0a9113d3ac7499dd07f0d87ec94152f0730c228b2f63a5b;a320838610c819a1d2c9a853af3df17f1d8645cfe98e13f1b337efec86e1ec32,bench-only,PASS,RSS/commit/фрагментация; page faults не измерялись — R6b-06,Ph6b,plan:6b
R6b-04,cost: System alloc/free счётчики нового backend; remote-merge; reclaim lag,installed SeferAlloc; A/B,production internals bench-internals,Linux x86_64 (WSL2),rustc 1.98.1; valgrind 3.22.0; iai-runner 0.14.2,release; measurement; A/B B0 7d80d7e1 vs C fd954856 (src/ == main HEAD),fd954856acab9aa3015b30d49c87c58d2436d796,C tree 17bdf9b88fb773296d11506c001f76acbc1739f8; B 7d80d7e1fb6127b7747831ee61738b948a9b32f9 tree 5e5da6d1e0409aaadbd7e2f6b573722b43e44edb,sha256 бинарей B и C — docs/perf/PH6B_COST_AB_identity.txt,"не запускалось: bench-функций remote/merge в perf_gate_iai нет ни в B, ни в C",—,—,false,docs/perf/PH6B_COST_AB.md;docs/perf/PH6B_COST_AB_summary.csv,91c288ff6b083ebbc0a9113d3ac7499dd07f0d87ec94152f0730c228b2f63a5b;a320838610c819a1d2c9a853af3df17f1d8645cfe98e13f1b337efec86e1ec32,bench-only,NOT_RUN,remote-merge iai-плечо NOT_COMPARABLE; System-вызовы и reclaim lag не измерялись (PH6B_COST_AB.md §4); MT-contention — R6b-07,Ph6b,plan:6b
R-PG1-native,гипотеза MODEL-LIMIT: red-конфликт создаёт alloc-путь root-тега reservation; не тестовая запись,installed #[global_allocator] SeferAlloc; tests/r11_w0_box_reuse.rs -- w0/w0-after/w0-same-frame (native),alloc-global internals bench-internals,Windows x86_64 (host-Miri),—,native debug,4382e23b8782a0fafa92a233e5389869e5dd97a3,—,—,"cargo test --features ""alloc-global internals bench-internals"" --test r11_w0_box_reuse -- <w0|w0-after|w0-same-frame>; N ∈ {1,7,16,17,32}; 2 раунда × 4 итерации","native: exit 0, COMPLETE, reuse-счётчик 40/40 на наборе A (все три сценария)",positive + контрфактуал контроли w0-after/w0-same-frame,false,docs/reviews/2026-10-01-adr-pg1-w0-receipt.md,b33b561f087befa2b4b86a8686be36871857bb2e19a4a535f521527cbb99f2ce,shipping-installed,PASS,positive-свидетель гипотезы (набор A): без живого protector'а тот же reuse легален; сплит строки R-PG1,PG-1,draft:R-PG1
R-PG1-sb,гипотеза MODEL-LIMIT: red-конфликт создаёт alloc-путь root-тега reservation; не тестовая запись,installed SeferAlloc; tests/r11_w0_box_reuse.rs -- w0 (набор A; SB),production internals bench-internals,Windows x86_64 (host-Miri),—,Miri SB (strict-provenance; MIRIFLAGS S),4382e23b8782a0fafa92a233e5389869e5dd97a3,—,—,"cargo +nightly miri test --features ""production internals bench-internals"" -j 1 --test r11_w0_box_reuse -- w0 (SB)","w0 красный, exit 1: not granting access to tag <1263> … weakly protected (sb_A_w0.log:66)",positive + контрфактуал контроли w0-after/w0-same-frame (зелёные),false,docs/reviews/2026-10-01-adr-pg1-w0-receipt.md,b33b561f087befa2b4b86a8686be36871857bb2e19a4a535f521527cbb99f2ce,shipping-installed,MODEL-LIMIT,"гипотеза MODEL-LIMIT подтверждена: red создаёт alloc-путь root-тега reservation, не тестовая запись; контроли w0-after/w0-same-frame на A зелёные; сплит строки R-PG1",PG-1,draft:R-PG1
R-PG1-tb,гипотеза MODEL-LIMIT: red-конфликт создаёт alloc-путь root-тега reservation; не тестовая запись,installed SeferAlloc; tests/r11_w0_box_reuse.rs -- w0 (набор A; TB),production internals bench-internals,Windows x86_64 (host-Miri),—,Miri TB (tree-borrows),4382e23b8782a0fafa92a233e5389869e5dd97a3,—,—,"cargo +nightly miri test --features ""production internals bench-internals"" -j 1 -Zmiri-tree-borrows --test r11_w0_box_reuse -- w0 (TB)","w0 красный, exit 1: write access through <1216> … forbidden (tb_A_w0.log:56)",positive + контрфактуал контроли w0-after/w0-same-frame (зелёные),false,docs/reviews/2026-10-01-adr-pg1-w0-receipt.md,b33b561f087befa2b4b86a8686be36871857bb2e19a4a535f521527cbb99f2ce,shipping-installed,MODEL-LIMIT,"гипотеза MODEL-LIMIT подтверждена: red создаёт alloc-путь root-тега reservation, не тестовая запись; контроли w0-after/w0-same-frame на A зелёные; сплит строки R-PG1",PG-1,draft:R-PG1
R-PG1-b-sb,гипотеза MODEL-LIMIT: red-конфликт создаёт alloc-путь root-тега reservation; не тестовая запись,installed SeferAlloc; tests/r11_w0_box_reuse.rs (набор B: alloc-global),alloc-global internals bench-internals,Windows x86_64 (host-Miri),—,Miri SB (strict-provenance),4382e23b8782a0fafa92a233e5389869e5dd97a3,—,—,"cargo +nightly miri test --features ""alloc-global internals bench-internals"" -j 1 --test r11_w0_box_reuse -- w0-after (набор B; SB)",w0-after красный: UB not granting access … в src/alloc_core/platform/node.rs:90 (sb_B_w0-after.log:56),отдельный факт о наборе B; не гипотеза,false,docs/reviews/2026-10-01-adr-pg1-w0-receipt.md,b33b561f087befa2b4b86a8686be36871857bb2e19a4a535f521527cbb99f2ce,shipping-installed,KNOWN-DEFECT,"KNOWN-DEFECT (класс P1-box): src/alloc_core/platform/node.rs:90 Node::write_next ← dealloc_small (src/alloc_core/small/alloc_core_small/dealloc.rs:118) ← dealloc_at_base — интрузивная freelist-запись немедленно в dealloc, внутри кадра Box::drop; отдельный факт о наборе B, не гипотеза; см. R6a-C2..C5; сплит строки R-PG1",PG-1,draft:R-PG1
R-PG1-b-tb,гипотеза MODEL-LIMIT: red-конфликт создаёт alloc-путь root-тега reservation; не тестовая запись,installed SeferAlloc; tests/r11_w0_box_reuse.rs (набор B: alloc-global),alloc-global internals bench-internals,Windows x86_64 (host-Miri),—,Miri TB (tree-borrows),4382e23b8782a0fafa92a233e5389869e5dd97a3,—,—,"cargo +nightly miri test --features ""alloc-global internals bench-internals"" -j 1 -Zmiri-tree-borrows --test r11_w0_box_reuse -- w0-after (набор B; TB)",write access through <1414> (root of the allocation) … forbidden,отдельный факт о наборе B; не гипотеза,false,docs/reviews/2026-10-01-adr-pg1-w0-receipt.md,b33b561f087befa2b4b86a8686be36871857bb2e19a4a535f521527cbb99f2ce,shipping-installed,KNOWN-DEFECT,"KNOWN-DEFECT (класс P1-box): src/alloc_core/platform/node.rs:90 Node::write_next ← dealloc_small (src/alloc_core/small/alloc_core_small/dealloc.rs:118) ← dealloc_at_base — интрузивная freelist-запись немедленно в dealloc, внутри кадра Box::drop; отдельный факт о наборе B, не гипотеза; см. R6a-C2..C5; сплит строки R-PG1",PG-1,draft:R-PG1
R-Ph1b-native,точный System-объект + внеобъектный descriptor; узкие размеры 1..=16; align <= 8; paused-Box witness,installed #[global_allocator] SeferAlloc (exact-object-proto); paused-Box witness (native),exact-object-proto internals bench-internals,Windows x86_64 (host-Miri),,native debug,cabc785b2b18adbc1bb7278b95da5f4fca412b51,—,—,"прогон paused-Box witness нативно + мутант-прогоны (ветка proto/exact-object-ph1b, cabc785b)",paused-Box witness COMPLETE (native); мутанты красные по нужным причинам; baseline (feature off) красный,мутанты красные; baseline без feature красный,false,docs/reviews/2026-10-01-refactor-ph1b-exact-object-proto-receipt.md,8560d59a6a9fd2749170955d179d6f799f6ee135df179aea4174598da056c6be,shipping-installed,CONDITIONAL,"CONDITIONAL(proto): код не влит (ветка proto/exact-object-ph1b, cabc785b); P1 ≥17 байт не закрыт; шаг 2 не сделан; перепроверка на HEAD оркестратором; сплит строки R-Ph1b; spike-not-merged:cabc785b (коммит только в локальной ветке спайка, не в main и не в CI-клоне)",Ph1b,draft:R-Ph1b
R-Ph1b-sb,точный System-объект + внеобъектный descriptor; узкие размеры 1..=16; align <= 8; paused-Box witness,installed SeferAlloc (exact-object-proto); paused-Box witness (SB),exact-object-proto internals bench-internals,Windows x86_64 (host-Miri),,Miri SB (strict-provenance),cabc785b2b18adbc1bb7278b95da5f4fca412b51,—,—,cargo +nightly miri test (MIRIFLAGS -Zmiri-strict-provenance) paused-Box witness; ветка proto/exact-object-ph1b,paused-Box witness COMPLETE (SB); мутанты красные по нужным причинам; baseline (feature off) красный,мутанты красные; baseline без feature красный,false,docs/reviews/2026-10-01-refactor-ph1b-exact-object-proto-receipt.md,8560d59a6a9fd2749170955d179d6f799f6ee135df179aea4174598da056c6be,shipping-installed,CONDITIONAL,"CONDITIONAL(proto): код не влит (ветка proto/exact-object-ph1b, cabc785b); P1 ≥17 байт не закрыт; шаг 2 не сделан; перепроверка на HEAD оркестратором; сплит строки R-Ph1b; spike-not-merged:cabc785b (коммит только в локальной ветке спайка, не в main и не в CI-клоне)",Ph1b,draft:R-Ph1b
R-Ph1b-tb,точный System-объект + внеобъектный descriptor; узкие размеры 1..=16; align <= 8; paused-Box witness,installed SeferAlloc (exact-object-proto); paused-Box witness (TB),exact-object-proto internals bench-internals,Windows x86_64 (host-Miri),,Miri TB (tree-borrows),cabc785b2b18adbc1bb7278b95da5f4fca412b51,—,—,cargo +nightly miri test (MIRIFLAGS -Zmiri-tree-borrows) paused-Box witness; ветка proto/exact-object-ph1b,paused-Box witness COMPLETE (TB); мутанты красные по нужным причинам; baseline (feature off) красный,мутанты красные; baseline без feature красный,false,docs/reviews/2026-10-01-refactor-ph1b-exact-object-proto-receipt.md,8560d59a6a9fd2749170955d179d6f799f6ee135df179aea4174598da056c6be,shipping-installed,CONDITIONAL,"CONDITIONAL(proto): код не влит (ветка proto/exact-object-ph1b, cabc785b); P1 ≥17 байт не закрыт; шаг 2 не сделан; перепроверка на HEAD оркестратором; сплит строки R-Ph1b; spike-not-merged:cabc785b (коммит только в локальной ветке спайка, не в main и не в CI-клоне)",Ph1b,draft:R-Ph1b
R-PG2-sb,off-body NextTable (спайк not for merge): retire/refill пишут только метаданные,installed SeferAlloc: miri_global_box_acceptance -- paused (спайк off-body NextTable),production internals bench-internals + alloc-global internals bench-internals,Windows x86_64 (host-Miri),—,Miri SB (strict-provenance),8a0286166a07c3ff35258836400d94f16c7994cd,—,—,"прогон paused-свидетеля спайка под Miri SB (спайк not-for-merge, не влит)",paused SB-пары (production/alloc-global) COMPLETE; MODEL-LIMIT (ii) reissue и (iii) Large красные как пред-регистрировано; (i) seg-release зелёный — отклонение от ADR,"мутант write_next отвергнут на спайке (node.rs:94); mutant_rejected=false, т.к. строка CONDITIONAL",false,docs/reviews/2026-10-01-adr-pg2-offbody-spike-receipt.md,197f60c2380e6f89259a85073f107f1f47b4d62941a726379f2f1345e81e5947,shipping-installed,CONDITIONAL,"CONDITIONAL(spike): спайк not-for-merge, не влит; перепроверка на HEAD оркестратором; сплит строки R-PG2; spike-not-merged:8a028616 (коммит только в локальной ветке спайка, не в main и не в CI-клоне)",PG-2,draft:R-PG2
R-PG2-tb,off-body NextTable (спайк not for merge): retire/refill пишут только метаданные,installed SeferAlloc: miri_global_box_acceptance -- paused (спайк off-body NextTable),production internals bench-internals + alloc-global internals bench-internals,Windows x86_64 (host-Miri),—,Miri TB (tree-borrows),8a0286166a07c3ff35258836400d94f16c7994cd,—,—,"прогон paused-свидетеля спайка под Miri TB (спайк not-for-merge, не влит)",paused TB-пары COMPLETE,TB-мутант NOT_RUN (в источнике),false,docs/reviews/2026-10-01-adr-pg2-offbody-spike-receipt.md,197f60c2380e6f89259a85073f107f1f47b4d62941a726379f2f1345e81e5947,shipping-installed,CONDITIONAL,"CONDITIONAL(spike): спайк not-for-merge, не влит; перепроверка на HEAD оркестратором; сплит строки R-PG2; spike-not-merged:8a028616 (коммит только в локальной ветке спайка, не в main и не в CI-клоне)",PG-2,draft:R-PG2
R5b-09-sb,C4: reissue/release при паузе — ожидаемо-красный гейт,клетки в спайке PG-2 (tests/*model_limit* отсутствуют),—,Windows x86_64,—,Miri SB,8a0286166a07c3ff35258836400d94f16c7994cd,diff sha256 6534cd8939468328b457b7692430e17a1fd613c8ec3d7be50ed44f0233fe6144 (дерево замера) + landing 80db02af91cfa21d2fc6b47ea415e632a24ccf4d,—,witnesses не запускались в этом ходе (строка о состоянии гейта C4),—,witnesses не запускались в этом ходе,false,docs/reviews/2026-10-05-ph5b-hardening-matrix.md,620cd76542430a967e8ec17599cef2d22268439cb6af61b133724925626ee0f4,bench-only,MODEL-LIMIT,"C4 MODEL-LIMIT: reissue/release при паузе — ожидаемо-красный гейт; клетки живут в спайке PG-2 (tests/*model_limit* отсутствуют); сплит строки R5b-09; spike-not-merged:8a028616 (коммит только в локальной ветке спайка, не в main и не в CI-клоне)",Ph5b,ph5b:C4
R5b-09-tb,C4: reissue/release при паузе — ожидаемо-красный гейт,клетки в спайке PG-2 (tests/*model_limit* отсутствуют),—,Windows x86_64,—,Miri TB,8a0286166a07c3ff35258836400d94f16c7994cd,diff sha256 6534cd8939468328b457b7692430e17a1fd613c8ec3d7be50ed44f0233fe6144 (дерево замера) + landing 80db02af91cfa21d2fc6b47ea415e632a24ccf4d,—,witnesses не запускались в этом ходе (строка о состоянии гейта C4),—,witnesses не запускались в этом ходе,false,docs/reviews/2026-10-05-ph5b-hardening-matrix.md,620cd76542430a967e8ec17599cef2d22268439cb6af61b133724925626ee0f4,bench-only,MODEL-LIMIT,"C4 MODEL-LIMIT: reissue/release при паузе — ожидаемо-красный гейт; клетки живут в спайке PG-2 (tests/*model_limit* отсутствуют); сплит строки R5b-09; spike-not-merged:8a028616 (коммит только в локальной ветке спайка, не в main и не в CI-клоне)",Ph5b,ph5b:C4
R6b-05,"cost: CPU/op — iai Ir/EstCycles (callgrind, детерминированно), 85 бенчей, hot/refill/zeroed/realloc",benches/perf_gate_iai (iai-callgrind; HeapCore-уровень) + mimalloc A/A контрольные плечи,production internals bench-internals,Linux x86_64 (WSL2),rustc 1.98.1; valgrind 3.22.0; iai-runner 0.14.2,release; measurement; A/B B0 7d80d7e1 vs C fd954856 (src/ == main HEAD),fd954856acab9aa3015b30d49c87c58d2436d796,C tree 17bdf9b88fb773296d11506c001f76acbc1739f8 + M Cargo.toml (одна [[example]] запись) + examples/ph6b_mt_ab.rs; B 7d80d7e1fb6127b7747831ee61738b948a9b32f9 tree 5e5da6d1e0409aaadbd7e2f6b573722b43e44edb,sha256 бинарей B и C — docs/perf/PH6B_COST_AB_identity.txt,"node scripts/ph6b_cost_ab_table.mjs над _raw_ph6b_iai_{base,cand}_run{1,2}.log: наборы 85=85=85=85, run2 == run1 побитово, 13 mimalloc-плеч ΔIr = 0.000% ровно","hot Ir x0.962 EstCycles x0.978 (предел 1.02); refill Ir x0.80-0.96 EstCycles <= 1.05; zeroed: 2 бенча Ir x0.964, 2 бенча Ir=3 (пустые плечи, не доказательство); realloc_grow Ir x0.953, dealloc_realloc_burst Ir x0.676 (предел 1.05); zeroed-гейт 4 из 5 заявленных",—,false,docs/perf/PH6B_COST_AB.md;docs/perf/PH6B_COST_AB_summary.csv,91c288ff6b083ebbc0a9113d3ac7499dd07f0d87ec94152f0730c228b2f63a5b;a320838610c819a1d2c9a853af3df17f1d8645cfe98e13f1b337efec86e1ec32,bench-only,PASS,"детерминированная ось Ph6b; wall-clock — R6b-01/R6b-07, не заменяется этой строкой",Ph6b,plan:6b
R6b-07,"cost: MT wall-clock throughput under the installed #[global_allocator], larson/mstress x T=1/2/4/8",examples/ph6b_mt_ab: installed #[global_allocator] SeferAlloc (7+7 прогонов; перемер оркестратора 30+30),production internals bench-internals,Linux x86_64 (WSL2),rustc 1.98.1; valgrind 3.22.0; iai-runner 0.14.2,release; measurement; A/B B0 7d80d7e1 vs C fd954856 (src/ == main HEAD),fd954856acab9aa3015b30d49c87c58d2436d796,C tree 17bdf9b88fb773296d11506c001f76acbc1739f8; B 7d80d7e1fb6127b7747831ee61738b948a9b32f9 tree 5e5da6d1e0409aaadbd7e2f6b573722b43e44edb,sha256 бинарей B и C — docs/perf/PH6B_COST_AB_identity.txt,"node scripts/ph6b_cost_ab_table.mjs над _raw_ph6b_mt_{base,cand}_run{1..7}.log и _aa_run{1..10}.log; scripts/ph6b_mt_rerun_table.mjs над _raw_ph6b_mt_rerun_quiet.log; оракулы segments_reserved_total > 0, config_conflicts = 0","geomean Mops C/B 1.1267 (предел >= 0.95) PASS; mstress T=8 Mops C/B 0.6991 INCONCLUSIVE по шум-правилу; перемер 30+30: 0 из 8 ячеек значимо (mstress T=8 C/B(ns) 1.084, p=0.929)",—,false,docs/perf/PH6B_COST_AB.md;docs/perf/PH6B_COST_AB_summary.csv,91c288ff6b083ebbc0a9113d3ac7499dd07f0d87ec94152f0730c228b2f63a5b;a320838610c819a1d2c9a853af3df17f1d8645cfe98e13f1b337efec86e1ec32,bench-only,INCONCLUSIVE,"MT-харнесс без in-run control, разброс 128-894% на WSL2; регрессия не обнаружена, но предел не доказан; docs/perf/OPEN_ITEMS.md item 81",Ph6b,plan:6b
R6b-06,cost: page faults A/B,installed SeferAlloc; A/B,production internals bench-internals,Linux x86_64 (WSL2),rustc 1.98.1; valgrind 3.22.0; iai-runner 0.14.2,release; measurement; A/B B0 7d80d7e1 vs C fd954856 (src/ == main HEAD),fd954856acab9aa3015b30d49c87c58d2436d796,C tree 17bdf9b88fb773296d11506c001f76acbc1739f8; B 7d80d7e1fb6127b7747831ee61738b948a9b32f9 tree 5e5da6d1e0409aaadbd7e2f6b573722b43e44edb,sha256 бинарей B и C — docs/perf/PH6B_COST_AB_identity.txt,не запускалось: счётчик page faults не включён в оси Ph6b,—,—,false,docs/perf/PH6B_COST_AB.md;docs/perf/PH6B_COST_AB_summary.csv,91c288ff6b083ebbc0a9113d3ac7499dd07f0d87ec94152f0730c228b2f63a5b;a320838610c819a1d2c9a853af3df17f1d8645cfe98e13f1b337efec86e1ec32,bench-only,NOT_RUN,"выделено из R6b-03 (RSS/commit измерены, page faults нет)",Ph6b,plan:6b
