=== R34-10 sparse-decay accumulation gate — throttled (stride=64) vs unthrottled (stride=1), 40 consecutive intervals ===
profiles: ["allocfree", "deallocate", "allocate"] | events: [1, 2, 4, 8] | headroom=16777216 obj_bytes=2097152 decay_interval_ms=100 wait_ms=150 slots=8

RESULT ts=1 interval=0 profile=allocfree events=1 arm=throttled rep=0 used_post=33554432 guard_passed_cum=1 released_cum=0 rss_kib=19588
RESULT ts=1 interval=1 profile=allocfree events=1 arm=throttled rep=0 used_post=33554432 guard_passed_cum=1 released_cum=0 rss_kib=19592
RESULT ts=1 interval=2 profile=allocfree events=1 arm=throttled rep=0 used_post=33554432 guard_passed_cum=1 released_cum=0 rss_kib=19592
RESULT ts=1 interval=3 profile=allocfree events=1 arm=throttled rep=0 used_post=33554432 guard_passed_cum=1 released_cum=0 rss_kib=19592
RESULT ts=1 interval=4 profile=allocfree events=1 arm=throttled rep=0 used_post=33554432 guard_passed_cum=1 released_cum=0 rss_kib=19592
RESULT ts=1 interval=5 profile=allocfree events=1 arm=throttled rep=0 used_post=33554432 guard_passed_cum=1 released_cum=0 rss_kib=19592
RESULT ts=1 interval=6 profile=allocfree events=1 arm=throttled rep=0 used_post=33554432 guard_passed_cum=1 released_cum=0 rss_kib=19592
RESULT ts=1 interval=7 profile=allocfree events=1 arm=throttled rep=0 used_post=33554432 guard_passed_cum=1 released_cum=0 rss_kib=19592
RESULT ts=1 interval=8 profile=allocfree events=1 arm=throttled rep=0 used_post=33554432 guard_passed_cum=1 released_cum=0 rss_kib=19592
RESULT ts=1 interval=9 profile=allocfree events=1 arm=throttled rep=0 used_post=33554432 guard_passed_cum=1 released_cum=0 rss_kib=19592
RESULT ts=1 interval=10 profile=allocfree events=1 arm=throttled rep=0 used_post=33554432 guard_passed_cum=1 released_cum=0 rss_kib=19592
RESULT ts=1 interval=11 profile=allocfree events=1 arm=throttled rep=0 used_post=33554432 guard_passed_cum=1 released_cum=0 rss_kib=19592
RESULT ts=1 interval=12 profile=allocfree events=1 arm=throttled rep=0 used_post=33554432 guard_passed_cum=1 released_cum=0 rss_kib=19592
RESULT ts=1 interval=13 profile=allocfree events=1 arm=throttled rep=0 used_post=33554432 guard_passed_cum=1 released_cum=0 rss_kib=19592
RESULT ts=1 interval=14 profile=allocfree events=1 arm=throttled rep=0 used_post=33554432 guard_passed_cum=1 released_cum=0 rss_kib=19592
RESULT ts=1 interval=15 profile=allocfree events=1 arm=throttled rep=0 used_post=33554432 guard_passed_cum=1 released_cum=0 rss_kib=19592
RESULT ts=1 interval=16 profile=allocfree events=1 arm=throttled rep=0 used_post=33554432 guard_passed_cum=1 released_cum=0 rss_kib=19592
RESULT ts=1 interval=17 profile=allocfree events=1 arm=throttled rep=0 used_post=33554432 guard_passed_cum=1 released_cum=0 rss_kib=19592
RESULT ts=1 interval=18 profile=allocfree events=1 arm=throttled rep=0 used_post=33554432 guard_passed_cum=1 released_cum=0 rss_kib=19592
RESULT ts=1 interval=19 profile=allocfree events=1 arm=throttled rep=0 used_post=33554432 guard_passed_cum=1 released_cum=0 rss_kib=19592
RESULT ts=1 interval=20 profile=allocfree events=1 arm=throttled rep=0 used_post=33554432 guard_passed_cum=1 released_cum=0 rss_kib=19592
RESULT ts=1 interval=21 profile=allocfree events=1 arm=throttled rep=0 used_post=33554432 guard_passed_cum=1 released_cum=0 rss_kib=19592
RESULT ts=1 interval=22 profile=allocfree events=1 arm=throttled rep=0 used_post=33554432 guard_passed_cum=1 released_cum=0 rss_kib=19592
RESULT ts=1 interval=23 profile=allocfree events=1 arm=throttled rep=0 used_post=33554432 guard_passed_cum=1 released_cum=0 rss_kib=19592
RESULT ts=1 interval=24 profile=allocfree events=1 arm=throttled rep=0 used_post=33554432 guard_passed_cum=1 released_cum=0 rss_kib=19592
RESULT ts=1 interval=25 profile=allocfree events=1 arm=throttled rep=0 used_post=33554432 guard_passed_cum=1 released_cum=0 rss_kib=19592
RESULT ts=1 interval=26 profile=allocfree events=1 arm=throttled rep=0 used_post=33554432 guard_passed_cum=1 released_cum=0 rss_kib=19592
RESULT ts=1 interval=27 profile=allocfree events=1 arm=throttled rep=0 used_post=33554432 guard_passed_cum=1 released_cum=0 rss_kib=19592
RESULT ts=1 interval=28 profile=allocfree events=1 arm=throttled rep=0 used_post=33554432 guard_passed_cum=1 released_cum=0 rss_kib=19592
RESULT ts=1 interval=29 profile=allocfree events=1 arm=throttled rep=0 used_post=33554432 guard_passed_cum=1 released_cum=0 rss_kib=19592
RESULT ts=1 interval=30 profile=allocfree events=1 arm=throttled rep=0 used_post=29360128 guard_passed_cum=2 released_cum=1 rss_kib=17544
RESULT ts=1 interval=31 profile=allocfree events=1 arm=throttled rep=0 used_post=29360128 guard_passed_cum=2 released_cum=1 rss_kib=17544
RESULT ts=1 interval=32 profile=allocfree events=1 arm=throttled rep=0 used_post=29360128 guard_passed_cum=2 released_cum=1 rss_kib=17544
RESULT ts=1 interval=33 profile=allocfree events=1 arm=throttled rep=0 used_post=29360128 guard_passed_cum=2 released_cum=1 rss_kib=17544
RESULT ts=1 interval=34 profile=allocfree events=1 arm=throttled rep=0 used_post=29360128 guard_passed_cum=2 released_cum=1 rss_kib=17544
RESULT ts=1 interval=35 profile=allocfree events=1 arm=throttled rep=0 used_post=29360128 guard_passed_cum=2 released_cum=1 rss_kib=17544
RESULT ts=1 interval=36 profile=allocfree events=1 arm=throttled rep=0 used_post=29360128 guard_passed_cum=2 released_cum=1 rss_kib=17544
RESULT ts=1 interval=37 profile=allocfree events=1 arm=throttled rep=0 used_post=29360128 guard_passed_cum=2 released_cum=1 rss_kib=17544
RESULT ts=1 interval=38 profile=allocfree events=1 arm=throttled rep=0 used_post=29360128 guard_passed_cum=2 released_cum=1 rss_kib=17544
RESULT ts=1 interval=39 profile=allocfree events=1 arm=throttled rep=0 used_post=29360128 guard_passed_cum=2 released_cum=1 rss_kib=17544
RESULT config=1 profile=allocfree events=1 arm=throttled rep=0 intervals=40 headroom_bytes=16777216 obj_bytes=2097152 decay_interval_ms=100 decay_rate_bp=1000 stride=64 slots=8 prefill_free=8 verified_headroom=16777216 verified_interval_ms=100 config_conflicts_delta=0 used_baseline=33554432 guard_passed_baseline=1 released_baseline=0 rss_baseline_kib=19576 guard_passed_delta=1 headroom_crossed=1 unthrottled_read=1 process_identity=subprocess
RESULT oracle=1 profile=allocfree events=1 arm=throttled rep=0 oracle_pass=1
RESULT ts=1 interval=0 profile=allocfree events=1 arm=unthrottled rep=0 used_post=29360128 guard_passed_cum=3 released_cum=1 rss_kib=17548
RESULT ts=1 interval=1 profile=allocfree events=1 arm=unthrottled rep=0 used_post=25165824 guard_passed_cum=5 released_cum=2 rss_kib=15500
RESULT ts=1 interval=2 profile=allocfree events=1 arm=unthrottled rep=0 used_post=20971520 guard_passed_cum=7 released_cum=3 rss_kib=13448
RESULT ts=1 interval=3 profile=allocfree events=1 arm=unthrottled rep=0 used_post=16777216 guard_passed_cum=9 released_cum=4 rss_kib=11396
RESULT ts=1 interval=4 profile=allocfree events=1 arm=unthrottled rep=0 used_post=16777216 guard_passed_cum=11 released_cum=4 rss_kib=11396
RESULT ts=1 interval=5 profile=allocfree events=1 arm=unthrottled rep=0 used_post=16777216 guard_passed_cum=13 released_cum=4 rss_kib=11396
RESULT ts=1 interval=6 profile=allocfree events=1 arm=unthrottled rep=0 used_post=16777216 guard_passed_cum=15 released_cum=4 rss_kib=11396
RESULT ts=1 interval=7 profile=allocfree events=1 arm=unthrottled rep=0 used_post=16777216 guard_passed_cum=17 released_cum=4 rss_kib=11396
RESULT ts=1 interval=8 profile=allocfree events=1 arm=unthrottled rep=0 used_post=16777216 guard_passed_cum=19 released_cum=4 rss_kib=11396
RESULT ts=1 interval=9 profile=allocfree events=1 arm=unthrottled rep=0 used_post=16777216 guard_passed_cum=21 released_cum=4 rss_kib=11396
RESULT ts=1 interval=10 profile=allocfree events=1 arm=unthrottled rep=0 used_post=16777216 guard_passed_cum=23 released_cum=4 rss_kib=11396
RESULT ts=1 interval=11 profile=allocfree events=1 arm=unthrottled rep=0 used_post=16777216 guard_passed_cum=25 released_cum=4 rss_kib=11396
RESULT ts=1 interval=12 profile=allocfree events=1 arm=unthrottled rep=0 used_post=16777216 guard_passed_cum=27 released_cum=4 rss_kib=11396
RESULT ts=1 interval=13 profile=allocfree events=1 arm=unthrottled rep=0 used_post=16777216 guard_passed_cum=29 released_cum=4 rss_kib=11396
RESULT ts=1 interval=14 profile=allocfree events=1 arm=unthrottled rep=0 used_post=16777216 guard_passed_cum=31 released_cum=4 rss_kib=11396
RESULT ts=1 interval=15 profile=allocfree events=1 arm=unthrottled rep=0 used_post=16777216 guard_passed_cum=33 released_cum=4 rss_kib=11396
RESULT ts=1 interval=16 profile=allocfree events=1 arm=unthrottled rep=0 used_post=16777216 guard_passed_cum=35 released_cum=4 rss_kib=11396
RESULT ts=1 interval=17 profile=allocfree events=1 arm=unthrottled rep=0 used_post=16777216 guard_passed_cum=37 released_cum=4 rss_kib=11396
RESULT ts=1 interval=18 profile=allocfree events=1 arm=unthrottled rep=0 used_post=16777216 guard_passed_cum=39 released_cum=4 rss_kib=11396
RESULT ts=1 interval=19 profile=allocfree events=1 arm=unthrottled rep=0 used_post=16777216 guard_passed_cum=41 released_cum=4 rss_kib=11396
RESULT ts=1 interval=20 profile=allocfree events=1 arm=unthrottled rep=0 used_post=16777216 guard_passed_cum=43 released_cum=4 rss_kib=11396
RESULT ts=1 interval=21 profile=allocfree events=1 arm=unthrottled rep=0 used_post=16777216 guard_passed_cum=45 released_cum=4 rss_kib=11396
RESULT ts=1 interval=22 profile=allocfree events=1 arm=unthrottled rep=0 used_post=16777216 guard_passed_cum=47 released_cum=4 rss_kib=11396
RESULT ts=1 interval=23 profile=allocfree events=1 arm=unthrottled rep=0 used_post=16777216 guard_passed_cum=49 released_cum=4 rss_kib=11396
RESULT ts=1 interval=24 profile=allocfree events=1 arm=unthrottled rep=0 used_post=16777216 guard_passed_cum=51 released_cum=4 rss_kib=11396
RESULT ts=1 interval=25 profile=allocfree events=1 arm=unthrottled rep=0 used_post=16777216 guard_passed_cum=53 released_cum=4 rss_kib=11396
RESULT ts=1 interval=26 profile=allocfree events=1 arm=unthrottled rep=0 used_post=16777216 guard_passed_cum=55 released_cum=4 rss_kib=11396
RESULT ts=1 interval=27 profile=allocfree events=1 arm=unthrottled rep=0 used_post=16777216 guard_passed_cum=57 released_cum=4 rss_kib=11396
RESULT ts=1 interval=28 profile=allocfree events=1 arm=unthrottled rep=0 used_post=16777216 guard_passed_cum=59 released_cum=4 rss_kib=11396
RESULT ts=1 interval=29 profile=allocfree events=1 arm=unthrottled rep=0 used_post=16777216 guard_passed_cum=61 released_cum=4 rss_kib=11396
RESULT ts=1 interval=30 profile=allocfree events=1 arm=unthrottled rep=0 used_post=16777216 guard_passed_cum=63 released_cum=4 rss_kib=11396
RESULT ts=1 interval=31 profile=allocfree events=1 arm=unthrottled rep=0 used_post=16777216 guard_passed_cum=65 released_cum=4 rss_kib=11396
RESULT ts=1 interval=32 profile=allocfree events=1 arm=unthrottled rep=0 used_post=16777216 guard_passed_cum=67 released_cum=4 rss_kib=11396
RESULT ts=1 interval=33 profile=allocfree events=1 arm=unthrottled rep=0 used_post=16777216 guard_passed_cum=69 released_cum=4 rss_kib=11396
RESULT ts=1 interval=34 profile=allocfree events=1 arm=unthrottled rep=0 used_post=16777216 guard_passed_cum=71 released_cum=4 rss_kib=11396
RESULT ts=1 interval=35 profile=allocfree events=1 arm=unthrottled rep=0 used_post=16777216 guard_passed_cum=73 released_cum=4 rss_kib=11396
RESULT ts=1 interval=36 profile=allocfree events=1 arm=unthrottled rep=0 used_post=16777216 guard_passed_cum=75 released_cum=4 rss_kib=11396
RESULT ts=1 interval=37 profile=allocfree events=1 arm=unthrottled rep=0 used_post=16777216 guard_passed_cum=77 released_cum=4 rss_kib=11396
RESULT ts=1 interval=38 profile=allocfree events=1 arm=unthrottled rep=0 used_post=16777216 guard_passed_cum=79 released_cum=4 rss_kib=11396
RESULT ts=1 interval=39 profile=allocfree events=1 arm=unthrottled rep=0 used_post=16777216 guard_passed_cum=81 released_cum=4 rss_kib=11396
RESULT config=1 profile=allocfree events=1 arm=unthrottled rep=0 intervals=40 headroom_bytes=16777216 obj_bytes=2097152 decay_interval_ms=100 decay_rate_bp=1000 stride=64 slots=8 prefill_free=8 verified_headroom=16777216 verified_interval_ms=100 config_conflicts_delta=0 used_baseline=33554432 guard_passed_baseline=1 released_baseline=0 rss_baseline_kib=19584 guard_passed_delta=80 headroom_crossed=1 unthrottled_read=1 process_identity=subprocess
RESULT oracle=1 profile=allocfree events=1 arm=unthrottled rep=0 oracle_pass=1
RESULT ts=1 interval=0 profile=deallocate events=1 arm=throttled rep=0 used_post=25165824 guard_passed_cum=1 released_cum=0 rss_kib=95516
RESULT ts=1 interval=1 profile=deallocate events=1 arm=throttled rep=0 used_post=29360128 guard_passed_cum=1 released_cum=0 rss_kib=95520
RESULT ts=1 interval=2 profile=deallocate events=1 arm=throttled rep=0 used_post=33554432 guard_passed_cum=1 released_cum=0 rss_kib=95520
RESULT ts=1 interval=3 profile=deallocate events=1 arm=throttled rep=0 used_post=33554432 guard_passed_cum=1 released_cum=1 rss_kib=93472
RESULT ts=1 interval=4 profile=deallocate events=1 arm=throttled rep=0 used_post=33554432 guard_passed_cum=1 released_cum=2 rss_kib=91420
RESULT ts=1 interval=5 profile=deallocate events=1 arm=throttled rep=0 used_post=33554432 guard_passed_cum=1 released_cum=3 rss_kib=89368
RESULT ts=1 interval=6 profile=deallocate events=1 arm=throttled rep=0 used_post=33554432 guard_passed_cum=1 released_cum=4 rss_kib=87316
RESULT ts=1 interval=7 profile=deallocate events=1 arm=throttled rep=0 used_post=33554432 guard_passed_cum=1 released_cum=5 rss_kib=85264
RESULT ts=1 interval=8 profile=deallocate events=1 arm=throttled rep=0 used_post=33554432 guard_passed_cum=1 released_cum=6 rss_kib=83212
RESULT ts=1 interval=9 profile=deallocate events=1 arm=throttled rep=0 used_post=33554432 guard_passed_cum=1 released_cum=7 rss_kib=81160
RESULT ts=1 interval=10 profile=deallocate events=1 arm=throttled rep=0 used_post=33554432 guard_passed_cum=1 released_cum=8 rss_kib=79108
RESULT ts=1 interval=11 profile=deallocate events=1 arm=throttled rep=0 used_post=33554432 guard_passed_cum=1 released_cum=9 rss_kib=77056
RESULT ts=1 interval=12 profile=deallocate events=1 arm=throttled rep=0 used_post=33554432 guard_passed_cum=1 released_cum=10 rss_kib=75004
RESULT ts=1 interval=13 profile=deallocate events=1 arm=throttled rep=0 used_post=33554432 guard_passed_cum=1 released_cum=11 rss_kib=72952
RESULT ts=1 interval=14 profile=deallocate events=1 arm=throttled rep=0 used_post=33554432 guard_passed_cum=1 released_cum=12 rss_kib=70900
RESULT ts=1 interval=15 profile=deallocate events=1 arm=throttled rep=0 used_post=33554432 guard_passed_cum=1 released_cum=13 rss_kib=68848
RESULT ts=1 interval=16 profile=deallocate events=1 arm=throttled rep=0 used_post=33554432 guard_passed_cum=1 released_cum=14 rss_kib=66796
RESULT ts=1 interval=17 profile=deallocate events=1 arm=throttled rep=0 used_post=33554432 guard_passed_cum=1 released_cum=15 rss_kib=64744
RESULT ts=1 interval=18 profile=deallocate events=1 arm=throttled rep=0 used_post=33554432 guard_passed_cum=1 released_cum=16 rss_kib=62692
RESULT ts=1 interval=19 profile=deallocate events=1 arm=throttled rep=0 used_post=33554432 guard_passed_cum=1 released_cum=17 rss_kib=60640
RESULT ts=1 interval=20 profile=deallocate events=1 arm=throttled rep=0 used_post=33554432 guard_passed_cum=1 released_cum=18 rss_kib=58588
RESULT ts=1 interval=21 profile=deallocate events=1 arm=throttled rep=0 used_post=33554432 guard_passed_cum=1 released_cum=19 rss_kib=56536
RESULT ts=1 interval=22 profile=deallocate events=1 arm=throttled rep=0 used_post=33554432 guard_passed_cum=1 released_cum=20 rss_kib=54484
RESULT ts=1 interval=23 profile=deallocate events=1 arm=throttled rep=0 used_post=33554432 guard_passed_cum=1 released_cum=21 rss_kib=52432
RESULT ts=1 interval=24 profile=deallocate events=1 arm=throttled rep=0 used_post=33554432 guard_passed_cum=1 released_cum=22 rss_kib=50380
RESULT ts=1 interval=25 profile=deallocate events=1 arm=throttled rep=0 used_post=33554432 guard_passed_cum=1 released_cum=23 rss_kib=48328
RESULT ts=1 interval=26 profile=deallocate events=1 arm=throttled rep=0 used_post=33554432 guard_passed_cum=1 released_cum=24 rss_kib=46276
RESULT ts=1 interval=27 profile=deallocate events=1 arm=throttled rep=0 used_post=33554432 guard_passed_cum=1 released_cum=25 rss_kib=44224
RESULT ts=1 interval=28 profile=deallocate events=1 arm=throttled rep=0 used_post=33554432 guard_passed_cum=1 released_cum=26 rss_kib=42172
RESULT ts=1 interval=29 profile=deallocate events=1 arm=throttled rep=0 used_post=33554432 guard_passed_cum=1 released_cum=27 rss_kib=40120
RESULT ts=1 interval=30 profile=deallocate events=1 arm=throttled rep=0 used_post=33554432 guard_passed_cum=1 released_cum=28 rss_kib=38068
RESULT ts=1 interval=31 profile=deallocate events=1 arm=throttled rep=0 used_post=33554432 guard_passed_cum=1 released_cum=29 rss_kib=36016
RESULT ts=1 interval=32 profile=deallocate events=1 arm=throttled rep=0 used_post=33554432 guard_passed_cum=1 released_cum=30 rss_kib=33964
RESULT ts=1 interval=33 profile=deallocate events=1 arm=throttled rep=0 used_post=33554432 guard_passed_cum=1 released_cum=31 rss_kib=31912
RESULT ts=1 interval=34 profile=deallocate events=1 arm=throttled rep=0 used_post=33554432 guard_passed_cum=1 released_cum=32 rss_kib=29860
RESULT ts=1 interval=35 profile=deallocate events=1 arm=throttled rep=0 used_post=33554432 guard_passed_cum=1 released_cum=33 rss_kib=27808
RESULT ts=1 interval=36 profile=deallocate events=1 arm=throttled rep=0 used_post=33554432 guard_passed_cum=1 released_cum=34 rss_kib=25756
RESULT ts=1 interval=37 profile=deallocate events=1 arm=throttled rep=0 used_post=33554432 guard_passed_cum=1 released_cum=35 rss_kib=23704
RESULT ts=1 interval=38 profile=deallocate events=1 arm=throttled rep=0 used_post=33554432 guard_passed_cum=1 released_cum=36 rss_kib=21652
RESULT ts=1 interval=39 profile=deallocate events=1 arm=throttled rep=0 used_post=33554432 guard_passed_cum=1 released_cum=37 rss_kib=19600
RESULT config=1 profile=deallocate events=1 arm=throttled rep=0 intervals=40 headroom_bytes=16777216 obj_bytes=2097152 decay_interval_ms=100 decay_rate_bp=1000 stride=64 slots=8 prefill_free=5 verified_headroom=16777216 verified_interval_ms=100 config_conflicts_delta=0 used_baseline=20971520 guard_passed_baseline=0 released_baseline=0 rss_baseline_kib=95496 guard_passed_delta=1 headroom_crossed=1 unthrottled_read=1 process_identity=subprocess
RESULT oracle=1 profile=deallocate events=1 arm=throttled rep=0 oracle_pass=1
RESULT ts=1 interval=0 profile=deallocate events=1 arm=unthrottled rep=0 used_post=25165824 guard_passed_cum=1 released_cum=0 rss_kib=95524
RESULT ts=1 interval=1 profile=deallocate events=1 arm=unthrottled rep=0 used_post=25165824 guard_passed_cum=2 released_cum=1 rss_kib=93480
RESULT ts=1 interval=2 profile=deallocate events=1 arm=unthrottled rep=0 used_post=25165824 guard_passed_cum=3 released_cum=2 rss_kib=91428
RESULT ts=1 interval=3 profile=deallocate events=1 arm=unthrottled rep=0 used_post=25165824 guard_passed_cum=4 released_cum=3 rss_kib=89376
RESULT ts=1 interval=4 profile=deallocate events=1 arm=unthrottled rep=0 used_post=25165824 guard_passed_cum=5 released_cum=4 rss_kib=87324
RESULT ts=1 interval=5 profile=deallocate events=1 arm=unthrottled rep=0 used_post=25165824 guard_passed_cum=6 released_cum=5 rss_kib=85272
RESULT ts=1 interval=6 profile=deallocate events=1 arm=unthrottled rep=0 used_post=25165824 guard_passed_cum=7 released_cum=6 rss_kib=83220
RESULT ts=1 interval=7 profile=deallocate events=1 arm=unthrottled rep=0 used_post=25165824 guard_passed_cum=8 released_cum=7 rss_kib=81168
RESULT ts=1 interval=8 profile=deallocate events=1 arm=unthrottled rep=0 used_post=25165824 guard_passed_cum=9 released_cum=8 rss_kib=79116
RESULT ts=1 interval=9 profile=deallocate events=1 arm=unthrottled rep=0 used_post=25165824 guard_passed_cum=10 released_cum=9 rss_kib=77064
RESULT ts=1 interval=10 profile=deallocate events=1 arm=unthrottled rep=0 used_post=25165824 guard_passed_cum=11 released_cum=10 rss_kib=75012
RESULT ts=1 interval=11 profile=deallocate events=1 arm=unthrottled rep=0 used_post=25165824 guard_passed_cum=12 released_cum=11 rss_kib=72960
RESULT ts=1 interval=12 profile=deallocate events=1 arm=unthrottled rep=0 used_post=25165824 guard_passed_cum=13 released_cum=12 rss_kib=70908
RESULT ts=1 interval=13 profile=deallocate events=1 arm=unthrottled rep=0 used_post=25165824 guard_passed_cum=14 released_cum=13 rss_kib=68856
RESULT ts=1 interval=14 profile=deallocate events=1 arm=unthrottled rep=0 used_post=25165824 guard_passed_cum=15 released_cum=14 rss_kib=66804
RESULT ts=1 interval=15 profile=deallocate events=1 arm=unthrottled rep=0 used_post=25165824 guard_passed_cum=16 released_cum=15 rss_kib=64752
RESULT ts=1 interval=16 profile=deallocate events=1 arm=unthrottled rep=0 used_post=25165824 guard_passed_cum=17 released_cum=16 rss_kib=62700
RESULT ts=1 interval=17 profile=deallocate events=1 arm=unthrottled rep=0 used_post=25165824 guard_passed_cum=18 released_cum=17 rss_kib=60648
RESULT ts=1 interval=18 profile=deallocate events=1 arm=unthrottled rep=0 used_post=25165824 guard_passed_cum=19 released_cum=18 rss_kib=58596
RESULT ts=1 interval=19 profile=deallocate events=1 arm=unthrottled rep=0 used_post=25165824 guard_passed_cum=20 released_cum=19 rss_kib=56544
RESULT ts=1 interval=20 profile=deallocate events=1 arm=unthrottled rep=0 used_post=25165824 guard_passed_cum=21 released_cum=20 rss_kib=54492
RESULT ts=1 interval=21 profile=deallocate events=1 arm=unthrottled rep=0 used_post=25165824 guard_passed_cum=22 released_cum=21 rss_kib=52440
RESULT ts=1 interval=22 profile=deallocate events=1 arm=unthrottled rep=0 used_post=25165824 guard_passed_cum=23 released_cum=22 rss_kib=50388
RESULT ts=1 interval=23 profile=deallocate events=1 arm=unthrottled rep=0 used_post=25165824 guard_passed_cum=24 released_cum=23 rss_kib=48336
RESULT ts=1 interval=24 profile=deallocate events=1 arm=unthrottled rep=0 used_post=25165824 guard_passed_cum=25 released_cum=24 rss_kib=46284
RESULT ts=1 interval=25 profile=deallocate events=1 arm=unthrottled rep=0 used_post=25165824 guard_passed_cum=26 released_cum=25 rss_kib=44232
RESULT ts=1 interval=26 profile=deallocate events=1 arm=unthrottled rep=0 used_post=25165824 guard_passed_cum=27 released_cum=26 rss_kib=42180
RESULT ts=1 interval=27 profile=deallocate events=1 arm=unthrottled rep=0 used_post=25165824 guard_passed_cum=28 released_cum=27 rss_kib=40128
RESULT ts=1 interval=28 profile=deallocate events=1 arm=unthrottled rep=0 used_post=25165824 guard_passed_cum=29 released_cum=28 rss_kib=38076
RESULT ts=1 interval=29 profile=deallocate events=1 arm=unthrottled rep=0 used_post=25165824 guard_passed_cum=30 released_cum=29 rss_kib=36024
RESULT ts=1 interval=30 profile=deallocate events=1 arm=unthrottled rep=0 used_post=25165824 guard_passed_cum=31 released_cum=30 rss_kib=33972
RESULT ts=1 interval=31 profile=deallocate events=1 arm=unthrottled rep=0 used_post=25165824 guard_passed_cum=32 released_cum=31 rss_kib=31920
RESULT ts=1 interval=32 profile=deallocate events=1 arm=unthrottled rep=0 used_post=25165824 guard_passed_cum=33 released_cum=32 rss_kib=29868
RESULT ts=1 interval=33 profile=deallocate events=1 arm=unthrottled rep=0 used_post=25165824 guard_passed_cum=34 released_cum=33 rss_kib=27816
RESULT ts=1 interval=34 profile=deallocate events=1 arm=unthrottled rep=0 used_post=25165824 guard_passed_cum=35 released_cum=34 rss_kib=25764
RESULT ts=1 interval=35 profile=deallocate events=1 arm=unthrottled rep=0 used_post=25165824 guard_passed_cum=36 released_cum=35 rss_kib=23712
RESULT ts=1 interval=36 profile=deallocate events=1 arm=unthrottled rep=0 used_post=25165824 guard_passed_cum=37 released_cum=36 rss_kib=21660
RESULT ts=1 interval=37 profile=deallocate events=1 arm=unthrottled rep=0 used_post=25165824 guard_passed_cum=38 released_cum=37 rss_kib=19608
RESULT ts=1 interval=38 profile=deallocate events=1 arm=unthrottled rep=0 used_post=25165824 guard_passed_cum=39 released_cum=38 rss_kib=17556
RESULT ts=1 interval=39 profile=deallocate events=1 arm=unthrottled rep=0 used_post=25165824 guard_passed_cum=40 released_cum=39 rss_kib=15504
RESULT config=1 profile=deallocate events=1 arm=unthrottled rep=0 intervals=40 headroom_bytes=16777216 obj_bytes=2097152 decay_interval_ms=100 decay_rate_bp=1000 stride=64 slots=8 prefill_free=5 verified_headroom=16777216 verified_interval_ms=100 config_conflicts_delta=0 used_baseline=20971520 guard_passed_baseline=0 released_baseline=0 rss_baseline_kib=95504 guard_passed_delta=40 headroom_crossed=1 unthrottled_read=1 process_identity=subprocess
RESULT oracle=1 profile=deallocate events=1 arm=unthrottled rep=0 oracle_pass=1
RESULT ts=1 interval=0 profile=allocate events=1 arm=throttled rep=0 used_post=29360128 guard_passed_cum=1 released_cum=0 rss_kib=19596
RESULT ts=1 interval=1 profile=allocate events=1 arm=throttled rep=0 used_post=25165824 guard_passed_cum=1 released_cum=0 rss_kib=19600
RESULT ts=1 interval=2 profile=allocate events=1 arm=throttled rep=0 used_post=20971520 guard_passed_cum=1 released_cum=0 rss_kib=19600
RESULT ts=1 interval=3 profile=allocate events=1 arm=throttled rep=0 used_post=16777216 guard_passed_cum=1 released_cum=0 rss_kib=19600
RESULT ts=1 interval=4 profile=allocate events=1 arm=throttled rep=0 used_post=12582912 guard_passed_cum=1 released_cum=0 rss_kib=19600
RESULT ts=1 interval=5 profile=allocate events=1 arm=throttled rep=0 used_post=8388608 guard_passed_cum=1 released_cum=0 rss_kib=19600
RESULT ts=1 interval=6 profile=allocate events=1 arm=throttled rep=0 used_post=4194304 guard_passed_cum=1 released_cum=0 rss_kib=19600
RESULT ts=1 interval=7 profile=allocate events=1 arm=throttled rep=0 used_post=0 guard_passed_cum=1 released_cum=0 rss_kib=19600
RESULT ts=1 interval=8 profile=allocate events=1 arm=throttled rep=0 used_post=0 guard_passed_cum=1 released_cum=0 rss_kib=19604
RESULT ts=1 interval=9 profile=allocate events=1 arm=throttled rep=0 used_post=0 guard_passed_cum=1 released_cum=0 rss_kib=19608
RESULT ts=1 interval=10 profile=allocate events=1 arm=throttled rep=0 used_post=0 guard_passed_cum=1 released_cum=0 rss_kib=19612
RESULT ts=1 interval=11 profile=allocate events=1 arm=throttled rep=0 used_post=0 guard_passed_cum=1 released_cum=0 rss_kib=19616
RESULT ts=1 interval=12 profile=allocate events=1 arm=throttled rep=0 used_post=0 guard_passed_cum=1 released_cum=0 rss_kib=19620
RESULT ts=1 interval=13 profile=allocate events=1 arm=throttled rep=0 used_post=0 guard_passed_cum=1 released_cum=0 rss_kib=19624
RESULT ts=1 interval=14 profile=allocate events=1 arm=throttled rep=0 used_post=0 guard_passed_cum=1 released_cum=0 rss_kib=19628
RESULT ts=1 interval=15 profile=allocate events=1 arm=throttled rep=0 used_post=0 guard_passed_cum=1 released_cum=0 rss_kib=19632
RESULT ts=1 interval=16 profile=allocate events=1 arm=throttled rep=0 used_post=0 guard_passed_cum=1 released_cum=0 rss_kib=19636
RESULT ts=1 interval=17 profile=allocate events=1 arm=throttled rep=0 used_post=0 guard_passed_cum=1 released_cum=0 rss_kib=19640
RESULT ts=1 interval=18 profile=allocate events=1 arm=throttled rep=0 used_post=0 guard_passed_cum=1 released_cum=0 rss_kib=19644
RESULT ts=1 interval=19 profile=allocate events=1 arm=throttled rep=0 used_post=0 guard_passed_cum=1 released_cum=0 rss_kib=19648
RESULT ts=1 interval=20 profile=allocate events=1 arm=throttled rep=0 used_post=0 guard_passed_cum=1 released_cum=0 rss_kib=19652
RESULT ts=1 interval=21 profile=allocate events=1 arm=throttled rep=0 used_post=0 guard_passed_cum=1 released_cum=0 rss_kib=19656
RESULT ts=1 interval=22 profile=allocate events=1 arm=throttled rep=0 used_post=0 guard_passed_cum=1 released_cum=0 rss_kib=19660
RESULT ts=1 interval=23 profile=allocate events=1 arm=throttled rep=0 used_post=0 guard_passed_cum=1 released_cum=0 rss_kib=19664
RESULT ts=1 interval=24 profile=allocate events=1 arm=throttled rep=0 used_post=0 guard_passed_cum=1 released_cum=0 rss_kib=19668
RESULT ts=1 interval=25 profile=allocate events=1 arm=throttled rep=0 used_post=0 guard_passed_cum=1 released_cum=0 rss_kib=19672
RESULT ts=1 interval=26 profile=allocate events=1 arm=throttled rep=0 used_post=0 guard_passed_cum=1 released_cum=0 rss_kib=19676
RESULT ts=1 interval=27 profile=allocate events=1 arm=throttled rep=0 used_post=0 guard_passed_cum=1 released_cum=0 rss_kib=19680
RESULT ts=1 interval=28 profile=allocate events=1 arm=throttled rep=0 used_post=0 guard_passed_cum=1 released_cum=0 rss_kib=19684
RESULT ts=1 interval=29 profile=allocate events=1 arm=throttled rep=0 used_post=0 guard_passed_cum=1 released_cum=0 rss_kib=19688
RESULT ts=1 interval=30 profile=allocate events=1 arm=throttled rep=0 used_post=0 guard_passed_cum=1 released_cum=0 rss_kib=19692
RESULT ts=1 interval=31 profile=allocate events=1 arm=throttled rep=0 used_post=0 guard_passed_cum=1 released_cum=0 rss_kib=19696
RESULT ts=1 interval=32 profile=allocate events=1 arm=throttled rep=0 used_post=0 guard_passed_cum=1 released_cum=0 rss_kib=19700
RESULT ts=1 interval=33 profile=allocate events=1 arm=throttled rep=0 used_post=0 guard_passed_cum=1 released_cum=0 rss_kib=19704
RESULT ts=1 interval=34 profile=allocate events=1 arm=throttled rep=0 used_post=0 guard_passed_cum=1 released_cum=0 rss_kib=19708
RESULT ts=1 interval=35 profile=allocate events=1 arm=throttled rep=0 used_post=0 guard_passed_cum=1 released_cum=0 rss_kib=19712
RESULT ts=1 interval=36 profile=allocate events=1 arm=throttled rep=0 used_post=0 guard_passed_cum=1 released_cum=0 rss_kib=19716
RESULT ts=1 interval=37 profile=allocate events=1 arm=throttled rep=0 used_post=0 guard_passed_cum=1 released_cum=0 rss_kib=19720
RESULT ts=1 interval=38 profile=allocate events=1 arm=throttled rep=0 used_post=0 guard_passed_cum=1 released_cum=0 rss_kib=19724
RESULT ts=1 interval=39 profile=allocate events=1 arm=throttled rep=0 used_post=0 guard_passed_cum=1 released_cum=0 rss_kib=19728
RESULT config=1 profile=allocate events=1 arm=throttled rep=0 intervals=40 headroom_bytes=16777216 obj_bytes=2097152 decay_interval_ms=100 decay_rate_bp=1000 stride=64 slots=8 prefill_free=8 verified_headroom=16777216 verified_interval_ms=100 config_conflicts_delta=0 used_baseline=33554432 guard_passed_baseline=1 released_baseline=0 rss_baseline_kib=19584 guard_passed_delta=0 headroom_crossed=1 unthrottled_read=1 process_identity=subprocess
RESULT oracle=1 profile=allocate events=1 arm=throttled rep=0 oracle_pass=1
RESULT ts=1 interval=0 profile=allocate events=1 arm=unthrottled rep=0 used_post=25165824 guard_passed_cum=2 released_cum=1 rss_kib=17560
RESULT ts=1 interval=1 profile=allocate events=1 arm=unthrottled rep=0 used_post=16777216 guard_passed_cum=3 released_cum=2 rss_kib=15512
RESULT ts=1 interval=2 profile=allocate events=1 arm=unthrottled rep=0 used_post=12582912 guard_passed_cum=4 released_cum=2 rss_kib=15512
RESULT ts=1 interval=3 profile=allocate events=1 arm=unthrottled rep=0 used_post=8388608 guard_passed_cum=5 released_cum=2 rss_kib=15512
RESULT ts=1 interval=4 profile=allocate events=1 arm=unthrottled rep=0 used_post=4194304 guard_passed_cum=6 released_cum=2 rss_kib=15512
RESULT ts=1 interval=5 profile=allocate events=1 arm=unthrottled rep=0 used_post=0 guard_passed_cum=7 released_cum=2 rss_kib=15512
RESULT ts=1 interval=6 profile=allocate events=1 arm=unthrottled rep=0 used_post=0 guard_passed_cum=8 released_cum=2 rss_kib=15516
RESULT ts=1 interval=7 profile=allocate events=1 arm=unthrottled rep=0 used_post=0 guard_passed_cum=9 released_cum=2 rss_kib=15520
RESULT ts=1 interval=8 profile=allocate events=1 arm=unthrottled rep=0 used_post=0 guard_passed_cum=10 released_cum=2 rss_kib=15524
RESULT ts=1 interval=9 profile=allocate events=1 arm=unthrottled rep=0 used_post=0 guard_passed_cum=11 released_cum=2 rss_kib=15528
RESULT ts=1 interval=10 profile=allocate events=1 arm=unthrottled rep=0 used_post=0 guard_passed_cum=12 released_cum=2 rss_kib=15532
RESULT ts=1 interval=11 profile=allocate events=1 arm=unthrottled rep=0 used_post=0 guard_passed_cum=13 released_cum=2 rss_kib=15536
RESULT ts=1 interval=12 profile=allocate events=1 arm=unthrottled rep=0 used_post=0 guard_passed_cum=14 released_cum=2 rss_kib=15540
RESULT ts=1 interval=13 profile=allocate events=1 arm=unthrottled rep=0 used_post=0 guard_passed_cum=15 released_cum=2 rss_kib=15544
RESULT ts=1 interval=14 profile=allocate events=1 arm=unthrottled rep=0 used_post=0 guard_passed_cum=16 released_cum=2 rss_kib=15548
RESULT ts=1 interval=15 profile=allocate events=1 arm=unthrottled rep=0 used_post=0 guard_passed_cum=17 released_cum=2 rss_kib=15552
RESULT ts=1 interval=16 profile=allocate events=1 arm=unthrottled rep=0 used_post=0 guard_passed_cum=18 released_cum=2 rss_kib=15556
RESULT ts=1 interval=17 profile=allocate events=1 arm=unthrottled rep=0 used_post=0 guard_passed_cum=19 released_cum=2 rss_kib=15560
RESULT ts=1 interval=18 profile=allocate events=1 arm=unthrottled rep=0 used_post=0 guard_passed_cum=20 released_cum=2 rss_kib=15564
RESULT ts=1 interval=19 profile=allocate events=1 arm=unthrottled rep=0 used_post=0 guard_passed_cum=21 released_cum=2 rss_kib=15568
RESULT ts=1 interval=20 profile=allocate events=1 arm=unthrottled rep=0 used_post=0 guard_passed_cum=22 released_cum=2 rss_kib=15572
RESULT ts=1 interval=21 profile=allocate events=1 arm=unthrottled rep=0 used_post=0 guard_passed_cum=23 released_cum=2 rss_kib=15576
RESULT ts=1 interval=22 profile=allocate events=1 arm=unthrottled rep=0 used_post=0 guard_passed_cum=24 released_cum=2 rss_kib=15580
RESULT ts=1 interval=23 profile=allocate events=1 arm=unthrottled rep=0 used_post=0 guard_passed_cum=25 released_cum=2 rss_kib=15584
RESULT ts=1 interval=24 profile=allocate events=1 arm=unthrottled rep=0 used_post=0 guard_passed_cum=26 released_cum=2 rss_kib=15588
RESULT ts=1 interval=25 profile=allocate events=1 arm=unthrottled rep=0 used_post=0 guard_passed_cum=27 released_cum=2 rss_kib=15592
RESULT ts=1 interval=26 profile=allocate events=1 arm=unthrottled rep=0 used_post=0 guard_passed_cum=28 released_cum=2 rss_kib=15596
RESULT ts=1 interval=27 profile=allocate events=1 arm=unthrottled rep=0 used_post=0 guard_passed_cum=29 released_cum=2 rss_kib=15600
RESULT ts=1 interval=28 profile=allocate events=1 arm=unthrottled rep=0 used_post=0 guard_passed_cum=30 released_cum=2 rss_kib=15604
RESULT ts=1 interval=29 profile=allocate events=1 arm=unthrottled rep=0 used_post=0 guard_passed_cum=31 released_cum=2 rss_kib=15608
RESULT ts=1 interval=30 profile=allocate events=1 arm=unthrottled rep=0 used_post=0 guard_passed_cum=32 released_cum=2 rss_kib=15612
RESULT ts=1 interval=31 profile=allocate events=1 arm=unthrottled rep=0 used_post=0 guard_passed_cum=33 released_cum=2 rss_kib=15616
RESULT ts=1 interval=32 profile=allocate events=1 arm=unthrottled rep=0 used_post=0 guard_passed_cum=34 released_cum=2 rss_kib=15620
RESULT ts=1 interval=33 profile=allocate events=1 arm=unthrottled rep=0 used_post=0 guard_passed_cum=35 released_cum=2 rss_kib=15624
RESULT ts=1 interval=34 profile=allocate events=1 arm=unthrottled rep=0 used_post=0 guard_passed_cum=36 released_cum=2 rss_kib=15628
RESULT ts=1 interval=35 profile=allocate events=1 arm=unthrottled rep=0 used_post=0 guard_passed_cum=37 released_cum=2 rss_kib=15632
RESULT ts=1 interval=36 profile=allocate events=1 arm=unthrottled rep=0 used_post=0 guard_passed_cum=38 released_cum=2 rss_kib=15636
RESULT ts=1 interval=37 profile=allocate events=1 arm=unthrottled rep=0 used_post=0 guard_passed_cum=39 released_cum=2 rss_kib=15640
RESULT ts=1 interval=38 profile=allocate events=1 arm=unthrottled rep=0 used_post=0 guard_passed_cum=40 released_cum=2 rss_kib=15644
RESULT ts=1 interval=39 profile=allocate events=1 arm=unthrottled rep=0 used_post=0 guard_passed_cum=41 released_cum=2 rss_kib=15648
RESULT config=1 profile=allocate events=1 arm=unthrottled rep=0 intervals=40 headroom_bytes=16777216 obj_bytes=2097152 decay_interval_ms=100 decay_rate_bp=1000 stride=64 slots=8 prefill_free=8 verified_headroom=16777216 verified_interval_ms=100 config_conflicts_delta=0 used_baseline=33554432 guard_passed_baseline=1 released_baseline=0 rss_baseline_kib=19596 guard_passed_delta=40 headroom_crossed=1 unthrottled_read=1 process_identity=subprocess
RESULT oracle=1 profile=allocate events=1 arm=unthrottled rep=0 oracle_pass=1
RESULT ts=1 interval=0 profile=allocfree events=2 arm=throttled rep=0 used_post=33554432 guard_passed_cum=1 released_cum=0 rss_kib=19588
RESULT ts=1 interval=1 profile=allocfree events=2 arm=throttled rep=0 used_post=33554432 guard_passed_cum=1 released_cum=0 rss_kib=19592
RESULT ts=1 interval=2 profile=allocfree events=2 arm=throttled rep=0 used_post=33554432 guard_passed_cum=1 released_cum=0 rss_kib=19592
RESULT ts=1 interval=3 profile=allocfree events=2 arm=throttled rep=0 used_post=33554432 guard_passed_cum=1 released_cum=0 rss_kib=19592
RESULT ts=1 interval=4 profile=allocfree events=2 arm=throttled rep=0 used_post=33554432 guard_passed_cum=1 released_cum=0 rss_kib=19592
RESULT ts=1 interval=5 profile=allocfree events=2 arm=throttled rep=0 used_post=33554432 guard_passed_cum=1 released_cum=0 rss_kib=19592
RESULT ts=1 interval=6 profile=allocfree events=2 arm=throttled rep=0 used_post=33554432 guard_passed_cum=1 released_cum=0 rss_kib=19592
RESULT ts=1 interval=7 profile=allocfree events=2 arm=throttled rep=0 used_post=33554432 guard_passed_cum=1 released_cum=0 rss_kib=19592
RESULT ts=1 interval=8 profile=allocfree events=2 arm=throttled rep=0 used_post=33554432 guard_passed_cum=1 released_cum=0 rss_kib=19592
RESULT ts=1 interval=9 profile=allocfree events=2 arm=throttled rep=0 used_post=33554432 guard_passed_cum=1 released_cum=0 rss_kib=19592
RESULT ts=1 interval=10 profile=allocfree events=2 arm=throttled rep=0 used_post=33554432 guard_passed_cum=1 released_cum=0 rss_kib=19592
RESULT ts=1 interval=11 profile=allocfree events=2 arm=throttled rep=0 used_post=33554432 guard_passed_cum=1 released_cum=0 rss_kib=19592
RESULT ts=1 interval=12 profile=allocfree events=2 arm=throttled rep=0 used_post=33554432 guard_passed_cum=1 released_cum=0 rss_kib=19592
RESULT ts=1 interval=13 profile=allocfree events=2 arm=throttled rep=0 used_post=33554432 guard_passed_cum=1 released_cum=0 rss_kib=19592
RESULT ts=1 interval=14 profile=allocfree events=2 arm=throttled rep=0 used_post=33554432 guard_passed_cum=1 released_cum=0 rss_kib=19592
RESULT ts=1 interval=15 profile=allocfree events=2 arm=throttled rep=0 used_post=29360128 guard_passed_cum=2 released_cum=1 rss_kib=17544
RESULT ts=1 interval=16 profile=allocfree events=2 arm=throttled rep=0 used_post=29360128 guard_passed_cum=2 released_cum=1 rss_kib=17544
RESULT ts=1 interval=17 profile=allocfree events=2 arm=throttled rep=0 used_post=29360128 guard_passed_cum=2 released_cum=1 rss_kib=17544
RESULT ts=1 interval=18 profile=allocfree events=2 arm=throttled rep=0 used_post=29360128 guard_passed_cum=2 released_cum=1 rss_kib=17544
RESULT ts=1 interval=19 profile=allocfree events=2 arm=throttled rep=0 used_post=29360128 guard_passed_cum=2 released_cum=1 rss_kib=17544
RESULT ts=1 interval=20 profile=allocfree events=2 arm=throttled rep=0 used_post=29360128 guard_passed_cum=2 released_cum=1 rss_kib=17544
RESULT ts=1 interval=21 profile=allocfree events=2 arm=throttled rep=0 used_post=29360128 guard_passed_cum=2 released_cum=1 rss_kib=17544
RESULT ts=1 interval=22 profile=allocfree events=2 arm=throttled rep=0 used_post=29360128 guard_passed_cum=2 released_cum=1 rss_kib=17544
RESULT ts=1 interval=23 profile=allocfree events=2 arm=throttled rep=0 used_post=29360128 guard_passed_cum=2 released_cum=1 rss_kib=17544
RESULT ts=1 interval=24 profile=allocfree events=2 arm=throttled rep=0 used_post=29360128 guard_passed_cum=2 released_cum=1 rss_kib=17544
RESULT ts=1 interval=25 profile=allocfree events=2 arm=throttled rep=0 used_post=29360128 guard_passed_cum=2 released_cum=1 rss_kib=17544
RESULT ts=1 interval=26 profile=allocfree events=2 arm=throttled rep=0 used_post=29360128 guard_passed_cum=2 released_cum=1 rss_kib=17544
RESULT ts=1 interval=27 profile=allocfree events=2 arm=throttled rep=0 used_post=29360128 guard_passed_cum=2 released_cum=1 rss_kib=17544
RESULT ts=1 interval=28 profile=allocfree events=2 arm=throttled rep=0 used_post=29360128 guard_passed_cum=2 released_cum=1 rss_kib=17544
RESULT ts=1 interval=29 profile=allocfree events=2 arm=throttled rep=0 used_post=29360128 guard_passed_cum=2 released_cum=1 rss_kib=17544
RESULT ts=1 interval=30 profile=allocfree events=2 arm=throttled rep=0 used_post=29360128 guard_passed_cum=2 released_cum=1 rss_kib=17544
RESULT ts=1 interval=31 profile=allocfree events=2 arm=throttled rep=0 used_post=25165824 guard_passed_cum=3 released_cum=2 rss_kib=15492
RESULT ts=1 interval=32 profile=allocfree events=2 arm=throttled rep=0 used_post=25165824 guard_passed_cum=3 released_cum=2 rss_kib=15492
RESULT ts=1 interval=33 profile=allocfree events=2 arm=throttled rep=0 used_post=25165824 guard_passed_cum=3 released_cum=2 rss_kib=15492
RESULT ts=1 interval=34 profile=allocfree events=2 arm=throttled rep=0 used_post=25165824 guard_passed_cum=3 released_cum=2 rss_kib=15492
RESULT ts=1 interval=35 profile=allocfree events=2 arm=throttled rep=0 used_post=25165824 guard_passed_cum=3 released_cum=2 rss_kib=15492
RESULT ts=1 interval=36 profile=allocfree events=2 arm=throttled rep=0 used_post=25165824 guard_passed_cum=3 released_cum=2 rss_kib=15492
RESULT ts=1 interval=37 profile=allocfree events=2 arm=throttled rep=0 used_post=25165824 guard_passed_cum=3 released_cum=2 rss_kib=15492
RESULT ts=1 interval=38 profile=allocfree events=2 arm=throttled rep=0 used_post=25165824 guard_passed_cum=3 released_cum=2 rss_kib=15492
RESULT ts=1 interval=39 profile=allocfree events=2 arm=throttled rep=0 used_post=25165824 guard_passed_cum=3 released_cum=2 rss_kib=15492
RESULT config=1 profile=allocfree events=2 arm=throttled rep=0 intervals=40 headroom_bytes=16777216 obj_bytes=2097152 decay_interval_ms=100 decay_rate_bp=1000 stride=64 slots=8 prefill_free=8 verified_headroom=16777216 verified_interval_ms=100 config_conflicts_delta=0 used_baseline=33554432 guard_passed_baseline=1 released_baseline=0 rss_baseline_kib=19576 guard_passed_delta=2 headroom_crossed=1 unthrottled_read=1 process_identity=subprocess
RESULT oracle=1 profile=allocfree events=2 arm=throttled rep=0 oracle_pass=1
RESULT ts=1 interval=0 profile=allocfree events=2 arm=unthrottled rep=0 used_post=29360128 guard_passed_cum=5 released_cum=1 rss_kib=17556
RESULT ts=1 interval=1 profile=allocfree events=2 arm=unthrottled rep=0 used_post=25165824 guard_passed_cum=9 released_cum=2 rss_kib=15508
RESULT ts=1 interval=2 profile=allocfree events=2 arm=unthrottled rep=0 used_post=20971520 guard_passed_cum=13 released_cum=3 rss_kib=13456
RESULT ts=1 interval=3 profile=allocfree events=2 arm=unthrottled rep=0 used_post=16777216 guard_passed_cum=17 released_cum=4 rss_kib=11404
RESULT ts=1 interval=4 profile=allocfree events=2 arm=unthrottled rep=0 used_post=16777216 guard_passed_cum=21 released_cum=4 rss_kib=11404
RESULT ts=1 interval=5 profile=allocfree events=2 arm=unthrottled rep=0 used_post=16777216 guard_passed_cum=25 released_cum=4 rss_kib=11404
RESULT ts=1 interval=6 profile=allocfree events=2 arm=unthrottled rep=0 used_post=16777216 guard_passed_cum=29 released_cum=4 rss_kib=11404
RESULT ts=1 interval=7 profile=allocfree events=2 arm=unthrottled rep=0 used_post=16777216 guard_passed_cum=33 released_cum=4 rss_kib=11404
RESULT ts=1 interval=8 profile=allocfree events=2 arm=unthrottled rep=0 used_post=16777216 guard_passed_cum=37 released_cum=4 rss_kib=11404
RESULT ts=1 interval=9 profile=allocfree events=2 arm=unthrottled rep=0 used_post=16777216 guard_passed_cum=41 released_cum=4 rss_kib=11404
RESULT ts=1 interval=10 profile=allocfree events=2 arm=unthrottled rep=0 used_post=16777216 guard_passed_cum=45 released_cum=4 rss_kib=11404
RESULT ts=1 interval=11 profile=allocfree events=2 arm=unthrottled rep=0 used_post=16777216 guard_passed_cum=49 released_cum=4 rss_kib=11404
RESULT ts=1 interval=12 profile=allocfree events=2 arm=unthrottled rep=0 used_post=16777216 guard_passed_cum=53 released_cum=4 rss_kib=11404
RESULT ts=1 interval=13 profile=allocfree events=2 arm=unthrottled rep=0 used_post=16777216 guard_passed_cum=57 released_cum=4 rss_kib=11404
RESULT ts=1 interval=14 profile=allocfree events=2 arm=unthrottled rep=0 used_post=16777216 guard_passed_cum=61 released_cum=4 rss_kib=11404
RESULT ts=1 interval=15 profile=allocfree events=2 arm=unthrottled rep=0 used_post=16777216 guard_passed_cum=65 released_cum=4 rss_kib=11404
RESULT ts=1 interval=16 profile=allocfree events=2 arm=unthrottled rep=0 used_post=16777216 guard_passed_cum=69 released_cum=4 rss_kib=11404
RESULT ts=1 interval=17 profile=allocfree events=2 arm=unthrottled rep=0 used_post=16777216 guard_passed_cum=73 released_cum=4 rss_kib=11404
RESULT ts=1 interval=18 profile=allocfree events=2 arm=unthrottled rep=0 used_post=16777216 guard_passed_cum=77 released_cum=4 rss_kib=11404
RESULT ts=1 interval=19 profile=allocfree events=2 arm=unthrottled rep=0 used_post=16777216 guard_passed_cum=81 released_cum=4 rss_kib=11404
RESULT ts=1 interval=20 profile=allocfree events=2 arm=unthrottled rep=0 used_post=16777216 guard_passed_cum=85 released_cum=4 rss_kib=11404
RESULT ts=1 interval=21 profile=allocfree events=2 arm=unthrottled rep=0 used_post=16777216 guard_passed_cum=89 released_cum=4 rss_kib=11404
RESULT ts=1 interval=22 profile=allocfree events=2 arm=unthrottled rep=0 used_post=16777216 guard_passed_cum=93 released_cum=4 rss_kib=11404
RESULT ts=1 interval=23 profile=allocfree events=2 arm=unthrottled rep=0 used_post=16777216 guard_passed_cum=97 released_cum=4 rss_kib=11404
RESULT ts=1 interval=24 profile=allocfree events=2 arm=unthrottled rep=0 used_post=16777216 guard_passed_cum=101 released_cum=4 rss_kib=11404
RESULT ts=1 interval=25 profile=allocfree events=2 arm=unthrottled rep=0 used_post=16777216 guard_passed_cum=105 released_cum=4 rss_kib=11404
RESULT ts=1 interval=26 profile=allocfree events=2 arm=unthrottled rep=0 used_post=16777216 guard_passed_cum=109 released_cum=4 rss_kib=11404
RESULT ts=1 interval=27 profile=allocfree events=2 arm=unthrottled rep=0 used_post=16777216 guard_passed_cum=113 released_cum=4 rss_kib=11404
RESULT ts=1 interval=28 profile=allocfree events=2 arm=unthrottled rep=0 used_post=16777216 guard_passed_cum=117 released_cum=4 rss_kib=11404
RESULT ts=1 interval=29 profile=allocfree events=2 arm=unthrottled rep=0 used_post=16777216 guard_passed_cum=121 released_cum=4 rss_kib=11404
RESULT ts=1 interval=30 profile=allocfree events=2 arm=unthrottled rep=0 used_post=16777216 guard_passed_cum=125 released_cum=4 rss_kib=11404
RESULT ts=1 interval=31 profile=allocfree events=2 arm=unthrottled rep=0 used_post=16777216 guard_passed_cum=129 released_cum=4 rss_kib=11404
RESULT ts=1 interval=32 profile=allocfree events=2 arm=unthrottled rep=0 used_post=16777216 guard_passed_cum=133 released_cum=4 rss_kib=11404
RESULT ts=1 interval=33 profile=allocfree events=2 arm=unthrottled rep=0 used_post=16777216 guard_passed_cum=137 released_cum=4 rss_kib=11404
RESULT ts=1 interval=34 profile=allocfree events=2 arm=unthrottled rep=0 used_post=16777216 guard_passed_cum=141 released_cum=4 rss_kib=11404
RESULT ts=1 interval=35 profile=allocfree events=2 arm=unthrottled rep=0 used_post=16777216 guard_passed_cum=145 released_cum=4 rss_kib=11404
RESULT ts=1 interval=36 profile=allocfree events=2 arm=unthrottled rep=0 used_post=16777216 guard_passed_cum=149 released_cum=4 rss_kib=11404
RESULT ts=1 interval=37 profile=allocfree events=2 arm=unthrottled rep=0 used_post=16777216 guard_passed_cum=153 released_cum=4 rss_kib=11404
RESULT ts=1 interval=38 profile=allocfree events=2 arm=unthrottled rep=0 used_post=16777216 guard_passed_cum=157 released_cum=4 rss_kib=11404
RESULT ts=1 interval=39 profile=allocfree events=2 arm=unthrottled rep=0 used_post=16777216 guard_passed_cum=161 released_cum=4 rss_kib=11404
RESULT config=1 profile=allocfree events=2 arm=unthrottled rep=0 intervals=40 headroom_bytes=16777216 obj_bytes=2097152 decay_interval_ms=100 decay_rate_bp=1000 stride=64 slots=8 prefill_free=8 verified_headroom=16777216 verified_interval_ms=100 config_conflicts_delta=0 used_baseline=33554432 guard_passed_baseline=1 released_baseline=0 rss_baseline_kib=19592 guard_passed_delta=160 headroom_crossed=1 unthrottled_read=1 process_identity=subprocess
RESULT oracle=1 profile=allocfree events=2 arm=unthrottled rep=0 oracle_pass=1
RESULT ts=1 interval=0 profile=deallocate events=2 arm=throttled rep=0 used_post=29360128 guard_passed_cum=1 released_cum=0 rss_kib=177600
RESULT ts=1 interval=1 profile=deallocate events=2 arm=throttled rep=0 used_post=33554432 guard_passed_cum=1 released_cum=1 rss_kib=175556
RESULT ts=1 interval=2 profile=deallocate events=2 arm=throttled rep=0 used_post=33554432 guard_passed_cum=1 released_cum=3 rss_kib=171452
RESULT ts=1 interval=3 profile=deallocate events=2 arm=throttled rep=0 used_post=33554432 guard_passed_cum=1 released_cum=5 rss_kib=167348
RESULT ts=1 interval=4 profile=deallocate events=2 arm=throttled rep=0 used_post=33554432 guard_passed_cum=1 released_cum=7 rss_kib=163244
RESULT ts=1 interval=5 profile=deallocate events=2 arm=throttled rep=0 used_post=33554432 guard_passed_cum=1 released_cum=9 rss_kib=159140
RESULT ts=1 interval=6 profile=deallocate events=2 arm=throttled rep=0 used_post=33554432 guard_passed_cum=1 released_cum=11 rss_kib=155036
RESULT ts=1 interval=7 profile=deallocate events=2 arm=throttled rep=0 used_post=33554432 guard_passed_cum=1 released_cum=13 rss_kib=150932
RESULT ts=1 interval=8 profile=deallocate events=2 arm=throttled rep=0 used_post=33554432 guard_passed_cum=1 released_cum=15 rss_kib=146828
RESULT ts=1 interval=9 profile=deallocate events=2 arm=throttled rep=0 used_post=33554432 guard_passed_cum=1 released_cum=17 rss_kib=142724
RESULT ts=1 interval=10 profile=deallocate events=2 arm=throttled rep=0 used_post=33554432 guard_passed_cum=1 released_cum=19 rss_kib=138620
RESULT ts=1 interval=11 profile=deallocate events=2 arm=throttled rep=0 used_post=33554432 guard_passed_cum=1 released_cum=21 rss_kib=134516
RESULT ts=1 interval=12 profile=deallocate events=2 arm=throttled rep=0 used_post=33554432 guard_passed_cum=1 released_cum=23 rss_kib=130412
RESULT ts=1 interval=13 profile=deallocate events=2 arm=throttled rep=0 used_post=33554432 guard_passed_cum=1 released_cum=25 rss_kib=126308
RESULT ts=1 interval=14 profile=deallocate events=2 arm=throttled rep=0 used_post=33554432 guard_passed_cum=1 released_cum=27 rss_kib=122204
RESULT ts=1 interval=15 profile=deallocate events=2 arm=throttled rep=0 used_post=33554432 guard_passed_cum=1 released_cum=29 rss_kib=118100
RESULT ts=1 interval=16 profile=deallocate events=2 arm=throttled rep=0 used_post=33554432 guard_passed_cum=1 released_cum=31 rss_kib=113996
RESULT ts=1 interval=17 profile=deallocate events=2 arm=throttled rep=0 used_post=33554432 guard_passed_cum=1 released_cum=33 rss_kib=109892
RESULT ts=1 interval=18 profile=deallocate events=2 arm=throttled rep=0 used_post=33554432 guard_passed_cum=1 released_cum=35 rss_kib=105788
RESULT ts=1 interval=19 profile=deallocate events=2 arm=throttled rep=0 used_post=33554432 guard_passed_cum=1 released_cum=37 rss_kib=101684
RESULT ts=1 interval=20 profile=deallocate events=2 arm=throttled rep=0 used_post=33554432 guard_passed_cum=1 released_cum=39 rss_kib=97580
RESULT ts=1 interval=21 profile=deallocate events=2 arm=throttled rep=0 used_post=33554432 guard_passed_cum=1 released_cum=41 rss_kib=93476
RESULT ts=1 interval=22 profile=deallocate events=2 arm=throttled rep=0 used_post=33554432 guard_passed_cum=1 released_cum=43 rss_kib=89372
RESULT ts=1 interval=23 profile=deallocate events=2 arm=throttled rep=0 used_post=33554432 guard_passed_cum=1 released_cum=45 rss_kib=85268
RESULT ts=1 interval=24 profile=deallocate events=2 arm=throttled rep=0 used_post=33554432 guard_passed_cum=1 released_cum=47 rss_kib=81164
RESULT ts=1 interval=25 profile=deallocate events=2 arm=throttled rep=0 used_post=33554432 guard_passed_cum=1 released_cum=49 rss_kib=77060
RESULT ts=1 interval=26 profile=deallocate events=2 arm=throttled rep=0 used_post=33554432 guard_passed_cum=1 released_cum=51 rss_kib=72956
RESULT ts=1 interval=27 profile=deallocate events=2 arm=throttled rep=0 used_post=33554432 guard_passed_cum=1 released_cum=53 rss_kib=68852
RESULT ts=1 interval=28 profile=deallocate events=2 arm=throttled rep=0 used_post=33554432 guard_passed_cum=1 released_cum=55 rss_kib=64748
RESULT ts=1 interval=29 profile=deallocate events=2 arm=throttled rep=0 used_post=33554432 guard_passed_cum=1 released_cum=57 rss_kib=60644
RESULT ts=1 interval=30 profile=deallocate events=2 arm=throttled rep=0 used_post=33554432 guard_passed_cum=1 released_cum=59 rss_kib=56540
RESULT ts=1 interval=31 profile=deallocate events=2 arm=throttled rep=0 used_post=33554432 guard_passed_cum=1 released_cum=61 rss_kib=52436
RESULT ts=1 interval=32 profile=deallocate events=2 arm=throttled rep=0 used_post=33554432 guard_passed_cum=2 released_cum=63 rss_kib=48332
RESULT ts=1 interval=33 profile=deallocate events=2 arm=throttled rep=0 used_post=33554432 guard_passed_cum=2 released_cum=65 rss_kib=44228
RESULT ts=1 interval=34 profile=deallocate events=2 arm=throttled rep=0 used_post=33554432 guard_passed_cum=2 released_cum=67 rss_kib=40124
RESULT ts=1 interval=35 profile=deallocate events=2 arm=throttled rep=0 used_post=33554432 guard_passed_cum=2 released_cum=69 rss_kib=36020
RESULT ts=1 interval=36 profile=deallocate events=2 arm=throttled rep=0 used_post=33554432 guard_passed_cum=2 released_cum=71 rss_kib=31916
RESULT ts=1 interval=37 profile=deallocate events=2 arm=throttled rep=0 used_post=33554432 guard_passed_cum=2 released_cum=73 rss_kib=27812
RESULT ts=1 interval=38 profile=deallocate events=2 arm=throttled rep=0 used_post=33554432 guard_passed_cum=2 released_cum=75 rss_kib=23708
RESULT ts=1 interval=39 profile=deallocate events=2 arm=throttled rep=0 used_post=33554432 guard_passed_cum=2 released_cum=77 rss_kib=19604
RESULT config=1 profile=deallocate events=2 arm=throttled rep=0 intervals=40 headroom_bytes=16777216 obj_bytes=2097152 decay_interval_ms=100 decay_rate_bp=1000 stride=64 slots=8 prefill_free=5 verified_headroom=16777216 verified_interval_ms=100 config_conflicts_delta=0 used_baseline=20971520 guard_passed_baseline=0 released_baseline=0 rss_baseline_kib=177580 guard_passed_delta=2 headroom_crossed=1 unthrottled_read=1 process_identity=subprocess
RESULT oracle=1 profile=deallocate events=2 arm=throttled rep=0 oracle_pass=1
RESULT ts=1 interval=0 profile=deallocate events=2 arm=unthrottled rep=0 used_post=29360128 guard_passed_cum=2 released_cum=0 rss_kib=177600
RESULT ts=1 interval=1 profile=deallocate events=2 arm=unthrottled rep=0 used_post=33554432 guard_passed_cum=4 released_cum=1 rss_kib=175556
RESULT ts=1 interval=2 profile=deallocate events=2 arm=unthrottled rep=0 used_post=33554432 guard_passed_cum=6 released_cum=3 rss_kib=171452
RESULT ts=1 interval=3 profile=deallocate events=2 arm=unthrottled rep=0 used_post=33554432 guard_passed_cum=8 released_cum=5 rss_kib=167348
RESULT ts=1 interval=4 profile=deallocate events=2 arm=unthrottled rep=0 used_post=33554432 guard_passed_cum=10 released_cum=7 rss_kib=163244
RESULT ts=1 interval=5 profile=deallocate events=2 arm=unthrottled rep=0 used_post=33554432 guard_passed_cum=12 released_cum=9 rss_kib=159140
RESULT ts=1 interval=6 profile=deallocate events=2 arm=unthrottled rep=0 used_post=33554432 guard_passed_cum=14 released_cum=11 rss_kib=155036
RESULT ts=1 interval=7 profile=deallocate events=2 arm=unthrottled rep=0 used_post=33554432 guard_passed_cum=16 released_cum=13 rss_kib=150932
RESULT ts=1 interval=8 profile=deallocate events=2 arm=unthrottled rep=0 used_post=33554432 guard_passed_cum=18 released_cum=15 rss_kib=146828
RESULT ts=1 interval=9 profile=deallocate events=2 arm=unthrottled rep=0 used_post=33554432 guard_passed_cum=20 released_cum=17 rss_kib=142724
RESULT ts=1 interval=10 profile=deallocate events=2 arm=unthrottled rep=0 used_post=33554432 guard_passed_cum=22 released_cum=19 rss_kib=138620
RESULT ts=1 interval=11 profile=deallocate events=2 arm=unthrottled rep=0 used_post=33554432 guard_passed_cum=24 released_cum=21 rss_kib=134516
RESULT ts=1 interval=12 profile=deallocate events=2 arm=unthrottled rep=0 used_post=33554432 guard_passed_cum=26 released_cum=23 rss_kib=130412
RESULT ts=1 interval=13 profile=deallocate events=2 arm=unthrottled rep=0 used_post=33554432 guard_passed_cum=28 released_cum=25 rss_kib=126308
RESULT ts=1 interval=14 profile=deallocate events=2 arm=unthrottled rep=0 used_post=33554432 guard_passed_cum=30 released_cum=27 rss_kib=122204
RESULT ts=1 interval=15 profile=deallocate events=2 arm=unthrottled rep=0 used_post=33554432 guard_passed_cum=32 released_cum=29 rss_kib=118100
RESULT ts=1 interval=16 profile=deallocate events=2 arm=unthrottled rep=0 used_post=33554432 guard_passed_cum=34 released_cum=31 rss_kib=113996
RESULT ts=1 interval=17 profile=deallocate events=2 arm=unthrottled rep=0 used_post=33554432 guard_passed_cum=36 released_cum=33 rss_kib=109892
RESULT ts=1 interval=18 profile=deallocate events=2 arm=unthrottled rep=0 used_post=33554432 guard_passed_cum=38 released_cum=35 rss_kib=105788
RESULT ts=1 interval=19 profile=deallocate events=2 arm=unthrottled rep=0 used_post=33554432 guard_passed_cum=40 released_cum=37 rss_kib=101684
RESULT ts=1 interval=20 profile=deallocate events=2 arm=unthrottled rep=0 used_post=33554432 guard_passed_cum=42 released_cum=39 rss_kib=97580
RESULT ts=1 interval=21 profile=deallocate events=2 arm=unthrottled rep=0 used_post=33554432 guard_passed_cum=44 released_cum=41 rss_kib=93476
RESULT ts=1 interval=22 profile=deallocate events=2 arm=unthrottled rep=0 used_post=33554432 guard_passed_cum=46 released_cum=43 rss_kib=89372
RESULT ts=1 interval=23 profile=deallocate events=2 arm=unthrottled rep=0 used_post=33554432 guard_passed_cum=48 released_cum=45 rss_kib=85268
RESULT ts=1 interval=24 profile=deallocate events=2 arm=unthrottled rep=0 used_post=33554432 guard_passed_cum=50 released_cum=47 rss_kib=81164
RESULT ts=1 interval=25 profile=deallocate events=2 arm=unthrottled rep=0 used_post=33554432 guard_passed_cum=52 released_cum=49 rss_kib=77060
RESULT ts=1 interval=26 profile=deallocate events=2 arm=unthrottled rep=0 used_post=33554432 guard_passed_cum=54 released_cum=51 rss_kib=72956
RESULT ts=1 interval=27 profile=deallocate events=2 arm=unthrottled rep=0 used_post=33554432 guard_passed_cum=56 released_cum=53 rss_kib=68852
RESULT ts=1 interval=28 profile=deallocate events=2 arm=unthrottled rep=0 used_post=33554432 guard_passed_cum=58 released_cum=55 rss_kib=64748
RESULT ts=1 interval=29 profile=deallocate events=2 arm=unthrottled rep=0 used_post=33554432 guard_passed_cum=60 released_cum=57 rss_kib=60644
RESULT ts=1 interval=30 profile=deallocate events=2 arm=unthrottled rep=0 used_post=33554432 guard_passed_cum=62 released_cum=59 rss_kib=56540
RESULT ts=1 interval=31 profile=deallocate events=2 arm=unthrottled rep=0 used_post=33554432 guard_passed_cum=64 released_cum=61 rss_kib=52436
RESULT ts=1 interval=32 profile=deallocate events=2 arm=unthrottled rep=0 used_post=33554432 guard_passed_cum=66 released_cum=63 rss_kib=48332
RESULT ts=1 interval=33 profile=deallocate events=2 arm=unthrottled rep=0 used_post=33554432 guard_passed_cum=68 released_cum=65 rss_kib=44228
RESULT ts=1 interval=34 profile=deallocate events=2 arm=unthrottled rep=0 used_post=33554432 guard_passed_cum=70 released_cum=67 rss_kib=40124
RESULT ts=1 interval=35 profile=deallocate events=2 arm=unthrottled rep=0 used_post=33554432 guard_passed_cum=72 released_cum=69 rss_kib=36020
RESULT ts=1 interval=36 profile=deallocate events=2 arm=unthrottled rep=0 used_post=33554432 guard_passed_cum=74 released_cum=71 rss_kib=31916
RESULT ts=1 interval=37 profile=deallocate events=2 arm=unthrottled rep=0 used_post=33554432 guard_passed_cum=76 released_cum=73 rss_kib=27812
RESULT ts=1 interval=38 profile=deallocate events=2 arm=unthrottled rep=0 used_post=33554432 guard_passed_cum=78 released_cum=75 rss_kib=23708
RESULT ts=1 interval=39 profile=deallocate events=2 arm=unthrottled rep=0 used_post=33554432 guard_passed_cum=80 released_cum=77 rss_kib=19604
RESULT config=1 profile=deallocate events=2 arm=unthrottled rep=0 intervals=40 headroom_bytes=16777216 obj_bytes=2097152 decay_interval_ms=100 decay_rate_bp=1000 stride=64 slots=8 prefill_free=5 verified_headroom=16777216 verified_interval_ms=100 config_conflicts_delta=0 used_baseline=20971520 guard_passed_baseline=0 released_baseline=0 rss_baseline_kib=177580 guard_passed_delta=80 headroom_crossed=1 unthrottled_read=1 process_identity=subprocess
RESULT oracle=1 profile=deallocate events=2 arm=unthrottled rep=0 oracle_pass=1
RESULT ts=1 interval=0 profile=allocate events=2 arm=throttled rep=0 used_post=25165824 guard_passed_cum=1 released_cum=0 rss_kib=19596
RESULT ts=1 interval=1 profile=allocate events=2 arm=throttled rep=0 used_post=16777216 guard_passed_cum=1 released_cum=0 rss_kib=19600
RESULT ts=1 interval=2 profile=allocate events=2 arm=throttled rep=0 used_post=8388608 guard_passed_cum=1 released_cum=0 rss_kib=19600
RESULT ts=1 interval=3 profile=allocate events=2 arm=throttled rep=0 used_post=0 guard_passed_cum=1 released_cum=0 rss_kib=19600
RESULT ts=1 interval=4 profile=allocate events=2 arm=throttled rep=0 used_post=0 guard_passed_cum=1 released_cum=0 rss_kib=19608
RESULT ts=1 interval=5 profile=allocate events=2 arm=throttled rep=0 used_post=0 guard_passed_cum=1 released_cum=0 rss_kib=19616
RESULT ts=1 interval=6 profile=allocate events=2 arm=throttled rep=0 used_post=0 guard_passed_cum=1 released_cum=0 rss_kib=19624
RESULT ts=1 interval=7 profile=allocate events=2 arm=throttled rep=0 used_post=0 guard_passed_cum=1 released_cum=0 rss_kib=19632
RESULT ts=1 interval=8 profile=allocate events=2 arm=throttled rep=0 used_post=0 guard_passed_cum=1 released_cum=0 rss_kib=19640
RESULT ts=1 interval=9 profile=allocate events=2 arm=throttled rep=0 used_post=0 guard_passed_cum=1 released_cum=0 rss_kib=19648
RESULT ts=1 interval=10 profile=allocate events=2 arm=throttled rep=0 used_post=0 guard_passed_cum=1 released_cum=0 rss_kib=19656
RESULT ts=1 interval=11 profile=allocate events=2 arm=throttled rep=0 used_post=0 guard_passed_cum=1 released_cum=0 rss_kib=19664
RESULT ts=1 interval=12 profile=allocate events=2 arm=throttled rep=0 used_post=0 guard_passed_cum=1 released_cum=0 rss_kib=19672
RESULT ts=1 interval=13 profile=allocate events=2 arm=throttled rep=0 used_post=0 guard_passed_cum=1 released_cum=0 rss_kib=19680
RESULT ts=1 interval=14 profile=allocate events=2 arm=throttled rep=0 used_post=0 guard_passed_cum=1 released_cum=0 rss_kib=19688
RESULT ts=1 interval=15 profile=allocate events=2 arm=throttled rep=0 used_post=0 guard_passed_cum=1 released_cum=0 rss_kib=19696
RESULT ts=1 interval=16 profile=allocate events=2 arm=throttled rep=0 used_post=0 guard_passed_cum=1 released_cum=0 rss_kib=19704
RESULT ts=1 interval=17 profile=allocate events=2 arm=throttled rep=0 used_post=0 guard_passed_cum=1 released_cum=0 rss_kib=19712
RESULT ts=1 interval=18 profile=allocate events=2 arm=throttled rep=0 used_post=0 guard_passed_cum=1 released_cum=0 rss_kib=19720
RESULT ts=1 interval=19 profile=allocate events=2 arm=throttled rep=0 used_post=0 guard_passed_cum=1 released_cum=0 rss_kib=19728
RESULT ts=1 interval=20 profile=allocate events=2 arm=throttled rep=0 used_post=0 guard_passed_cum=1 released_cum=0 rss_kib=19736
RESULT ts=1 interval=21 profile=allocate events=2 arm=throttled rep=0 used_post=0 guard_passed_cum=1 released_cum=0 rss_kib=19744
RESULT ts=1 interval=22 profile=allocate events=2 arm=throttled rep=0 used_post=0 guard_passed_cum=1 released_cum=0 rss_kib=19752
RESULT ts=1 interval=23 profile=allocate events=2 arm=throttled rep=0 used_post=0 guard_passed_cum=1 released_cum=0 rss_kib=19760
RESULT ts=1 interval=24 profile=allocate events=2 arm=throttled rep=0 used_post=0 guard_passed_cum=1 released_cum=0 rss_kib=19768
RESULT ts=1 interval=25 profile=allocate events=2 arm=throttled rep=0 used_post=0 guard_passed_cum=1 released_cum=0 rss_kib=19776
RESULT ts=1 interval=26 profile=allocate events=2 arm=throttled rep=0 used_post=0 guard_passed_cum=1 released_cum=0 rss_kib=19784
RESULT ts=1 interval=27 profile=allocate events=2 arm=throttled rep=0 used_post=0 guard_passed_cum=1 released_cum=0 rss_kib=19792
RESULT ts=1 interval=28 profile=allocate events=2 arm=throttled rep=0 used_post=0 guard_passed_cum=1 released_cum=0 rss_kib=19800
RESULT ts=1 interval=29 profile=allocate events=2 arm=throttled rep=0 used_post=0 guard_passed_cum=1 released_cum=0 rss_kib=19808
RESULT ts=1 interval=30 profile=allocate events=2 arm=throttled rep=0 used_post=0 guard_passed_cum=1 released_cum=0 rss_kib=19816
RESULT ts=1 interval=31 profile=allocate events=2 arm=throttled rep=0 used_post=0 guard_passed_cum=1 released_cum=0 rss_kib=19824
RESULT ts=1 interval=32 profile=allocate events=2 arm=throttled rep=0 used_post=0 guard_passed_cum=1 released_cum=0 rss_kib=19832
RESULT ts=1 interval=33 profile=allocate events=2 arm=throttled rep=0 used_post=0 guard_passed_cum=1 released_cum=0 rss_kib=19840
RESULT ts=1 interval=34 profile=allocate events=2 arm=throttled rep=0 used_post=0 guard_passed_cum=1 released_cum=0 rss_kib=19848
RESULT ts=1 interval=35 profile=allocate events=2 arm=throttled rep=0 used_post=0 guard_passed_cum=1 released_cum=0 rss_kib=19856
RESULT ts=1 interval=36 profile=allocate events=2 arm=throttled rep=0 used_post=0 guard_passed_cum=1 released_cum=0 rss_kib=19864
RESULT ts=1 interval=37 profile=allocate events=2 arm=throttled rep=0 used_post=0 guard_passed_cum=1 released_cum=0 rss_kib=19872
RESULT ts=1 interval=38 profile=allocate events=2 arm=throttled rep=0 used_post=0 guard_passed_cum=1 released_cum=0 rss_kib=19880
RESULT ts=1 interval=39 profile=allocate events=2 arm=throttled rep=0 used_post=0 guard_passed_cum=1 released_cum=0 rss_kib=19888
RESULT config=1 profile=allocate events=2 arm=throttled rep=0 intervals=40 headroom_bytes=16777216 obj_bytes=2097152 decay_interval_ms=100 decay_rate_bp=1000 stride=64 slots=8 prefill_free=8 verified_headroom=16777216 verified_interval_ms=100 config_conflicts_delta=0 used_baseline=33554432 guard_passed_baseline=1 released_baseline=0 rss_baseline_kib=19584 guard_passed_delta=0 headroom_crossed=1 unthrottled_read=1 process_identity=subprocess
RESULT oracle=1 profile=allocate events=2 arm=throttled rep=0 oracle_pass=1
RESULT ts=1 interval=0 profile=allocate events=2 arm=unthrottled rep=0 used_post=20971520 guard_passed_cum=3 released_cum=1 rss_kib=17536
RESULT ts=1 interval=1 profile=allocate events=2 arm=unthrottled rep=0 used_post=8388608 guard_passed_cum=5 released_cum=2 rss_kib=15488
RESULT ts=1 interval=2 profile=allocate events=2 arm=unthrottled rep=0 used_post=0 guard_passed_cum=7 released_cum=2 rss_kib=15488
RESULT ts=1 interval=3 profile=allocate events=2 arm=unthrottled rep=0 used_post=0 guard_passed_cum=9 released_cum=2 rss_kib=15496
RESULT ts=1 interval=4 profile=allocate events=2 arm=unthrottled rep=0 used_post=0 guard_passed_cum=11 released_cum=2 rss_kib=15504
RESULT ts=1 interval=5 profile=allocate events=2 arm=unthrottled rep=0 used_post=0 guard_passed_cum=13 released_cum=2 rss_kib=15512
RESULT ts=1 interval=6 profile=allocate events=2 arm=unthrottled rep=0 used_post=0 guard_passed_cum=15 released_cum=2 rss_kib=15520
RESULT ts=1 interval=7 profile=allocate events=2 arm=unthrottled rep=0 used_post=0 guard_passed_cum=17 released_cum=2 rss_kib=15528
RESULT ts=1 interval=8 profile=allocate events=2 arm=unthrottled rep=0 used_post=0 guard_passed_cum=19 released_cum=2 rss_kib=15536
RESULT ts=1 interval=9 profile=allocate events=2 arm=unthrottled rep=0 used_post=0 guard_passed_cum=21 released_cum=2 rss_kib=15544
RESULT ts=1 interval=10 profile=allocate events=2 arm=unthrottled rep=0 used_post=0 guard_passed_cum=23 released_cum=2 rss_kib=15552
RESULT ts=1 interval=11 profile=allocate events=2 arm=unthrottled rep=0 used_post=0 guard_passed_cum=25 released_cum=2 rss_kib=15560
RESULT ts=1 interval=12 profile=allocate events=2 arm=unthrottled rep=0 used_post=0 guard_passed_cum=27 released_cum=2 rss_kib=15568
RESULT ts=1 interval=13 profile=allocate events=2 arm=unthrottled rep=0 used_post=0 guard_passed_cum=29 released_cum=2 rss_kib=15576
RESULT ts=1 interval=14 profile=allocate events=2 arm=unthrottled rep=0 used_post=0 guard_passed_cum=31 released_cum=2 rss_kib=15584
RESULT ts=1 interval=15 profile=allocate events=2 arm=unthrottled rep=0 used_post=0 guard_passed_cum=33 released_cum=2 rss_kib=15592
RESULT ts=1 interval=16 profile=allocate events=2 arm=unthrottled rep=0 used_post=0 guard_passed_cum=35 released_cum=2 rss_kib=15600
RESULT ts=1 interval=17 profile=allocate events=2 arm=unthrottled rep=0 used_post=0 guard_passed_cum=37 released_cum=2 rss_kib=15608
RESULT ts=1 interval=18 profile=allocate events=2 arm=unthrottled rep=0 used_post=0 guard_passed_cum=39 released_cum=2 rss_kib=15616
RESULT ts=1 interval=19 profile=allocate events=2 arm=unthrottled rep=0 used_post=0 guard_passed_cum=41 released_cum=2 rss_kib=15624
RESULT ts=1 interval=20 profile=allocate events=2 arm=unthrottled rep=0 used_post=0 guard_passed_cum=43 released_cum=2 rss_kib=15632
RESULT ts=1 interval=21 profile=allocate events=2 arm=unthrottled rep=0 used_post=0 guard_passed_cum=45 released_cum=2 rss_kib=15640
RESULT ts=1 interval=22 profile=allocate events=2 arm=unthrottled rep=0 used_post=0 guard_passed_cum=47 released_cum=2 rss_kib=15648
RESULT ts=1 interval=23 profile=allocate events=2 arm=unthrottled rep=0 used_post=0 guard_passed_cum=49 released_cum=2 rss_kib=15656
RESULT ts=1 interval=24 profile=allocate events=2 arm=unthrottled rep=0 used_post=0 guard_passed_cum=51 released_cum=2 rss_kib=15664
RESULT ts=1 interval=25 profile=allocate events=2 arm=unthrottled rep=0 used_post=0 guard_passed_cum=53 released_cum=2 rss_kib=15672
RESULT ts=1 interval=26 profile=allocate events=2 arm=unthrottled rep=0 used_post=0 guard_passed_cum=55 released_cum=2 rss_kib=15680
RESULT ts=1 interval=27 profile=allocate events=2 arm=unthrottled rep=0 used_post=0 guard_passed_cum=57 released_cum=2 rss_kib=15688
RESULT ts=1 interval=28 profile=allocate events=2 arm=unthrottled rep=0 used_post=0 guard_passed_cum=59 released_cum=2 rss_kib=15696
RESULT ts=1 interval=29 profile=allocate events=2 arm=unthrottled rep=0 used_post=0 guard_passed_cum=61 released_cum=2 rss_kib=15704
RESULT ts=1 interval=30 profile=allocate events=2 arm=unthrottled rep=0 used_post=0 guard_passed_cum=63 released_cum=2 rss_kib=15712
RESULT ts=1 interval=31 profile=allocate events=2 arm=unthrottled rep=0 used_post=0 guard_passed_cum=65 released_cum=2 rss_kib=15720
RESULT ts=1 interval=32 profile=allocate events=2 arm=unthrottled rep=0 used_post=0 guard_passed_cum=67 released_cum=2 rss_kib=15728
RESULT ts=1 interval=33 profile=allocate events=2 arm=unthrottled rep=0 used_post=0 guard_passed_cum=69 released_cum=2 rss_kib=15736
RESULT ts=1 interval=34 profile=allocate events=2 arm=unthrottled rep=0 used_post=0 guard_passed_cum=71 released_cum=2 rss_kib=15744
RESULT ts=1 interval=35 profile=allocate events=2 arm=unthrottled rep=0 used_post=0 guard_passed_cum=73 released_cum=2 rss_kib=15752
RESULT ts=1 interval=36 profile=allocate events=2 arm=unthrottled rep=0 used_post=0 guard_passed_cum=75 released_cum=2 rss_kib=15760
RESULT ts=1 interval=37 profile=allocate events=2 arm=unthrottled rep=0 used_post=0 guard_passed_cum=77 released_cum=2 rss_kib=15768
RESULT ts=1 interval=38 profile=allocate events=2 arm=unthrottled rep=0 used_post=0 guard_passed_cum=79 released_cum=2 rss_kib=15776
RESULT ts=1 interval=39 profile=allocate events=2 arm=unthrottled rep=0 used_post=0 guard_passed_cum=81 released_cum=2 rss_kib=15784
RESULT config=1 profile=allocate events=2 arm=unthrottled rep=0 intervals=40 headroom_bytes=16777216 obj_bytes=2097152 decay_interval_ms=100 decay_rate_bp=1000 stride=64 slots=8 prefill_free=8 verified_headroom=16777216 verified_interval_ms=100 config_conflicts_delta=0 used_baseline=33554432 guard_passed_baseline=1 released_baseline=0 rss_baseline_kib=19572 guard_passed_delta=80 headroom_crossed=1 unthrottled_read=1 process_identity=subprocess
RESULT oracle=1 profile=allocate events=2 arm=unthrottled rep=0 oracle_pass=1
RESULT ts=1 interval=0 profile=allocfree events=4 arm=throttled rep=0 used_post=33554432 guard_passed_cum=1 released_cum=0 rss_kib=19604
RESULT ts=1 interval=1 profile=allocfree events=4 arm=throttled rep=0 used_post=33554432 guard_passed_cum=1 released_cum=0 rss_kib=19608
RESULT ts=1 interval=2 profile=allocfree events=4 arm=throttled rep=0 used_post=33554432 guard_passed_cum=1 released_cum=0 rss_kib=19608
RESULT ts=1 interval=3 profile=allocfree events=4 arm=throttled rep=0 used_post=33554432 guard_passed_cum=1 released_cum=0 rss_kib=19608
RESULT ts=1 interval=4 profile=allocfree events=4 arm=throttled rep=0 used_post=33554432 guard_passed_cum=1 released_cum=0 rss_kib=19608
RESULT ts=1 interval=5 profile=allocfree events=4 arm=throttled rep=0 used_post=33554432 guard_passed_cum=1 released_cum=0 rss_kib=19608
RESULT ts=1 interval=6 profile=allocfree events=4 arm=throttled rep=0 used_post=33554432 guard_passed_cum=1 released_cum=0 rss_kib=19608
RESULT ts=1 interval=7 profile=allocfree events=4 arm=throttled rep=0 used_post=29360128 guard_passed_cum=2 released_cum=1 rss_kib=17560
RESULT ts=1 interval=8 profile=allocfree events=4 arm=throttled rep=0 used_post=29360128 guard_passed_cum=2 released_cum=1 rss_kib=17560
RESULT ts=1 interval=9 profile=allocfree events=4 arm=throttled rep=0 used_post=29360128 guard_passed_cum=2 released_cum=1 rss_kib=17560
RESULT ts=1 interval=10 profile=allocfree events=4 arm=throttled rep=0 used_post=29360128 guard_passed_cum=2 released_cum=1 rss_kib=17560
RESULT ts=1 interval=11 profile=allocfree events=4 arm=throttled rep=0 used_post=29360128 guard_passed_cum=2 released_cum=1 rss_kib=17560
RESULT ts=1 interval=12 profile=allocfree events=4 arm=throttled rep=0 used_post=29360128 guard_passed_cum=2 released_cum=1 rss_kib=17560
RESULT ts=1 interval=13 profile=allocfree events=4 arm=throttled rep=0 used_post=29360128 guard_passed_cum=2 released_cum=1 rss_kib=17560
RESULT ts=1 interval=14 profile=allocfree events=4 arm=throttled rep=0 used_post=29360128 guard_passed_cum=2 released_cum=1 rss_kib=17560
RESULT ts=1 interval=15 profile=allocfree events=4 arm=throttled rep=0 used_post=25165824 guard_passed_cum=3 released_cum=2 rss_kib=15508
RESULT ts=1 interval=16 profile=allocfree events=4 arm=throttled rep=0 used_post=25165824 guard_passed_cum=3 released_cum=2 rss_kib=15508
RESULT ts=1 interval=17 profile=allocfree events=4 arm=throttled rep=0 used_post=25165824 guard_passed_cum=3 released_cum=2 rss_kib=15508
RESULT ts=1 interval=18 profile=allocfree events=4 arm=throttled rep=0 used_post=25165824 guard_passed_cum=3 released_cum=2 rss_kib=15508
RESULT ts=1 interval=19 profile=allocfree events=4 arm=throttled rep=0 used_post=25165824 guard_passed_cum=3 released_cum=2 rss_kib=15508
RESULT ts=1 interval=20 profile=allocfree events=4 arm=throttled rep=0 used_post=25165824 guard_passed_cum=3 released_cum=2 rss_kib=15508
RESULT ts=1 interval=21 profile=allocfree events=4 arm=throttled rep=0 used_post=25165824 guard_passed_cum=3 released_cum=2 rss_kib=15508
RESULT ts=1 interval=22 profile=allocfree events=4 arm=throttled rep=0 used_post=25165824 guard_passed_cum=3 released_cum=2 rss_kib=15508
RESULT ts=1 interval=23 profile=allocfree events=4 arm=throttled rep=0 used_post=20971520 guard_passed_cum=4 released_cum=3 rss_kib=13456
RESULT ts=1 interval=24 profile=allocfree events=4 arm=throttled rep=0 used_post=20971520 guard_passed_cum=4 released_cum=3 rss_kib=13456
RESULT ts=1 interval=25 profile=allocfree events=4 arm=throttled rep=0 used_post=20971520 guard_passed_cum=4 released_cum=3 rss_kib=13456
RESULT ts=1 interval=26 profile=allocfree events=4 arm=throttled rep=0 used_post=20971520 guard_passed_cum=4 released_cum=3 rss_kib=13456
RESULT ts=1 interval=27 profile=allocfree events=4 arm=throttled rep=0 used_post=20971520 guard_passed_cum=4 released_cum=3 rss_kib=13456
RESULT ts=1 interval=28 profile=allocfree events=4 arm=throttled rep=0 used_post=20971520 guard_passed_cum=4 released_cum=3 rss_kib=13456
RESULT ts=1 interval=29 profile=allocfree events=4 arm=throttled rep=0 used_post=20971520 guard_passed_cum=4 released_cum=3 rss_kib=13456
RESULT ts=1 interval=30 profile=allocfree events=4 arm=throttled rep=0 used_post=20971520 guard_passed_cum=4 released_cum=3 rss_kib=13456
RESULT ts=1 interval=31 profile=allocfree events=4 arm=throttled rep=0 used_post=20971520 guard_passed_cum=4 released_cum=3 rss_kib=13456
RESULT ts=1 interval=32 profile=allocfree events=4 arm=throttled rep=0 used_post=20971520 guard_passed_cum=4 released_cum=3 rss_kib=13456
RESULT ts=1 interval=33 profile=allocfree events=4 arm=throttled rep=0 used_post=20971520 guard_passed_cum=4 released_cum=3 rss_kib=13456
RESULT ts=1 interval=34 profile=allocfree events=4 arm=throttled rep=0 used_post=20971520 guard_passed_cum=4 released_cum=3 rss_kib=13456
RESULT ts=1 interval=35 profile=allocfree events=4 arm=throttled rep=0 used_post=20971520 guard_passed_cum=4 released_cum=3 rss_kib=13456
RESULT ts=1 interval=36 profile=allocfree events=4 arm=throttled rep=0 used_post=20971520 guard_passed_cum=4 released_cum=3 rss_kib=13456
RESULT ts=1 interval=37 profile=allocfree events=4 arm=throttled rep=0 used_post=20971520 guard_passed_cum=4 released_cum=3 rss_kib=13456
RESULT ts=1 interval=38 profile=allocfree events=4 arm=throttled rep=0 used_post=20971520 guard_passed_cum=4 released_cum=3 rss_kib=13456
RESULT ts=1 interval=39 profile=allocfree events=4 arm=throttled rep=0 used_post=16777216 guard_passed_cum=5 released_cum=4 rss_kib=11404
RESULT config=1 profile=allocfree events=4 arm=throttled rep=0 intervals=40 headroom_bytes=16777216 obj_bytes=2097152 decay_interval_ms=100 decay_rate_bp=1000 stride=64 slots=8 prefill_free=8 verified_headroom=16777216 verified_interval_ms=100 config_conflicts_delta=0 used_baseline=33554432 guard_passed_baseline=1 released_baseline=0 rss_baseline_kib=19592 guard_passed_delta=4 headroom_crossed=1 unthrottled_read=1 process_identity=subprocess
RESULT oracle=1 profile=allocfree events=4 arm=throttled rep=0 oracle_pass=1
RESULT ts=1 interval=0 profile=allocfree events=4 arm=unthrottled rep=0 used_post=29360128 guard_passed_cum=9 released_cum=1 rss_kib=17544
RESULT ts=1 interval=1 profile=allocfree events=4 arm=unthrottled rep=0 used_post=25165824 guard_passed_cum=17 released_cum=2 rss_kib=15496
RESULT ts=1 interval=2 profile=allocfree events=4 arm=unthrottled rep=0 used_post=20971520 guard_passed_cum=25 released_cum=3 rss_kib=13444
RESULT ts=1 interval=3 profile=allocfree events=4 arm=unthrottled rep=0 used_post=16777216 guard_passed_cum=33 released_cum=4 rss_kib=11392
RESULT ts=1 interval=4 profile=allocfree events=4 arm=unthrottled rep=0 used_post=16777216 guard_passed_cum=41 released_cum=4 rss_kib=11392
RESULT ts=1 interval=5 profile=allocfree events=4 arm=unthrottled rep=0 used_post=16777216 guard_passed_cum=49 released_cum=4 rss_kib=11392
RESULT ts=1 interval=6 profile=allocfree events=4 arm=unthrottled rep=0 used_post=16777216 guard_passed_cum=57 released_cum=4 rss_kib=11392
RESULT ts=1 interval=7 profile=allocfree events=4 arm=unthrottled rep=0 used_post=16777216 guard_passed_cum=65 released_cum=4 rss_kib=11392
RESULT ts=1 interval=8 profile=allocfree events=4 arm=unthrottled rep=0 used_post=16777216 guard_passed_cum=73 released_cum=4 rss_kib=11392
RESULT ts=1 interval=9 profile=allocfree events=4 arm=unthrottled rep=0 used_post=16777216 guard_passed_cum=81 released_cum=4 rss_kib=11392
RESULT ts=1 interval=10 profile=allocfree events=4 arm=unthrottled rep=0 used_post=16777216 guard_passed_cum=89 released_cum=4 rss_kib=11392
RESULT ts=1 interval=11 profile=allocfree events=4 arm=unthrottled rep=0 used_post=16777216 guard_passed_cum=97 released_cum=4 rss_kib=11392
RESULT ts=1 interval=12 profile=allocfree events=4 arm=unthrottled rep=0 used_post=16777216 guard_passed_cum=105 released_cum=4 rss_kib=11392
RESULT ts=1 interval=13 profile=allocfree events=4 arm=unthrottled rep=0 used_post=16777216 guard_passed_cum=113 released_cum=4 rss_kib=11392
RESULT ts=1 interval=14 profile=allocfree events=4 arm=unthrottled rep=0 used_post=16777216 guard_passed_cum=121 released_cum=4 rss_kib=11392
RESULT ts=1 interval=15 profile=allocfree events=4 arm=unthrottled rep=0 used_post=16777216 guard_passed_cum=129 released_cum=4 rss_kib=11392
RESULT ts=1 interval=16 profile=allocfree events=4 arm=unthrottled rep=0 used_post=16777216 guard_passed_cum=137 released_cum=4 rss_kib=11392
RESULT ts=1 interval=17 profile=allocfree events=4 arm=unthrottled rep=0 used_post=16777216 guard_passed_cum=145 released_cum=4 rss_kib=11392
RESULT ts=1 interval=18 profile=allocfree events=4 arm=unthrottled rep=0 used_post=16777216 guard_passed_cum=153 released_cum=4 rss_kib=11392
RESULT ts=1 interval=19 profile=allocfree events=4 arm=unthrottled rep=0 used_post=16777216 guard_passed_cum=161 released_cum=4 rss_kib=11392
RESULT ts=1 interval=20 profile=allocfree events=4 arm=unthrottled rep=0 used_post=16777216 guard_passed_cum=169 released_cum=4 rss_kib=11392
RESULT ts=1 interval=21 profile=allocfree events=4 arm=unthrottled rep=0 used_post=16777216 guard_passed_cum=177 released_cum=4 rss_kib=11392
RESULT ts=1 interval=22 profile=allocfree events=4 arm=unthrottled rep=0 used_post=16777216 guard_passed_cum=185 released_cum=4 rss_kib=11392
RESULT ts=1 interval=23 profile=allocfree events=4 arm=unthrottled rep=0 used_post=16777216 guard_passed_cum=193 released_cum=4 rss_kib=11392
RESULT ts=1 interval=24 profile=allocfree events=4 arm=unthrottled rep=0 used_post=16777216 guard_passed_cum=201 released_cum=4 rss_kib=11392
RESULT ts=1 interval=25 profile=allocfree events=4 arm=unthrottled rep=0 used_post=16777216 guard_passed_cum=209 released_cum=4 rss_kib=11392
RESULT ts=1 interval=26 profile=allocfree events=4 arm=unthrottled rep=0 used_post=16777216 guard_passed_cum=217 released_cum=4 rss_kib=11392
RESULT ts=1 interval=27 profile=allocfree events=4 arm=unthrottled rep=0 used_post=16777216 guard_passed_cum=225 released_cum=4 rss_kib=11392
RESULT ts=1 interval=28 profile=allocfree events=4 arm=unthrottled rep=0 used_post=16777216 guard_passed_cum=233 released_cum=4 rss_kib=11392
RESULT ts=1 interval=29 profile=allocfree events=4 arm=unthrottled rep=0 used_post=16777216 guard_passed_cum=241 released_cum=4 rss_kib=11392
RESULT ts=1 interval=30 profile=allocfree events=4 arm=unthrottled rep=0 used_post=16777216 guard_passed_cum=249 released_cum=4 rss_kib=11392
RESULT ts=1 interval=31 profile=allocfree events=4 arm=unthrottled rep=0 used_post=16777216 guard_passed_cum=257 released_cum=4 rss_kib=11392
RESULT ts=1 interval=32 profile=allocfree events=4 arm=unthrottled rep=0 used_post=16777216 guard_passed_cum=265 released_cum=4 rss_kib=11392
RESULT ts=1 interval=33 profile=allocfree events=4 arm=unthrottled rep=0 used_post=16777216 guard_passed_cum=273 released_cum=4 rss_kib=11392
RESULT ts=1 interval=34 profile=allocfree events=4 arm=unthrottled rep=0 used_post=16777216 guard_passed_cum=281 released_cum=4 rss_kib=11392
RESULT ts=1 interval=35 profile=allocfree events=4 arm=unthrottled rep=0 used_post=16777216 guard_passed_cum=289 released_cum=4 rss_kib=11392
RESULT ts=1 interval=36 profile=allocfree events=4 arm=unthrottled rep=0 used_post=16777216 guard_passed_cum=297 released_cum=4 rss_kib=11392
RESULT ts=1 interval=37 profile=allocfree events=4 arm=unthrottled rep=0 used_post=16777216 guard_passed_cum=305 released_cum=4 rss_kib=11392
RESULT ts=1 interval=38 profile=allocfree events=4 arm=unthrottled rep=0 used_post=16777216 guard_passed_cum=313 released_cum=4 rss_kib=11392
RESULT ts=1 interval=39 profile=allocfree events=4 arm=unthrottled rep=0 used_post=16777216 guard_passed_cum=321 released_cum=4 rss_kib=11392
RESULT config=1 profile=allocfree events=4 arm=unthrottled rep=0 intervals=40 headroom_bytes=16777216 obj_bytes=2097152 decay_interval_ms=100 decay_rate_bp=1000 stride=64 slots=8 prefill_free=8 verified_headroom=16777216 verified_interval_ms=100 config_conflicts_delta=0 used_baseline=33554432 guard_passed_baseline=1 released_baseline=0 rss_baseline_kib=19580 guard_passed_delta=320 headroom_crossed=1 unthrottled_read=1 process_identity=subprocess
RESULT oracle=1 profile=allocfree events=4 arm=unthrottled rep=0 oracle_pass=1
RESULT ts=1 interval=0 profile=deallocate events=4 arm=throttled rep=0 used_post=33554432 guard_passed_cum=1 released_cum=1 rss_kib=339720
RESULT ts=1 interval=1 profile=deallocate events=4 arm=throttled rep=0 used_post=33554432 guard_passed_cum=1 released_cum=5 rss_kib=331516
RESULT ts=1 interval=2 profile=deallocate events=4 arm=throttled rep=0 used_post=33554432 guard_passed_cum=1 released_cum=9 rss_kib=323308
RESULT ts=1 interval=3 profile=deallocate events=4 arm=throttled rep=0 used_post=33554432 guard_passed_cum=1 released_cum=13 rss_kib=315100
RESULT ts=1 interval=4 profile=deallocate events=4 arm=throttled rep=0 used_post=33554432 guard_passed_cum=1 released_cum=17 rss_kib=306892
RESULT ts=1 interval=5 profile=deallocate events=4 arm=throttled rep=0 used_post=33554432 guard_passed_cum=1 released_cum=21 rss_kib=298684
RESULT ts=1 interval=6 profile=deallocate events=4 arm=throttled rep=0 used_post=33554432 guard_passed_cum=1 released_cum=25 rss_kib=290476
RESULT ts=1 interval=7 profile=deallocate events=4 arm=throttled rep=0 used_post=33554432 guard_passed_cum=1 released_cum=29 rss_kib=282268
RESULT ts=1 interval=8 profile=deallocate events=4 arm=throttled rep=0 used_post=33554432 guard_passed_cum=1 released_cum=33 rss_kib=274060
RESULT ts=1 interval=9 profile=deallocate events=4 arm=throttled rep=0 used_post=33554432 guard_passed_cum=1 released_cum=37 rss_kib=265852
RESULT ts=1 interval=10 profile=deallocate events=4 arm=throttled rep=0 used_post=33554432 guard_passed_cum=1 released_cum=41 rss_kib=257644
RESULT ts=1 interval=11 profile=deallocate events=4 arm=throttled rep=0 used_post=33554432 guard_passed_cum=1 released_cum=45 rss_kib=249436
RESULT ts=1 interval=12 profile=deallocate events=4 arm=throttled rep=0 used_post=33554432 guard_passed_cum=1 released_cum=49 rss_kib=241228
RESULT ts=1 interval=13 profile=deallocate events=4 arm=throttled rep=0 used_post=33554432 guard_passed_cum=1 released_cum=53 rss_kib=233020
RESULT ts=1 interval=14 profile=deallocate events=4 arm=throttled rep=0 used_post=33554432 guard_passed_cum=1 released_cum=57 rss_kib=224812
RESULT ts=1 interval=15 profile=deallocate events=4 arm=throttled rep=0 used_post=33554432 guard_passed_cum=1 released_cum=61 rss_kib=216604
RESULT ts=1 interval=16 profile=deallocate events=4 arm=throttled rep=0 used_post=33554432 guard_passed_cum=2 released_cum=65 rss_kib=208396
RESULT ts=1 interval=17 profile=deallocate events=4 arm=throttled rep=0 used_post=33554432 guard_passed_cum=2 released_cum=69 rss_kib=200188
RESULT ts=1 interval=18 profile=deallocate events=4 arm=throttled rep=0 used_post=33554432 guard_passed_cum=2 released_cum=73 rss_kib=191980
RESULT ts=1 interval=19 profile=deallocate events=4 arm=throttled rep=0 used_post=33554432 guard_passed_cum=2 released_cum=77 rss_kib=183772
RESULT ts=1 interval=20 profile=deallocate events=4 arm=throttled rep=0 used_post=33554432 guard_passed_cum=2 released_cum=81 rss_kib=175564
RESULT ts=1 interval=21 profile=deallocate events=4 arm=throttled rep=0 used_post=33554432 guard_passed_cum=2 released_cum=85 rss_kib=167356
RESULT ts=1 interval=22 profile=deallocate events=4 arm=throttled rep=0 used_post=33554432 guard_passed_cum=2 released_cum=89 rss_kib=159148
RESULT ts=1 interval=23 profile=deallocate events=4 arm=throttled rep=0 used_post=33554432 guard_passed_cum=2 released_cum=93 rss_kib=150940
RESULT ts=1 interval=24 profile=deallocate events=4 arm=throttled rep=0 used_post=33554432 guard_passed_cum=2 released_cum=97 rss_kib=142732
RESULT ts=1 interval=25 profile=deallocate events=4 arm=throttled rep=0 used_post=33554432 guard_passed_cum=2 released_cum=101 rss_kib=134524
RESULT ts=1 interval=26 profile=deallocate events=4 arm=throttled rep=0 used_post=33554432 guard_passed_cum=2 released_cum=105 rss_kib=126316
RESULT ts=1 interval=27 profile=deallocate events=4 arm=throttled rep=0 used_post=33554432 guard_passed_cum=2 released_cum=109 rss_kib=118108
RESULT ts=1 interval=28 profile=deallocate events=4 arm=throttled rep=0 used_post=33554432 guard_passed_cum=2 released_cum=113 rss_kib=109900
RESULT ts=1 interval=29 profile=deallocate events=4 arm=throttled rep=0 used_post=33554432 guard_passed_cum=2 released_cum=117 rss_kib=101692
RESULT ts=1 interval=30 profile=deallocate events=4 arm=throttled rep=0 used_post=33554432 guard_passed_cum=2 released_cum=121 rss_kib=93484
RESULT ts=1 interval=31 profile=deallocate events=4 arm=throttled rep=0 used_post=33554432 guard_passed_cum=2 released_cum=125 rss_kib=85276
RESULT ts=1 interval=32 profile=deallocate events=4 arm=throttled rep=0 used_post=33554432 guard_passed_cum=3 released_cum=129 rss_kib=77068
RESULT ts=1 interval=33 profile=deallocate events=4 arm=throttled rep=0 used_post=33554432 guard_passed_cum=3 released_cum=133 rss_kib=68860
RESULT ts=1 interval=34 profile=deallocate events=4 arm=throttled rep=0 used_post=33554432 guard_passed_cum=3 released_cum=137 rss_kib=60652
RESULT ts=1 interval=35 profile=deallocate events=4 arm=throttled rep=0 used_post=33554432 guard_passed_cum=3 released_cum=141 rss_kib=52444
RESULT ts=1 interval=36 profile=deallocate events=4 arm=throttled rep=0 used_post=33554432 guard_passed_cum=3 released_cum=145 rss_kib=44236
RESULT ts=1 interval=37 profile=deallocate events=4 arm=throttled rep=0 used_post=33554432 guard_passed_cum=3 released_cum=149 rss_kib=36028
RESULT ts=1 interval=38 profile=deallocate events=4 arm=throttled rep=0 used_post=33554432 guard_passed_cum=3 released_cum=153 rss_kib=27820
RESULT ts=1 interval=39 profile=deallocate events=4 arm=throttled rep=0 used_post=33554432 guard_passed_cum=3 released_cum=157 rss_kib=19612
RESULT config=1 profile=deallocate events=4 arm=throttled rep=0 intervals=40 headroom_bytes=16777216 obj_bytes=2097152 decay_interval_ms=100 decay_rate_bp=1000 stride=64 slots=8 prefill_free=5 verified_headroom=16777216 verified_interval_ms=100 config_conflicts_delta=0 used_baseline=20971520 guard_passed_baseline=0 released_baseline=0 rss_baseline_kib=341748 guard_passed_delta=3 headroom_crossed=1 unthrottled_read=1 process_identity=subprocess
RESULT oracle=1 profile=deallocate events=4 arm=throttled rep=0 oracle_pass=1
RESULT ts=1 interval=0 profile=deallocate events=4 arm=unthrottled rep=0 used_post=33554432 guard_passed_cum=4 released_cum=1 rss_kib=339712
RESULT ts=1 interval=1 profile=deallocate events=4 arm=unthrottled rep=0 used_post=33554432 guard_passed_cum=8 released_cum=5 rss_kib=331508
RESULT ts=1 interval=2 profile=deallocate events=4 arm=unthrottled rep=0 used_post=33554432 guard_passed_cum=12 released_cum=9 rss_kib=323300
RESULT ts=1 interval=3 profile=deallocate events=4 arm=unthrottled rep=0 used_post=33554432 guard_passed_cum=16 released_cum=13 rss_kib=315092
RESULT ts=1 interval=4 profile=deallocate events=4 arm=unthrottled rep=0 used_post=33554432 guard_passed_cum=20 released_cum=17 rss_kib=306884
RESULT ts=1 interval=5 profile=deallocate events=4 arm=unthrottled rep=0 used_post=33554432 guard_passed_cum=24 released_cum=21 rss_kib=298676
RESULT ts=1 interval=6 profile=deallocate events=4 arm=unthrottled rep=0 used_post=33554432 guard_passed_cum=28 released_cum=25 rss_kib=290468
RESULT ts=1 interval=7 profile=deallocate events=4 arm=unthrottled rep=0 used_post=33554432 guard_passed_cum=32 released_cum=29 rss_kib=282260
RESULT ts=1 interval=8 profile=deallocate events=4 arm=unthrottled rep=0 used_post=33554432 guard_passed_cum=36 released_cum=33 rss_kib=274052
RESULT ts=1 interval=9 profile=deallocate events=4 arm=unthrottled rep=0 used_post=33554432 guard_passed_cum=40 released_cum=37 rss_kib=265844
RESULT ts=1 interval=10 profile=deallocate events=4 arm=unthrottled rep=0 used_post=33554432 guard_passed_cum=44 released_cum=41 rss_kib=257636
RESULT ts=1 interval=11 profile=deallocate events=4 arm=unthrottled rep=0 used_post=33554432 guard_passed_cum=48 released_cum=45 rss_kib=249428
RESULT ts=1 interval=12 profile=deallocate events=4 arm=unthrottled rep=0 used_post=33554432 guard_passed_cum=52 released_cum=49 rss_kib=241220
RESULT ts=1 interval=13 profile=deallocate events=4 arm=unthrottled rep=0 used_post=33554432 guard_passed_cum=56 released_cum=53 rss_kib=233012
RESULT ts=1 interval=14 profile=deallocate events=4 arm=unthrottled rep=0 used_post=33554432 guard_passed_cum=60 released_cum=57 rss_kib=224804
RESULT ts=1 interval=15 profile=deallocate events=4 arm=unthrottled rep=0 used_post=33554432 guard_passed_cum=64 released_cum=61 rss_kib=216596
RESULT ts=1 interval=16 profile=deallocate events=4 arm=unthrottled rep=0 used_post=33554432 guard_passed_cum=68 released_cum=65 rss_kib=208388
RESULT ts=1 interval=17 profile=deallocate events=4 arm=unthrottled rep=0 used_post=33554432 guard_passed_cum=72 released_cum=69 rss_kib=200180
RESULT ts=1 interval=18 profile=deallocate events=4 arm=unthrottled rep=0 used_post=33554432 guard_passed_cum=76 released_cum=73 rss_kib=191972
RESULT ts=1 interval=19 profile=deallocate events=4 arm=unthrottled rep=0 used_post=33554432 guard_passed_cum=80 released_cum=77 rss_kib=183764
RESULT ts=1 interval=20 profile=deallocate events=4 arm=unthrottled rep=0 used_post=33554432 guard_passed_cum=84 released_cum=81 rss_kib=175556
RESULT ts=1 interval=21 profile=deallocate events=4 arm=unthrottled rep=0 used_post=33554432 guard_passed_cum=88 released_cum=85 rss_kib=167348
RESULT ts=1 interval=22 profile=deallocate events=4 arm=unthrottled rep=0 used_post=33554432 guard_passed_cum=92 released_cum=89 rss_kib=159140
RESULT ts=1 interval=23 profile=deallocate events=4 arm=unthrottled rep=0 used_post=33554432 guard_passed_cum=96 released_cum=93 rss_kib=150932
RESULT ts=1 interval=24 profile=deallocate events=4 arm=unthrottled rep=0 used_post=33554432 guard_passed_cum=100 released_cum=97 rss_kib=142724
RESULT ts=1 interval=25 profile=deallocate events=4 arm=unthrottled rep=0 used_post=33554432 guard_passed_cum=104 released_cum=101 rss_kib=134516
RESULT ts=1 interval=26 profile=deallocate events=4 arm=unthrottled rep=0 used_post=33554432 guard_passed_cum=108 released_cum=105 rss_kib=126308
RESULT ts=1 interval=27 profile=deallocate events=4 arm=unthrottled rep=0 used_post=33554432 guard_passed_cum=112 released_cum=109 rss_kib=118100
RESULT ts=1 interval=28 profile=deallocate events=4 arm=unthrottled rep=0 used_post=33554432 guard_passed_cum=116 released_cum=113 rss_kib=109892
RESULT ts=1 interval=29 profile=deallocate events=4 arm=unthrottled rep=0 used_post=33554432 guard_passed_cum=120 released_cum=117 rss_kib=101684
RESULT ts=1 interval=30 profile=deallocate events=4 arm=unthrottled rep=0 used_post=33554432 guard_passed_cum=124 released_cum=121 rss_kib=93476
RESULT ts=1 interval=31 profile=deallocate events=4 arm=unthrottled rep=0 used_post=33554432 guard_passed_cum=128 released_cum=125 rss_kib=85268
RESULT ts=1 interval=32 profile=deallocate events=4 arm=unthrottled rep=0 used_post=33554432 guard_passed_cum=132 released_cum=129 rss_kib=77060
RESULT ts=1 interval=33 profile=deallocate events=4 arm=unthrottled rep=0 used_post=33554432 guard_passed_cum=136 released_cum=133 rss_kib=68852
RESULT ts=1 interval=34 profile=deallocate events=4 arm=unthrottled rep=0 used_post=33554432 guard_passed_cum=140 released_cum=137 rss_kib=60644
RESULT ts=1 interval=35 profile=deallocate events=4 arm=unthrottled rep=0 used_post=33554432 guard_passed_cum=144 released_cum=141 rss_kib=52436
RESULT ts=1 interval=36 profile=deallocate events=4 arm=unthrottled rep=0 used_post=33554432 guard_passed_cum=148 released_cum=145 rss_kib=44228
RESULT ts=1 interval=37 profile=deallocate events=4 arm=unthrottled rep=0 used_post=33554432 guard_passed_cum=152 released_cum=149 rss_kib=36020
RESULT ts=1 interval=38 profile=deallocate events=4 arm=unthrottled rep=0 used_post=33554432 guard_passed_cum=156 released_cum=153 rss_kib=27812
RESULT ts=1 interval=39 profile=deallocate events=4 arm=unthrottled rep=0 used_post=33554432 guard_passed_cum=160 released_cum=157 rss_kib=19604
RESULT config=1 profile=deallocate events=4 arm=unthrottled rep=0 intervals=40 headroom_bytes=16777216 obj_bytes=2097152 decay_interval_ms=100 decay_rate_bp=1000 stride=64 slots=8 prefill_free=5 verified_headroom=16777216 verified_interval_ms=100 config_conflicts_delta=0 used_baseline=20971520 guard_passed_baseline=0 released_baseline=0 rss_baseline_kib=341740 guard_passed_delta=160 headroom_crossed=1 unthrottled_read=1 process_identity=subprocess
RESULT oracle=1 profile=deallocate events=4 arm=unthrottled rep=0 oracle_pass=1
RESULT ts=1 interval=0 profile=allocate events=4 arm=throttled rep=0 used_post=16777216 guard_passed_cum=1 released_cum=0 rss_kib=19596
RESULT ts=1 interval=1 profile=allocate events=4 arm=throttled rep=0 used_post=0 guard_passed_cum=1 released_cum=0 rss_kib=19600
RESULT ts=1 interval=2 profile=allocate events=4 arm=throttled rep=0 used_post=0 guard_passed_cum=1 released_cum=0 rss_kib=19616
RESULT ts=1 interval=3 profile=allocate events=4 arm=throttled rep=0 used_post=0 guard_passed_cum=1 released_cum=0 rss_kib=19632
RESULT ts=1 interval=4 profile=allocate events=4 arm=throttled rep=0 used_post=0 guard_passed_cum=1 released_cum=0 rss_kib=19648
RESULT ts=1 interval=5 profile=allocate events=4 arm=throttled rep=0 used_post=0 guard_passed_cum=1 released_cum=0 rss_kib=19664
RESULT ts=1 interval=6 profile=allocate events=4 arm=throttled rep=0 used_post=0 guard_passed_cum=1 released_cum=0 rss_kib=19680
RESULT ts=1 interval=7 profile=allocate events=4 arm=throttled rep=0 used_post=0 guard_passed_cum=1 released_cum=0 rss_kib=19696
RESULT ts=1 interval=8 profile=allocate events=4 arm=throttled rep=0 used_post=0 guard_passed_cum=1 released_cum=0 rss_kib=19712
RESULT ts=1 interval=9 profile=allocate events=4 arm=throttled rep=0 used_post=0 guard_passed_cum=1 released_cum=0 rss_kib=19728
RESULT ts=1 interval=10 profile=allocate events=4 arm=throttled rep=0 used_post=0 guard_passed_cum=1 released_cum=0 rss_kib=19744
RESULT ts=1 interval=11 profile=allocate events=4 arm=throttled rep=0 used_post=0 guard_passed_cum=1 released_cum=0 rss_kib=19760
RESULT ts=1 interval=12 profile=allocate events=4 arm=throttled rep=0 used_post=0 guard_passed_cum=1 released_cum=0 rss_kib=19776
RESULT ts=1 interval=13 profile=allocate events=4 arm=throttled rep=0 used_post=0 guard_passed_cum=1 released_cum=0 rss_kib=19792
RESULT ts=1 interval=14 profile=allocate events=4 arm=throttled rep=0 used_post=0 guard_passed_cum=1 released_cum=0 rss_kib=19808
RESULT ts=1 interval=15 profile=allocate events=4 arm=throttled rep=0 used_post=0 guard_passed_cum=1 released_cum=0 rss_kib=19824
RESULT ts=1 interval=16 profile=allocate events=4 arm=throttled rep=0 used_post=0 guard_passed_cum=1 released_cum=0 rss_kib=19840
RESULT ts=1 interval=17 profile=allocate events=4 arm=throttled rep=0 used_post=0 guard_passed_cum=1 released_cum=0 rss_kib=19856
RESULT ts=1 interval=18 profile=allocate events=4 arm=throttled rep=0 used_post=0 guard_passed_cum=1 released_cum=0 rss_kib=19872
RESULT ts=1 interval=19 profile=allocate events=4 arm=throttled rep=0 used_post=0 guard_passed_cum=1 released_cum=0 rss_kib=19888
RESULT ts=1 interval=20 profile=allocate events=4 arm=throttled rep=0 used_post=0 guard_passed_cum=1 released_cum=0 rss_kib=19904
RESULT ts=1 interval=21 profile=allocate events=4 arm=throttled rep=0 used_post=0 guard_passed_cum=1 released_cum=0 rss_kib=19920
RESULT ts=1 interval=22 profile=allocate events=4 arm=throttled rep=0 used_post=0 guard_passed_cum=1 released_cum=0 rss_kib=19936
RESULT ts=1 interval=23 profile=allocate events=4 arm=throttled rep=0 used_post=0 guard_passed_cum=1 released_cum=0 rss_kib=19952
RESULT ts=1 interval=24 profile=allocate events=4 arm=throttled rep=0 used_post=0 guard_passed_cum=1 released_cum=0 rss_kib=19968
RESULT ts=1 interval=25 profile=allocate events=4 arm=throttled rep=0 used_post=0 guard_passed_cum=1 released_cum=0 rss_kib=19984
RESULT ts=1 interval=26 profile=allocate events=4 arm=throttled rep=0 used_post=0 guard_passed_cum=1 released_cum=0 rss_kib=20000
RESULT ts=1 interval=27 profile=allocate events=4 arm=throttled rep=0 used_post=0 guard_passed_cum=1 released_cum=0 rss_kib=20016
RESULT ts=1 interval=28 profile=allocate events=4 arm=throttled rep=0 used_post=0 guard_passed_cum=1 released_cum=0 rss_kib=20032
RESULT ts=1 interval=29 profile=allocate events=4 arm=throttled rep=0 used_post=0 guard_passed_cum=1 released_cum=0 rss_kib=20048
RESULT ts=1 interval=30 profile=allocate events=4 arm=throttled rep=0 used_post=0 guard_passed_cum=1 released_cum=0 rss_kib=20064
RESULT ts=1 interval=31 profile=allocate events=4 arm=throttled rep=0 used_post=0 guard_passed_cum=1 released_cum=0 rss_kib=20080
RESULT ts=1 interval=32 profile=allocate events=4 arm=throttled rep=0 used_post=0 guard_passed_cum=1 released_cum=0 rss_kib=20096
RESULT ts=1 interval=33 profile=allocate events=4 arm=throttled rep=0 used_post=0 guard_passed_cum=1 released_cum=0 rss_kib=20112
RESULT ts=1 interval=34 profile=allocate events=4 arm=throttled rep=0 used_post=0 guard_passed_cum=1 released_cum=0 rss_kib=20128
RESULT ts=1 interval=35 profile=allocate events=4 arm=throttled rep=0 used_post=0 guard_passed_cum=1 released_cum=0 rss_kib=20144
RESULT ts=1 interval=36 profile=allocate events=4 arm=throttled rep=0 used_post=0 guard_passed_cum=1 released_cum=0 rss_kib=20160
RESULT ts=1 interval=37 profile=allocate events=4 arm=throttled rep=0 used_post=0 guard_passed_cum=1 released_cum=0 rss_kib=20176
RESULT ts=1 interval=38 profile=allocate events=4 arm=throttled rep=0 used_post=0 guard_passed_cum=1 released_cum=0 rss_kib=20192
RESULT ts=1 interval=39 profile=allocate events=4 arm=throttled rep=0 used_post=0 guard_passed_cum=1 released_cum=0 rss_kib=20208
RESULT config=1 profile=allocate events=4 arm=throttled rep=0 intervals=40 headroom_bytes=16777216 obj_bytes=2097152 decay_interval_ms=100 decay_rate_bp=1000 stride=64 slots=8 prefill_free=8 verified_headroom=16777216 verified_interval_ms=100 config_conflicts_delta=0 used_baseline=33554432 guard_passed_baseline=1 released_baseline=0 rss_baseline_kib=19584 guard_passed_delta=0 headroom_crossed=1 unthrottled_read=1 process_identity=subprocess
RESULT oracle=1 profile=allocate events=4 arm=throttled rep=0 oracle_pass=1
RESULT ts=1 interval=0 profile=allocate events=4 arm=unthrottled rep=0 used_post=12582912 guard_passed_cum=5 released_cum=1 rss_kib=17536
RESULT ts=1 interval=1 profile=allocate events=4 arm=unthrottled rep=0 used_post=0 guard_passed_cum=9 released_cum=1 rss_kib=17544
RESULT ts=1 interval=2 profile=allocate events=4 arm=unthrottled rep=0 used_post=0 guard_passed_cum=13 released_cum=1 rss_kib=17560
RESULT ts=1 interval=3 profile=allocate events=4 arm=unthrottled rep=0 used_post=0 guard_passed_cum=17 released_cum=1 rss_kib=17576
RESULT ts=1 interval=4 profile=allocate events=4 arm=unthrottled rep=0 used_post=0 guard_passed_cum=21 released_cum=1 rss_kib=17592
RESULT ts=1 interval=5 profile=allocate events=4 arm=unthrottled rep=0 used_post=0 guard_passed_cum=25 released_cum=1 rss_kib=17608
RESULT ts=1 interval=6 profile=allocate events=4 arm=unthrottled rep=0 used_post=0 guard_passed_cum=29 released_cum=1 rss_kib=17624
RESULT ts=1 interval=7 profile=allocate events=4 arm=unthrottled rep=0 used_post=0 guard_passed_cum=33 released_cum=1 rss_kib=17640
RESULT ts=1 interval=8 profile=allocate events=4 arm=unthrottled rep=0 used_post=0 guard_passed_cum=37 released_cum=1 rss_kib=17656
RESULT ts=1 interval=9 profile=allocate events=4 arm=unthrottled rep=0 used_post=0 guard_passed_cum=41 released_cum=1 rss_kib=17672
RESULT ts=1 interval=10 profile=allocate events=4 arm=unthrottled rep=0 used_post=0 guard_passed_cum=45 released_cum=1 rss_kib=17688
RESULT ts=1 interval=11 profile=allocate events=4 arm=unthrottled rep=0 used_post=0 guard_passed_cum=49 released_cum=1 rss_kib=17704
RESULT ts=1 interval=12 profile=allocate events=4 arm=unthrottled rep=0 used_post=0 guard_passed_cum=53 released_cum=1 rss_kib=17720
RESULT ts=1 interval=13 profile=allocate events=4 arm=unthrottled rep=0 used_post=0 guard_passed_cum=57 released_cum=1 rss_kib=17736
RESULT ts=1 interval=14 profile=allocate events=4 arm=unthrottled rep=0 used_post=0 guard_passed_cum=61 released_cum=1 rss_kib=17752
RESULT ts=1 interval=15 profile=allocate events=4 arm=unthrottled rep=0 used_post=0 guard_passed_cum=65 released_cum=1 rss_kib=17768
RESULT ts=1 interval=16 profile=allocate events=4 arm=unthrottled rep=0 used_post=0 guard_passed_cum=69 released_cum=1 rss_kib=17784
RESULT ts=1 interval=17 profile=allocate events=4 arm=unthrottled rep=0 used_post=0 guard_passed_cum=73 released_cum=1 rss_kib=17800
RESULT ts=1 interval=18 profile=allocate events=4 arm=unthrottled rep=0 used_post=0 guard_passed_cum=77 released_cum=1 rss_kib=17816
RESULT ts=1 interval=19 profile=allocate events=4 arm=unthrottled rep=0 used_post=0 guard_passed_cum=81 released_cum=1 rss_kib=17832
RESULT ts=1 interval=20 profile=allocate events=4 arm=unthrottled rep=0 used_post=0 guard_passed_cum=85 released_cum=1 rss_kib=17848
RESULT ts=1 interval=21 profile=allocate events=4 arm=unthrottled rep=0 used_post=0 guard_passed_cum=89 released_cum=1 rss_kib=17864
RESULT ts=1 interval=22 profile=allocate events=4 arm=unthrottled rep=0 used_post=0 guard_passed_cum=93 released_cum=1 rss_kib=17880
RESULT ts=1 interval=23 profile=allocate events=4 arm=unthrottled rep=0 used_post=0 guard_passed_cum=97 released_cum=1 rss_kib=17896
RESULT ts=1 interval=24 profile=allocate events=4 arm=unthrottled rep=0 used_post=0 guard_passed_cum=101 released_cum=1 rss_kib=17912
RESULT ts=1 interval=25 profile=allocate events=4 arm=unthrottled rep=0 used_post=0 guard_passed_cum=105 released_cum=1 rss_kib=17928
RESULT ts=1 interval=26 profile=allocate events=4 arm=unthrottled rep=0 used_post=0 guard_passed_cum=109 released_cum=1 rss_kib=17944
RESULT ts=1 interval=27 profile=allocate events=4 arm=unthrottled rep=0 used_post=0 guard_passed_cum=113 released_cum=1 rss_kib=17960
RESULT ts=1 interval=28 profile=allocate events=4 arm=unthrottled rep=0 used_post=0 guard_passed_cum=117 released_cum=1 rss_kib=17976
RESULT ts=1 interval=29 profile=allocate events=4 arm=unthrottled rep=0 used_post=0 guard_passed_cum=121 released_cum=1 rss_kib=17992
RESULT ts=1 interval=30 profile=allocate events=4 arm=unthrottled rep=0 used_post=0 guard_passed_cum=125 released_cum=1 rss_kib=18008
RESULT ts=1 interval=31 profile=allocate events=4 arm=unthrottled rep=0 used_post=0 guard_passed_cum=129 released_cum=1 rss_kib=18024
RESULT ts=1 interval=32 profile=allocate events=4 arm=unthrottled rep=0 used_post=0 guard_passed_cum=133 released_cum=1 rss_kib=18040
RESULT ts=1 interval=33 profile=allocate events=4 arm=unthrottled rep=0 used_post=0 guard_passed_cum=137 released_cum=1 rss_kib=18056
RESULT ts=1 interval=34 profile=allocate events=4 arm=unthrottled rep=0 used_post=0 guard_passed_cum=141 released_cum=1 rss_kib=18072
RESULT ts=1 interval=35 profile=allocate events=4 arm=unthrottled rep=0 used_post=0 guard_passed_cum=145 released_cum=1 rss_kib=18088
RESULT ts=1 interval=36 profile=allocate events=4 arm=unthrottled rep=0 used_post=0 guard_passed_cum=149 released_cum=1 rss_kib=18104
RESULT ts=1 interval=37 profile=allocate events=4 arm=unthrottled rep=0 used_post=0 guard_passed_cum=153 released_cum=1 rss_kib=18120
RESULT ts=1 interval=38 profile=allocate events=4 arm=unthrottled rep=0 used_post=0 guard_passed_cum=157 released_cum=1 rss_kib=18136
RESULT ts=1 interval=39 profile=allocate events=4 arm=unthrottled rep=0 used_post=0 guard_passed_cum=161 released_cum=1 rss_kib=18152
RESULT config=1 profile=allocate events=4 arm=unthrottled rep=0 intervals=40 headroom_bytes=16777216 obj_bytes=2097152 decay_interval_ms=100 decay_rate_bp=1000 stride=64 slots=8 prefill_free=8 verified_headroom=16777216 verified_interval_ms=100 config_conflicts_delta=0 used_baseline=33554432 guard_passed_baseline=1 released_baseline=0 rss_baseline_kib=19572 guard_passed_delta=160 headroom_crossed=1 unthrottled_read=1 process_identity=subprocess
RESULT oracle=1 profile=allocate events=4 arm=unthrottled rep=0 oracle_pass=1
RESULT ts=1 interval=0 profile=allocfree events=8 arm=throttled rep=0 used_post=33554432 guard_passed_cum=1 released_cum=0 rss_kib=19604
RESULT ts=1 interval=1 profile=allocfree events=8 arm=throttled rep=0 used_post=33554432 guard_passed_cum=1 released_cum=0 rss_kib=19608
RESULT ts=1 interval=2 profile=allocfree events=8 arm=throttled rep=0 used_post=33554432 guard_passed_cum=1 released_cum=0 rss_kib=19608
RESULT ts=1 interval=3 profile=allocfree events=8 arm=throttled rep=0 used_post=29360128 guard_passed_cum=2 released_cum=1 rss_kib=17560
RESULT ts=1 interval=4 profile=allocfree events=8 arm=throttled rep=0 used_post=29360128 guard_passed_cum=2 released_cum=1 rss_kib=17560
RESULT ts=1 interval=5 profile=allocfree events=8 arm=throttled rep=0 used_post=29360128 guard_passed_cum=2 released_cum=1 rss_kib=17560
RESULT ts=1 interval=6 profile=allocfree events=8 arm=throttled rep=0 used_post=29360128 guard_passed_cum=2 released_cum=1 rss_kib=17560
RESULT ts=1 interval=7 profile=allocfree events=8 arm=throttled rep=0 used_post=25165824 guard_passed_cum=3 released_cum=2 rss_kib=15508
RESULT ts=1 interval=8 profile=allocfree events=8 arm=throttled rep=0 used_post=25165824 guard_passed_cum=3 released_cum=2 rss_kib=15508
RESULT ts=1 interval=9 profile=allocfree events=8 arm=throttled rep=0 used_post=25165824 guard_passed_cum=3 released_cum=2 rss_kib=15508
RESULT ts=1 interval=10 profile=allocfree events=8 arm=throttled rep=0 used_post=25165824 guard_passed_cum=3 released_cum=2 rss_kib=15508
RESULT ts=1 interval=11 profile=allocfree events=8 arm=throttled rep=0 used_post=20971520 guard_passed_cum=4 released_cum=3 rss_kib=13456
RESULT ts=1 interval=12 profile=allocfree events=8 arm=throttled rep=0 used_post=20971520 guard_passed_cum=4 released_cum=3 rss_kib=13456
RESULT ts=1 interval=13 profile=allocfree events=8 arm=throttled rep=0 used_post=20971520 guard_passed_cum=4 released_cum=3 rss_kib=13456
RESULT ts=1 interval=14 profile=allocfree events=8 arm=throttled rep=0 used_post=20971520 guard_passed_cum=4 released_cum=3 rss_kib=13456
RESULT ts=1 interval=15 profile=allocfree events=8 arm=throttled rep=0 used_post=20971520 guard_passed_cum=4 released_cum=3 rss_kib=13456
RESULT ts=1 interval=16 profile=allocfree events=8 arm=throttled rep=0 used_post=20971520 guard_passed_cum=4 released_cum=3 rss_kib=13456
RESULT ts=1 interval=17 profile=allocfree events=8 arm=throttled rep=0 used_post=20971520 guard_passed_cum=4 released_cum=3 rss_kib=13456
RESULT ts=1 interval=18 profile=allocfree events=8 arm=throttled rep=0 used_post=20971520 guard_passed_cum=4 released_cum=3 rss_kib=13456
RESULT ts=1 interval=19 profile=allocfree events=8 arm=throttled rep=0 used_post=16777216 guard_passed_cum=5 released_cum=4 rss_kib=11404
RESULT ts=1 interval=20 profile=allocfree events=8 arm=throttled rep=0 used_post=16777216 guard_passed_cum=5 released_cum=4 rss_kib=11404
RESULT ts=1 interval=21 profile=allocfree events=8 arm=throttled rep=0 used_post=16777216 guard_passed_cum=5 released_cum=4 rss_kib=11404
RESULT ts=1 interval=22 profile=allocfree events=8 arm=throttled rep=0 used_post=16777216 guard_passed_cum=5 released_cum=4 rss_kib=11404
RESULT ts=1 interval=23 profile=allocfree events=8 arm=throttled rep=0 used_post=16777216 guard_passed_cum=5 released_cum=4 rss_kib=11404
RESULT ts=1 interval=24 profile=allocfree events=8 arm=throttled rep=0 used_post=16777216 guard_passed_cum=5 released_cum=4 rss_kib=11404
RESULT ts=1 interval=25 profile=allocfree events=8 arm=throttled rep=0 used_post=16777216 guard_passed_cum=5 released_cum=4 rss_kib=11404
RESULT ts=1 interval=26 profile=allocfree events=8 arm=throttled rep=0 used_post=16777216 guard_passed_cum=5 released_cum=4 rss_kib=11404
RESULT ts=1 interval=27 profile=allocfree events=8 arm=throttled rep=0 used_post=16777216 guard_passed_cum=5 released_cum=4 rss_kib=11404
RESULT ts=1 interval=28 profile=allocfree events=8 arm=throttled rep=0 used_post=16777216 guard_passed_cum=5 released_cum=4 rss_kib=11404
RESULT ts=1 interval=29 profile=allocfree events=8 arm=throttled rep=0 used_post=16777216 guard_passed_cum=5 released_cum=4 rss_kib=11404
RESULT ts=1 interval=30 profile=allocfree events=8 arm=throttled rep=0 used_post=16777216 guard_passed_cum=5 released_cum=4 rss_kib=11404
RESULT ts=1 interval=31 profile=allocfree events=8 arm=throttled rep=0 used_post=16777216 guard_passed_cum=5 released_cum=4 rss_kib=11404
RESULT ts=1 interval=32 profile=allocfree events=8 arm=throttled rep=0 used_post=16777216 guard_passed_cum=5 released_cum=4 rss_kib=11404
RESULT ts=1 interval=33 profile=allocfree events=8 arm=throttled rep=0 used_post=16777216 guard_passed_cum=5 released_cum=4 rss_kib=11404
RESULT ts=1 interval=34 profile=allocfree events=8 arm=throttled rep=0 used_post=16777216 guard_passed_cum=5 released_cum=4 rss_kib=11404
RESULT ts=1 interval=35 profile=allocfree events=8 arm=throttled rep=0 used_post=16777216 guard_passed_cum=5 released_cum=4 rss_kib=11404
RESULT ts=1 interval=36 profile=allocfree events=8 arm=throttled rep=0 used_post=16777216 guard_passed_cum=5 released_cum=4 rss_kib=11404
RESULT ts=1 interval=37 profile=allocfree events=8 arm=throttled rep=0 used_post=16777216 guard_passed_cum=5 released_cum=4 rss_kib=11404
RESULT ts=1 interval=38 profile=allocfree events=8 arm=throttled rep=0 used_post=16777216 guard_passed_cum=5 released_cum=4 rss_kib=11404
RESULT ts=1 interval=39 profile=allocfree events=8 arm=throttled rep=0 used_post=16777216 guard_passed_cum=5 released_cum=4 rss_kib=11404
RESULT config=1 profile=allocfree events=8 arm=throttled rep=0 intervals=40 headroom_bytes=16777216 obj_bytes=2097152 decay_interval_ms=100 decay_rate_bp=1000 stride=64 slots=8 prefill_free=8 verified_headroom=16777216 verified_interval_ms=100 config_conflicts_delta=0 used_baseline=33554432 guard_passed_baseline=1 released_baseline=0 rss_baseline_kib=19592 guard_passed_delta=4 headroom_crossed=1 unthrottled_read=1 process_identity=subprocess
RESULT oracle=1 profile=allocfree events=8 arm=throttled rep=0 oracle_pass=1
RESULT ts=1 interval=0 profile=allocfree events=8 arm=unthrottled rep=0 used_post=29360128 guard_passed_cum=17 released_cum=1 rss_kib=17556
RESULT ts=1 interval=1 profile=allocfree events=8 arm=unthrottled rep=0 used_post=25165824 guard_passed_cum=33 released_cum=2 rss_kib=15508
RESULT ts=1 interval=2 profile=allocfree events=8 arm=unthrottled rep=0 used_post=20971520 guard_passed_cum=49 released_cum=3 rss_kib=13456
RESULT ts=1 interval=3 profile=allocfree events=8 arm=unthrottled rep=0 used_post=16777216 guard_passed_cum=65 released_cum=4 rss_kib=11404
RESULT ts=1 interval=4 profile=allocfree events=8 arm=unthrottled rep=0 used_post=16777216 guard_passed_cum=81 released_cum=4 rss_kib=11404
RESULT ts=1 interval=5 profile=allocfree events=8 arm=unthrottled rep=0 used_post=16777216 guard_passed_cum=97 released_cum=4 rss_kib=11404
RESULT ts=1 interval=6 profile=allocfree events=8 arm=unthrottled rep=0 used_post=16777216 guard_passed_cum=113 released_cum=4 rss_kib=11404
RESULT ts=1 interval=7 profile=allocfree events=8 arm=unthrottled rep=0 used_post=16777216 guard_passed_cum=129 released_cum=4 rss_kib=11404
RESULT ts=1 interval=8 profile=allocfree events=8 arm=unthrottled rep=0 used_post=16777216 guard_passed_cum=145 released_cum=4 rss_kib=11404
RESULT ts=1 interval=9 profile=allocfree events=8 arm=unthrottled rep=0 used_post=16777216 guard_passed_cum=161 released_cum=4 rss_kib=11404
RESULT ts=1 interval=10 profile=allocfree events=8 arm=unthrottled rep=0 used_post=16777216 guard_passed_cum=177 released_cum=4 rss_kib=11404
RESULT ts=1 interval=11 profile=allocfree events=8 arm=unthrottled rep=0 used_post=16777216 guard_passed_cum=193 released_cum=4 rss_kib=11404
RESULT ts=1 interval=12 profile=allocfree events=8 arm=unthrottled rep=0 used_post=16777216 guard_passed_cum=209 released_cum=4 rss_kib=11404
RESULT ts=1 interval=13 profile=allocfree events=8 arm=unthrottled rep=0 used_post=16777216 guard_passed_cum=225 released_cum=4 rss_kib=11404
RESULT ts=1 interval=14 profile=allocfree events=8 arm=unthrottled rep=0 used_post=16777216 guard_passed_cum=241 released_cum=4 rss_kib=11404
RESULT ts=1 interval=15 profile=allocfree events=8 arm=unthrottled rep=0 used_post=16777216 guard_passed_cum=257 released_cum=4 rss_kib=11404
RESULT ts=1 interval=16 profile=allocfree events=8 arm=unthrottled rep=0 used_post=16777216 guard_passed_cum=273 released_cum=4 rss_kib=11404
RESULT ts=1 interval=17 profile=allocfree events=8 arm=unthrottled rep=0 used_post=16777216 guard_passed_cum=289 released_cum=4 rss_kib=11404
RESULT ts=1 interval=18 profile=allocfree events=8 arm=unthrottled rep=0 used_post=16777216 guard_passed_cum=305 released_cum=4 rss_kib=11404
RESULT ts=1 interval=19 profile=allocfree events=8 arm=unthrottled rep=0 used_post=16777216 guard_passed_cum=321 released_cum=4 rss_kib=11404
RESULT ts=1 interval=20 profile=allocfree events=8 arm=unthrottled rep=0 used_post=16777216 guard_passed_cum=337 released_cum=4 rss_kib=11404
RESULT ts=1 interval=21 profile=allocfree events=8 arm=unthrottled rep=0 used_post=16777216 guard_passed_cum=353 released_cum=4 rss_kib=11404
RESULT ts=1 interval=22 profile=allocfree events=8 arm=unthrottled rep=0 used_post=16777216 guard_passed_cum=369 released_cum=4 rss_kib=11404
RESULT ts=1 interval=23 profile=allocfree events=8 arm=unthrottled rep=0 used_post=16777216 guard_passed_cum=385 released_cum=4 rss_kib=11404
RESULT ts=1 interval=24 profile=allocfree events=8 arm=unthrottled rep=0 used_post=16777216 guard_passed_cum=401 released_cum=4 rss_kib=11404
RESULT ts=1 interval=25 profile=allocfree events=8 arm=unthrottled rep=0 used_post=16777216 guard_passed_cum=417 released_cum=4 rss_kib=11404
RESULT ts=1 interval=26 profile=allocfree events=8 arm=unthrottled rep=0 used_post=16777216 guard_passed_cum=433 released_cum=4 rss_kib=11404
RESULT ts=1 interval=27 profile=allocfree events=8 arm=unthrottled rep=0 used_post=16777216 guard_passed_cum=449 released_cum=4 rss_kib=11404
RESULT ts=1 interval=28 profile=allocfree events=8 arm=unthrottled rep=0 used_post=16777216 guard_passed_cum=465 released_cum=4 rss_kib=11404
RESULT ts=1 interval=29 profile=allocfree events=8 arm=unthrottled rep=0 used_post=16777216 guard_passed_cum=481 released_cum=4 rss_kib=11404
RESULT ts=1 interval=30 profile=allocfree events=8 arm=unthrottled rep=0 used_post=16777216 guard_passed_cum=497 released_cum=4 rss_kib=11404
RESULT ts=1 interval=31 profile=allocfree events=8 arm=unthrottled rep=0 used_post=16777216 guard_passed_cum=513 released_cum=4 rss_kib=11404
RESULT ts=1 interval=32 profile=allocfree events=8 arm=unthrottled rep=0 used_post=16777216 guard_passed_cum=529 released_cum=4 rss_kib=11404
RESULT ts=1 interval=33 profile=allocfree events=8 arm=unthrottled rep=0 used_post=16777216 guard_passed_cum=545 released_cum=4 rss_kib=11404
RESULT ts=1 interval=34 profile=allocfree events=8 arm=unthrottled rep=0 used_post=16777216 guard_passed_cum=561 released_cum=4 rss_kib=11404
RESULT ts=1 interval=35 profile=allocfree events=8 arm=unthrottled rep=0 used_post=16777216 guard_passed_cum=577 released_cum=4 rss_kib=11404
RESULT ts=1 interval=36 profile=allocfree events=8 arm=unthrottled rep=0 used_post=16777216 guard_passed_cum=593 released_cum=4 rss_kib=11404
RESULT ts=1 interval=37 profile=allocfree events=8 arm=unthrottled rep=0 used_post=16777216 guard_passed_cum=609 released_cum=4 rss_kib=11404
RESULT ts=1 interval=38 profile=allocfree events=8 arm=unthrottled rep=0 used_post=16777216 guard_passed_cum=625 released_cum=4 rss_kib=11404
RESULT ts=1 interval=39 profile=allocfree events=8 arm=unthrottled rep=0 used_post=16777216 guard_passed_cum=641 released_cum=4 rss_kib=11404
RESULT config=1 profile=allocfree events=8 arm=unthrottled rep=0 intervals=40 headroom_bytes=16777216 obj_bytes=2097152 decay_interval_ms=100 decay_rate_bp=1000 stride=64 slots=8 prefill_free=8 verified_headroom=16777216 verified_interval_ms=100 config_conflicts_delta=0 used_baseline=33554432 guard_passed_baseline=1 released_baseline=0 rss_baseline_kib=19592 guard_passed_delta=640 headroom_crossed=1 unthrottled_read=1 process_identity=subprocess
RESULT oracle=1 profile=allocfree events=8 arm=unthrottled rep=0 oracle_pass=1
RESULT ts=1 interval=0 profile=deallocate events=8 arm=throttled rep=0 used_post=33554432 guard_passed_cum=1 released_cum=5 rss_kib=659840
RESULT ts=1 interval=1 profile=deallocate events=8 arm=throttled rep=0 used_post=33554432 guard_passed_cum=1 released_cum=13 rss_kib=643428
RESULT ts=1 interval=2 profile=deallocate events=8 arm=throttled rep=0 used_post=33554432 guard_passed_cum=1 released_cum=21 rss_kib=627012
RESULT ts=1 interval=3 profile=deallocate events=8 arm=throttled rep=0 used_post=33554432 guard_passed_cum=1 released_cum=29 rss_kib=610596
RESULT ts=1 interval=4 profile=deallocate events=8 arm=throttled rep=0 used_post=33554432 guard_passed_cum=1 released_cum=37 rss_kib=594180
RESULT ts=1 interval=5 profile=deallocate events=8 arm=throttled rep=0 used_post=33554432 guard_passed_cum=1 released_cum=45 rss_kib=577764
RESULT ts=1 interval=6 profile=deallocate events=8 arm=throttled rep=0 used_post=33554432 guard_passed_cum=1 released_cum=53 rss_kib=561348
RESULT ts=1 interval=7 profile=deallocate events=8 arm=throttled rep=0 used_post=33554432 guard_passed_cum=1 released_cum=61 rss_kib=544932
RESULT ts=1 interval=8 profile=deallocate events=8 arm=throttled rep=0 used_post=33554432 guard_passed_cum=2 released_cum=69 rss_kib=528516
RESULT ts=1 interval=9 profile=deallocate events=8 arm=throttled rep=0 used_post=33554432 guard_passed_cum=2 released_cum=77 rss_kib=512100
RESULT ts=1 interval=10 profile=deallocate events=8 arm=throttled rep=0 used_post=33554432 guard_passed_cum=2 released_cum=85 rss_kib=495684
RESULT ts=1 interval=11 profile=deallocate events=8 arm=throttled rep=0 used_post=33554432 guard_passed_cum=2 released_cum=93 rss_kib=479268
RESULT ts=1 interval=12 profile=deallocate events=8 arm=throttled rep=0 used_post=33554432 guard_passed_cum=2 released_cum=101 rss_kib=462852
RESULT ts=1 interval=13 profile=deallocate events=8 arm=throttled rep=0 used_post=33554432 guard_passed_cum=2 released_cum=109 rss_kib=446436
RESULT ts=1 interval=14 profile=deallocate events=8 arm=throttled rep=0 used_post=33554432 guard_passed_cum=2 released_cum=117 rss_kib=430020
RESULT ts=1 interval=15 profile=deallocate events=8 arm=throttled rep=0 used_post=33554432 guard_passed_cum=2 released_cum=125 rss_kib=413604
RESULT ts=1 interval=16 profile=deallocate events=8 arm=throttled rep=0 used_post=33554432 guard_passed_cum=3 released_cum=133 rss_kib=397188
RESULT ts=1 interval=17 profile=deallocate events=8 arm=throttled rep=0 used_post=33554432 guard_passed_cum=3 released_cum=141 rss_kib=380772
RESULT ts=1 interval=18 profile=deallocate events=8 arm=throttled rep=0 used_post=33554432 guard_passed_cum=3 released_cum=149 rss_kib=364356
RESULT ts=1 interval=19 profile=deallocate events=8 arm=throttled rep=0 used_post=33554432 guard_passed_cum=3 released_cum=157 rss_kib=347940
RESULT ts=1 interval=20 profile=deallocate events=8 arm=throttled rep=0 used_post=33554432 guard_passed_cum=3 released_cum=165 rss_kib=331524
RESULT ts=1 interval=21 profile=deallocate events=8 arm=throttled rep=0 used_post=33554432 guard_passed_cum=3 released_cum=173 rss_kib=315108
RESULT ts=1 interval=22 profile=deallocate events=8 arm=throttled rep=0 used_post=33554432 guard_passed_cum=3 released_cum=181 rss_kib=298692
RESULT ts=1 interval=23 profile=deallocate events=8 arm=throttled rep=0 used_post=33554432 guard_passed_cum=3 released_cum=189 rss_kib=282276
RESULT ts=1 interval=24 profile=deallocate events=8 arm=throttled rep=0 used_post=33554432 guard_passed_cum=4 released_cum=197 rss_kib=265860
RESULT ts=1 interval=25 profile=deallocate events=8 arm=throttled rep=0 used_post=33554432 guard_passed_cum=4 released_cum=205 rss_kib=249444
RESULT ts=1 interval=26 profile=deallocate events=8 arm=throttled rep=0 used_post=33554432 guard_passed_cum=4 released_cum=213 rss_kib=233028
RESULT ts=1 interval=27 profile=deallocate events=8 arm=throttled rep=0 used_post=33554432 guard_passed_cum=4 released_cum=221 rss_kib=216612
RESULT ts=1 interval=28 profile=deallocate events=8 arm=throttled rep=0 used_post=33554432 guard_passed_cum=4 released_cum=229 rss_kib=200196
RESULT ts=1 interval=29 profile=deallocate events=8 arm=throttled rep=0 used_post=33554432 guard_passed_cum=4 released_cum=237 rss_kib=183780
RESULT ts=1 interval=30 profile=deallocate events=8 arm=throttled rep=0 used_post=33554432 guard_passed_cum=4 released_cum=245 rss_kib=167364
RESULT ts=1 interval=31 profile=deallocate events=8 arm=throttled rep=0 used_post=33554432 guard_passed_cum=4 released_cum=253 rss_kib=150948
RESULT ts=1 interval=32 profile=deallocate events=8 arm=throttled rep=0 used_post=33554432 guard_passed_cum=5 released_cum=261 rss_kib=134532
RESULT ts=1 interval=33 profile=deallocate events=8 arm=throttled rep=0 used_post=33554432 guard_passed_cum=5 released_cum=269 rss_kib=118116
RESULT ts=1 interval=34 profile=deallocate events=8 arm=throttled rep=0 used_post=33554432 guard_passed_cum=5 released_cum=277 rss_kib=101700
RESULT ts=1 interval=35 profile=deallocate events=8 arm=throttled rep=0 used_post=33554432 guard_passed_cum=5 released_cum=285 rss_kib=85284
RESULT ts=1 interval=36 profile=deallocate events=8 arm=throttled rep=0 used_post=33554432 guard_passed_cum=5 released_cum=293 rss_kib=68868
RESULT ts=1 interval=37 profile=deallocate events=8 arm=throttled rep=0 used_post=33554432 guard_passed_cum=5 released_cum=301 rss_kib=52452
RESULT ts=1 interval=38 profile=deallocate events=8 arm=throttled rep=0 used_post=33554432 guard_passed_cum=5 released_cum=309 rss_kib=36036
RESULT ts=1 interval=39 profile=deallocate events=8 arm=throttled rep=0 used_post=33554432 guard_passed_cum=5 released_cum=317 rss_kib=19620
RESULT config=1 profile=deallocate events=8 arm=throttled rep=0 intervals=40 headroom_bytes=16777216 obj_bytes=2097152 decay_interval_ms=100 decay_rate_bp=1000 stride=64 slots=8 prefill_free=5 verified_headroom=16777216 verified_interval_ms=100 config_conflicts_delta=0 used_baseline=20971520 guard_passed_baseline=0 released_baseline=0 rss_baseline_kib=670076 guard_passed_delta=5 headroom_crossed=1 unthrottled_read=1 process_identity=subprocess
RESULT oracle=1 profile=deallocate events=8 arm=throttled rep=0 oracle_pass=1
RESULT ts=1 interval=0 profile=deallocate events=8 arm=unthrottled rep=0 used_post=33554432 guard_passed_cum=8 released_cum=5 rss_kib=659832
RESULT ts=1 interval=1 profile=deallocate events=8 arm=unthrottled rep=0 used_post=33554432 guard_passed_cum=16 released_cum=13 rss_kib=643420
RESULT ts=1 interval=2 profile=deallocate events=8 arm=unthrottled rep=0 used_post=33554432 guard_passed_cum=24 released_cum=21 rss_kib=627004
RESULT ts=1 interval=3 profile=deallocate events=8 arm=unthrottled rep=0 used_post=33554432 guard_passed_cum=32 released_cum=29 rss_kib=610588
RESULT ts=1 interval=4 profile=deallocate events=8 arm=unthrottled rep=0 used_post=33554432 guard_passed_cum=40 released_cum=37 rss_kib=594172
RESULT ts=1 interval=5 profile=deallocate events=8 arm=unthrottled rep=0 used_post=33554432 guard_passed_cum=48 released_cum=45 rss_kib=577756
RESULT ts=1 interval=6 profile=deallocate events=8 arm=unthrottled rep=0 used_post=33554432 guard_passed_cum=56 released_cum=53 rss_kib=561340
RESULT ts=1 interval=7 profile=deallocate events=8 arm=unthrottled rep=0 used_post=33554432 guard_passed_cum=64 released_cum=61 rss_kib=544924
RESULT ts=1 interval=8 profile=deallocate events=8 arm=unthrottled rep=0 used_post=33554432 guard_passed_cum=72 released_cum=69 rss_kib=528508
RESULT ts=1 interval=9 profile=deallocate events=8 arm=unthrottled rep=0 used_post=33554432 guard_passed_cum=80 released_cum=77 rss_kib=512092
RESULT ts=1 interval=10 profile=deallocate events=8 arm=unthrottled rep=0 used_post=33554432 guard_passed_cum=88 released_cum=85 rss_kib=495676
RESULT ts=1 interval=11 profile=deallocate events=8 arm=unthrottled rep=0 used_post=33554432 guard_passed_cum=96 released_cum=93 rss_kib=479260
RESULT ts=1 interval=12 profile=deallocate events=8 arm=unthrottled rep=0 used_post=33554432 guard_passed_cum=104 released_cum=101 rss_kib=462844
RESULT ts=1 interval=13 profile=deallocate events=8 arm=unthrottled rep=0 used_post=33554432 guard_passed_cum=112 released_cum=109 rss_kib=446428
RESULT ts=1 interval=14 profile=deallocate events=8 arm=unthrottled rep=0 used_post=33554432 guard_passed_cum=120 released_cum=117 rss_kib=430012
RESULT ts=1 interval=15 profile=deallocate events=8 arm=unthrottled rep=0 used_post=33554432 guard_passed_cum=128 released_cum=125 rss_kib=413596
RESULT ts=1 interval=16 profile=deallocate events=8 arm=unthrottled rep=0 used_post=33554432 guard_passed_cum=136 released_cum=133 rss_kib=397180
RESULT ts=1 interval=17 profile=deallocate events=8 arm=unthrottled rep=0 used_post=33554432 guard_passed_cum=144 released_cum=141 rss_kib=380764
RESULT ts=1 interval=18 profile=deallocate events=8 arm=unthrottled rep=0 used_post=33554432 guard_passed_cum=152 released_cum=149 rss_kib=364348
RESULT ts=1 interval=19 profile=deallocate events=8 arm=unthrottled rep=0 used_post=33554432 guard_passed_cum=160 released_cum=157 rss_kib=347932
RESULT ts=1 interval=20 profile=deallocate events=8 arm=unthrottled rep=0 used_post=33554432 guard_passed_cum=168 released_cum=165 rss_kib=331516
RESULT ts=1 interval=21 profile=deallocate events=8 arm=unthrottled rep=0 used_post=33554432 guard_passed_cum=176 released_cum=173 rss_kib=315100
RESULT ts=1 interval=22 profile=deallocate events=8 arm=unthrottled rep=0 used_post=33554432 guard_passed_cum=184 released_cum=181 rss_kib=298684
RESULT ts=1 interval=23 profile=deallocate events=8 arm=unthrottled rep=0 used_post=33554432 guard_passed_cum=192 released_cum=189 rss_kib=282268
RESULT ts=1 interval=24 profile=deallocate events=8 arm=unthrottled rep=0 used_post=33554432 guard_passed_cum=200 released_cum=197 rss_kib=265852
RESULT ts=1 interval=25 profile=deallocate events=8 arm=unthrottled rep=0 used_post=33554432 guard_passed_cum=208 released_cum=205 rss_kib=249436
RESULT ts=1 interval=26 profile=deallocate events=8 arm=unthrottled rep=0 used_post=33554432 guard_passed_cum=216 released_cum=213 rss_kib=233020
RESULT ts=1 interval=27 profile=deallocate events=8 arm=unthrottled rep=0 used_post=33554432 guard_passed_cum=224 released_cum=221 rss_kib=216604
RESULT ts=1 interval=28 profile=deallocate events=8 arm=unthrottled rep=0 used_post=33554432 guard_passed_cum=232 released_cum=229 rss_kib=200188
RESULT ts=1 interval=29 profile=deallocate events=8 arm=unthrottled rep=0 used_post=33554432 guard_passed_cum=240 released_cum=237 rss_kib=183772
RESULT ts=1 interval=30 profile=deallocate events=8 arm=unthrottled rep=0 used_post=33554432 guard_passed_cum=248 released_cum=245 rss_kib=167356
RESULT ts=1 interval=31 profile=deallocate events=8 arm=unthrottled rep=0 used_post=33554432 guard_passed_cum=256 released_cum=253 rss_kib=150940
RESULT ts=1 interval=32 profile=deallocate events=8 arm=unthrottled rep=0 used_post=33554432 guard_passed_cum=264 released_cum=261 rss_kib=134524
RESULT ts=1 interval=33 profile=deallocate events=8 arm=unthrottled rep=0 used_post=33554432 guard_passed_cum=272 released_cum=269 rss_kib=118108
RESULT ts=1 interval=34 profile=deallocate events=8 arm=unthrottled rep=0 used_post=33554432 guard_passed_cum=280 released_cum=277 rss_kib=101692
RESULT ts=1 interval=35 profile=deallocate events=8 arm=unthrottled rep=0 used_post=33554432 guard_passed_cum=288 released_cum=285 rss_kib=85276
RESULT ts=1 interval=36 profile=deallocate events=8 arm=unthrottled rep=0 used_post=33554432 guard_passed_cum=296 released_cum=293 rss_kib=68860
RESULT ts=1 interval=37 profile=deallocate events=8 arm=unthrottled rep=0 used_post=33554432 guard_passed_cum=304 released_cum=301 rss_kib=52444
RESULT ts=1 interval=38 profile=deallocate events=8 arm=unthrottled rep=0 used_post=33554432 guard_passed_cum=312 released_cum=309 rss_kib=36028
RESULT ts=1 interval=39 profile=deallocate events=8 arm=unthrottled rep=0 used_post=33554432 guard_passed_cum=320 released_cum=317 rss_kib=19612
RESULT config=1 profile=deallocate events=8 arm=unthrottled rep=0 intervals=40 headroom_bytes=16777216 obj_bytes=2097152 decay_interval_ms=100 decay_rate_bp=1000 stride=64 slots=8 prefill_free=5 verified_headroom=16777216 verified_interval_ms=100 config_conflicts_delta=0 used_baseline=20971520 guard_passed_baseline=0 released_baseline=0 rss_baseline_kib=670068 guard_passed_delta=320 headroom_crossed=1 unthrottled_read=1 process_identity=subprocess
RESULT oracle=1 profile=deallocate events=8 arm=unthrottled rep=0 oracle_pass=1
RESULT ts=1 interval=0 profile=allocate events=8 arm=throttled rep=0 used_post=0 guard_passed_cum=1 released_cum=0 rss_kib=19584
RESULT ts=1 interval=1 profile=allocate events=8 arm=throttled rep=0 used_post=0 guard_passed_cum=1 released_cum=0 rss_kib=19620
RESULT ts=1 interval=2 profile=allocate events=8 arm=throttled rep=0 used_post=0 guard_passed_cum=1 released_cum=0 rss_kib=19652
RESULT ts=1 interval=3 profile=allocate events=8 arm=throttled rep=0 used_post=0 guard_passed_cum=1 released_cum=0 rss_kib=19684
RESULT ts=1 interval=4 profile=allocate events=8 arm=throttled rep=0 used_post=0 guard_passed_cum=1 released_cum=0 rss_kib=19716
RESULT ts=1 interval=5 profile=allocate events=8 arm=throttled rep=0 used_post=0 guard_passed_cum=1 released_cum=0 rss_kib=19748
RESULT ts=1 interval=6 profile=allocate events=8 arm=throttled rep=0 used_post=0 guard_passed_cum=1 released_cum=0 rss_kib=19780
RESULT ts=1 interval=7 profile=allocate events=8 arm=throttled rep=0 used_post=0 guard_passed_cum=1 released_cum=0 rss_kib=19812
RESULT ts=1 interval=8 profile=allocate events=8 arm=throttled rep=0 used_post=0 guard_passed_cum=1 released_cum=0 rss_kib=19844
RESULT ts=1 interval=9 profile=allocate events=8 arm=throttled rep=0 used_post=0 guard_passed_cum=1 released_cum=0 rss_kib=19876
RESULT ts=1 interval=10 profile=allocate events=8 arm=throttled rep=0 used_post=0 guard_passed_cum=1 released_cum=0 rss_kib=19908
RESULT ts=1 interval=11 profile=allocate events=8 arm=throttled rep=0 used_post=0 guard_passed_cum=1 released_cum=0 rss_kib=19940
RESULT ts=1 interval=12 profile=allocate events=8 arm=throttled rep=0 used_post=0 guard_passed_cum=1 released_cum=0 rss_kib=19972
RESULT ts=1 interval=13 profile=allocate events=8 arm=throttled rep=0 used_post=0 guard_passed_cum=1 released_cum=0 rss_kib=20004
RESULT ts=1 interval=14 profile=allocate events=8 arm=throttled rep=0 used_post=0 guard_passed_cum=1 released_cum=0 rss_kib=20036
RESULT ts=1 interval=15 profile=allocate events=8 arm=throttled rep=0 used_post=0 guard_passed_cum=1 released_cum=0 rss_kib=20068
RESULT ts=1 interval=16 profile=allocate events=8 arm=throttled rep=0 used_post=0 guard_passed_cum=1 released_cum=0 rss_kib=20100
RESULT ts=1 interval=17 profile=allocate events=8 arm=throttled rep=0 used_post=0 guard_passed_cum=1 released_cum=0 rss_kib=20132
RESULT ts=1 interval=18 profile=allocate events=8 arm=throttled rep=0 used_post=0 guard_passed_cum=1 released_cum=0 rss_kib=20164
RESULT ts=1 interval=19 profile=allocate events=8 arm=throttled rep=0 used_post=0 guard_passed_cum=1 released_cum=0 rss_kib=20196
RESULT ts=1 interval=20 profile=allocate events=8 arm=throttled rep=0 used_post=0 guard_passed_cum=1 released_cum=0 rss_kib=20228
RESULT ts=1 interval=21 profile=allocate events=8 arm=throttled rep=0 used_post=0 guard_passed_cum=1 released_cum=0 rss_kib=20260
RESULT ts=1 interval=22 profile=allocate events=8 arm=throttled rep=0 used_post=0 guard_passed_cum=1 released_cum=0 rss_kib=20292
RESULT ts=1 interval=23 profile=allocate events=8 arm=throttled rep=0 used_post=0 guard_passed_cum=1 released_cum=0 rss_kib=20324
RESULT ts=1 interval=24 profile=allocate events=8 arm=throttled rep=0 used_post=0 guard_passed_cum=1 released_cum=0 rss_kib=20356
RESULT ts=1 interval=25 profile=allocate events=8 arm=throttled rep=0 used_post=0 guard_passed_cum=1 released_cum=0 rss_kib=20388
RESULT ts=1 interval=26 profile=allocate events=8 arm=throttled rep=0 used_post=0 guard_passed_cum=1 released_cum=0 rss_kib=20420
RESULT ts=1 interval=27 profile=allocate events=8 arm=throttled rep=0 used_post=0 guard_passed_cum=1 released_cum=0 rss_kib=20452
RESULT ts=1 interval=28 profile=allocate events=8 arm=throttled rep=0 used_post=0 guard_passed_cum=1 released_cum=0 rss_kib=20484
RESULT ts=1 interval=29 profile=allocate events=8 arm=throttled rep=0 used_post=0 guard_passed_cum=1 released_cum=0 rss_kib=20516
RESULT ts=1 interval=30 profile=allocate events=8 arm=throttled rep=0 used_post=0 guard_passed_cum=1 released_cum=0 rss_kib=20548
RESULT ts=1 interval=31 profile=allocate events=8 arm=throttled rep=0 used_post=0 guard_passed_cum=1 released_cum=0 rss_kib=20588
RESULT ts=1 interval=32 profile=allocate events=8 arm=throttled rep=0 used_post=0 guard_passed_cum=1 released_cum=0 rss_kib=20620
RESULT ts=1 interval=33 profile=allocate events=8 arm=throttled rep=0 used_post=0 guard_passed_cum=1 released_cum=0 rss_kib=20652
RESULT ts=1 interval=34 profile=allocate events=8 arm=throttled rep=0 used_post=0 guard_passed_cum=1 released_cum=0 rss_kib=20684
RESULT ts=1 interval=35 profile=allocate events=8 arm=throttled rep=0 used_post=0 guard_passed_cum=1 released_cum=0 rss_kib=20716
RESULT ts=1 interval=36 profile=allocate events=8 arm=throttled rep=0 used_post=0 guard_passed_cum=1 released_cum=0 rss_kib=20748
RESULT ts=1 interval=37 profile=allocate events=8 arm=throttled rep=0 used_post=0 guard_passed_cum=1 released_cum=0 rss_kib=20780
RESULT ts=1 interval=38 profile=allocate events=8 arm=throttled rep=0 used_post=0 guard_passed_cum=1 released_cum=0 rss_kib=20812
RESULT ts=1 interval=39 profile=allocate events=8 arm=throttled rep=0 used_post=0 guard_passed_cum=1 released_cum=0 rss_kib=20844
RESULT config=1 profile=allocate events=8 arm=throttled rep=0 intervals=40 headroom_bytes=16777216 obj_bytes=2097152 decay_interval_ms=100 decay_rate_bp=1000 stride=64 slots=8 prefill_free=8 verified_headroom=16777216 verified_interval_ms=100 config_conflicts_delta=0 used_baseline=33554432 guard_passed_baseline=1 released_baseline=0 rss_baseline_kib=19572 guard_passed_delta=0 headroom_crossed=1 unthrottled_read=1 process_identity=subprocess
RESULT oracle=1 profile=allocate events=8 arm=throttled rep=0 oracle_pass=1
RESULT ts=1 interval=0 profile=allocate events=8 arm=unthrottled rep=0 used_post=0 guard_passed_cum=9 released_cum=1 rss_kib=17564
RESULT ts=1 interval=1 profile=allocate events=8 arm=unthrottled rep=0 used_post=0 guard_passed_cum=17 released_cum=1 rss_kib=17600
RESULT ts=1 interval=2 profile=allocate events=8 arm=unthrottled rep=0 used_post=0 guard_passed_cum=25 released_cum=1 rss_kib=17632
RESULT ts=1 interval=3 profile=allocate events=8 arm=unthrottled rep=0 used_post=0 guard_passed_cum=33 released_cum=1 rss_kib=17664
RESULT ts=1 interval=4 profile=allocate events=8 arm=unthrottled rep=0 used_post=0 guard_passed_cum=41 released_cum=1 rss_kib=17696
RESULT ts=1 interval=5 profile=allocate events=8 arm=unthrottled rep=0 used_post=0 guard_passed_cum=49 released_cum=1 rss_kib=17728
RESULT ts=1 interval=6 profile=allocate events=8 arm=unthrottled rep=0 used_post=0 guard_passed_cum=57 released_cum=1 rss_kib=17760
RESULT ts=1 interval=7 profile=allocate events=8 arm=unthrottled rep=0 used_post=0 guard_passed_cum=65 released_cum=1 rss_kib=17792
RESULT ts=1 interval=8 profile=allocate events=8 arm=unthrottled rep=0 used_post=0 guard_passed_cum=73 released_cum=1 rss_kib=17824
RESULT ts=1 interval=9 profile=allocate events=8 arm=unthrottled rep=0 used_post=0 guard_passed_cum=81 released_cum=1 rss_kib=17856
RESULT ts=1 interval=10 profile=allocate events=8 arm=unthrottled rep=0 used_post=0 guard_passed_cum=89 released_cum=1 rss_kib=17888
RESULT ts=1 interval=11 profile=allocate events=8 arm=unthrottled rep=0 used_post=0 guard_passed_cum=97 released_cum=1 rss_kib=17920
RESULT ts=1 interval=12 profile=allocate events=8 arm=unthrottled rep=0 used_post=0 guard_passed_cum=105 released_cum=1 rss_kib=17952
RESULT ts=1 interval=13 profile=allocate events=8 arm=unthrottled rep=0 used_post=0 guard_passed_cum=113 released_cum=1 rss_kib=17984
RESULT ts=1 interval=14 profile=allocate events=8 arm=unthrottled rep=0 used_post=0 guard_passed_cum=121 released_cum=1 rss_kib=18016
RESULT ts=1 interval=15 profile=allocate events=8 arm=unthrottled rep=0 used_post=0 guard_passed_cum=129 released_cum=1 rss_kib=18048
RESULT ts=1 interval=16 profile=allocate events=8 arm=unthrottled rep=0 used_post=0 guard_passed_cum=137 released_cum=1 rss_kib=18080
RESULT ts=1 interval=17 profile=allocate events=8 arm=unthrottled rep=0 used_post=0 guard_passed_cum=145 released_cum=1 rss_kib=18112
RESULT ts=1 interval=18 profile=allocate events=8 arm=unthrottled rep=0 used_post=0 guard_passed_cum=153 released_cum=1 rss_kib=18144
RESULT ts=1 interval=19 profile=allocate events=8 arm=unthrottled rep=0 used_post=0 guard_passed_cum=161 released_cum=1 rss_kib=18176
RESULT ts=1 interval=20 profile=allocate events=8 arm=unthrottled rep=0 used_post=0 guard_passed_cum=169 released_cum=1 rss_kib=18208
RESULT ts=1 interval=21 profile=allocate events=8 arm=unthrottled rep=0 used_post=0 guard_passed_cum=177 released_cum=1 rss_kib=18240
RESULT ts=1 interval=22 profile=allocate events=8 arm=unthrottled rep=0 used_post=0 guard_passed_cum=185 released_cum=1 rss_kib=18272
RESULT ts=1 interval=23 profile=allocate events=8 arm=unthrottled rep=0 used_post=0 guard_passed_cum=193 released_cum=1 rss_kib=18304
RESULT ts=1 interval=24 profile=allocate events=8 arm=unthrottled rep=0 used_post=0 guard_passed_cum=201 released_cum=1 rss_kib=18336
RESULT ts=1 interval=25 profile=allocate events=8 arm=unthrottled rep=0 used_post=0 guard_passed_cum=209 released_cum=1 rss_kib=18368
RESULT ts=1 interval=26 profile=allocate events=8 arm=unthrottled rep=0 used_post=0 guard_passed_cum=217 released_cum=1 rss_kib=18400
RESULT ts=1 interval=27 profile=allocate events=8 arm=unthrottled rep=0 used_post=0 guard_passed_cum=225 released_cum=1 rss_kib=18432
RESULT ts=1 interval=28 profile=allocate events=8 arm=unthrottled rep=0 used_post=0 guard_passed_cum=233 released_cum=1 rss_kib=18464
RESULT ts=1 interval=29 profile=allocate events=8 arm=unthrottled rep=0 used_post=0 guard_passed_cum=241 released_cum=1 rss_kib=18496
RESULT ts=1 interval=30 profile=allocate events=8 arm=unthrottled rep=0 used_post=0 guard_passed_cum=249 released_cum=1 rss_kib=18528
RESULT ts=1 interval=31 profile=allocate events=8 arm=unthrottled rep=0 used_post=0 guard_passed_cum=257 released_cum=1 rss_kib=18568
RESULT ts=1 interval=32 profile=allocate events=8 arm=unthrottled rep=0 used_post=0 guard_passed_cum=265 released_cum=1 rss_kib=18600
RESULT ts=1 interval=33 profile=allocate events=8 arm=unthrottled rep=0 used_post=0 guard_passed_cum=273 released_cum=1 rss_kib=18632
RESULT ts=1 interval=34 profile=allocate events=8 arm=unthrottled rep=0 used_post=0 guard_passed_cum=281 released_cum=1 rss_kib=18664
RESULT ts=1 interval=35 profile=allocate events=8 arm=unthrottled rep=0 used_post=0 guard_passed_cum=289 released_cum=1 rss_kib=18696
RESULT ts=1 interval=36 profile=allocate events=8 arm=unthrottled rep=0 used_post=0 guard_passed_cum=297 released_cum=1 rss_kib=18728
RESULT ts=1 interval=37 profile=allocate events=8 arm=unthrottled rep=0 used_post=0 guard_passed_cum=305 released_cum=1 rss_kib=18760
RESULT ts=1 interval=38 profile=allocate events=8 arm=unthrottled rep=0 used_post=0 guard_passed_cum=313 released_cum=1 rss_kib=18792
RESULT ts=1 interval=39 profile=allocate events=8 arm=unthrottled rep=0 used_post=0 guard_passed_cum=321 released_cum=1 rss_kib=18824
RESULT config=1 profile=allocate events=8 arm=unthrottled rep=0 intervals=40 headroom_bytes=16777216 obj_bytes=2097152 decay_interval_ms=100 decay_rate_bp=1000 stride=64 slots=8 prefill_free=8 verified_headroom=16777216 verified_interval_ms=100 config_conflicts_delta=0 used_baseline=33554432 guard_passed_baseline=1 released_baseline=0 rss_baseline_kib=19596 guard_passed_delta=320 headroom_crossed=1 unthrottled_read=1 process_identity=subprocess
RESULT oracle=1 profile=allocate events=8 arm=unthrottled rep=0 oracle_pass=1

=== all children complete; per-interval time series + config/oracle lines above are the raw per-sample data the derive script (scripts/r34_10_sparse_decay_summary.mjs) turns into the summary CSV + report tables ===
