"kind","name","arm","sample","statistic","value","numerator","denominator","threshold_ir","verdict","base_sha","features","detail"
"iai","realloc_large_shrink_8_to_6mib","A1","","ir","15424053","","","12","NO-GO","549d07b648ad48ee8e9d929bfec40157626a80b8","production bench-internals internals","027dd1490498486085e6588f83c525eb92c93dc3aaae44de45fd216760df9446"
"iai","realloc_large_shrink_8_to_6mib","A1","","l1","30116275","","","12","NO-GO","549d07b648ad48ee8e9d929bfec40157626a80b8","production bench-internals internals","027dd1490498486085e6588f83c525eb92c93dc3aaae44de45fd216760df9446"
"iai","realloc_large_shrink_8_to_6mib","A1","","l2","49138","","","12","NO-GO","549d07b648ad48ee8e9d929bfec40157626a80b8","production bench-internals internals","027dd1490498486085e6588f83c525eb92c93dc3aaae44de45fd216760df9446"
"iai","realloc_large_shrink_8_to_6mib","A1","","ram","378321","","","12","NO-GO","549d07b648ad48ee8e9d929bfec40157626a80b8","production bench-internals internals","027dd1490498486085e6588f83c525eb92c93dc3aaae44de45fd216760df9446"
"iai","realloc_large_shrink_8_to_6mib","A1","","total","30543734","","","12","NO-GO","549d07b648ad48ee8e9d929bfec40157626a80b8","production bench-internals internals","027dd1490498486085e6588f83c525eb92c93dc3aaae44de45fd216760df9446"
"iai","realloc_large_shrink_8_to_6mib","A1","","est","43603200","","","12","NO-GO","549d07b648ad48ee8e9d929bfec40157626a80b8","production bench-internals internals","027dd1490498486085e6588f83c525eb92c93dc3aaae44de45fd216760df9446"
"iai","realloc_large_shrink_8_to_6mib","C0","","ir","15424041","","","12","NO-GO","549d07b648ad48ee8e9d929bfec40157626a80b8","production bench-internals internals","a8492c1cf0521facdc4c7045f3abcd455fbf1975b9ea80f8d18917195e067464"
"iai","realloc_large_shrink_8_to_6mib","C0","","l1","30116257","","","12","NO-GO","549d07b648ad48ee8e9d929bfec40157626a80b8","production bench-internals internals","a8492c1cf0521facdc4c7045f3abcd455fbf1975b9ea80f8d18917195e067464"
"iai","realloc_large_shrink_8_to_6mib","C0","","l2","49137","","","12","NO-GO","549d07b648ad48ee8e9d929bfec40157626a80b8","production bench-internals internals","a8492c1cf0521facdc4c7045f3abcd455fbf1975b9ea80f8d18917195e067464"
"iai","realloc_large_shrink_8_to_6mib","C0","","ram","378320","","","12","NO-GO","549d07b648ad48ee8e9d929bfec40157626a80b8","production bench-internals internals","a8492c1cf0521facdc4c7045f3abcd455fbf1975b9ea80f8d18917195e067464"
"iai","realloc_large_shrink_8_to_6mib","C0","","total","30543714","","","12","NO-GO","549d07b648ad48ee8e9d929bfec40157626a80b8","production bench-internals internals","a8492c1cf0521facdc4c7045f3abcd455fbf1975b9ea80f8d18917195e067464"
"iai","realloc_large_shrink_8_to_6mib","C0","","est","43603142","","","12","NO-GO","549d07b648ad48ee8e9d929bfec40157626a80b8","production bench-internals internals","a8492c1cf0521facdc4c7045f3abcd455fbf1975b9ea80f8d18917195e067464"
"iai","realloc_large_shrink_8_to_6mib","B1","","ir","14729652","","","12","NO-GO","549d07b648ad48ee8e9d929bfec40157626a80b8","production bench-internals internals","8dae55b9cdf5aa5de26a596110ccb1a5c7fed7e88cf16a0c3d3ecb3d0929f148"
"iai","realloc_large_shrink_8_to_6mib","B1","","l1","29224516","","","12","NO-GO","549d07b648ad48ee8e9d929bfec40157626a80b8","production bench-internals internals","8dae55b9cdf5aa5de26a596110ccb1a5c7fed7e88cf16a0c3d3ecb3d0929f148"
"iai","realloc_large_shrink_8_to_6mib","B1","","l2","98031","","","12","NO-GO","549d07b648ad48ee8e9d929bfec40157626a80b8","production bench-internals internals","8dae55b9cdf5aa5de26a596110ccb1a5c7fed7e88cf16a0c3d3ecb3d0929f148"
"iai","realloc_large_shrink_8_to_6mib","B1","","ram","132673","","","12","NO-GO","549d07b648ad48ee8e9d929bfec40157626a80b8","production bench-internals internals","8dae55b9cdf5aa5de26a596110ccb1a5c7fed7e88cf16a0c3d3ecb3d0929f148"
"iai","realloc_large_shrink_8_to_6mib","B1","","total","29455220","","","12","NO-GO","549d07b648ad48ee8e9d929bfec40157626a80b8","production bench-internals internals","8dae55b9cdf5aa5de26a596110ccb1a5c7fed7e88cf16a0c3d3ecb3d0929f148"
"iai","realloc_large_shrink_8_to_6mib","B1","","est","34358226","","","12","NO-GO","549d07b648ad48ee8e9d929bfec40157626a80b8","production bench-internals internals","8dae55b9cdf5aa5de26a596110ccb1a5c7fed7e88cf16a0c3d3ecb3d0929f148"
"iai","realloc_large_shrink_8_to_6mib_prefix","A1","","ir","8437961","","","12","NO-GO","549d07b648ad48ee8e9d929bfec40157626a80b8","production bench-internals internals","027dd1490498486085e6588f83c525eb92c93dc3aaae44de45fd216760df9446"
"iai","realloc_large_shrink_8_to_6mib_prefix","A1","","l1","16739620","","","12","NO-GO","549d07b648ad48ee8e9d929bfec40157626a80b8","production bench-internals internals","027dd1490498486085e6588f83c525eb92c93dc3aaae44de45fd216760df9446"
"iai","realloc_large_shrink_8_to_6mib_prefix","A1","","l2","163","","","12","NO-GO","549d07b648ad48ee8e9d929bfec40157626a80b8","production bench-internals internals","027dd1490498486085e6588f83c525eb92c93dc3aaae44de45fd216760df9446"
"iai","realloc_large_shrink_8_to_6mib_prefix","A1","","ram","132201","","","12","NO-GO","549d07b648ad48ee8e9d929bfec40157626a80b8","production bench-internals internals","027dd1490498486085e6588f83c525eb92c93dc3aaae44de45fd216760df9446"
"iai","realloc_large_shrink_8_to_6mib_prefix","A1","","total","16871984","","","12","NO-GO","549d07b648ad48ee8e9d929bfec40157626a80b8","production bench-internals internals","027dd1490498486085e6588f83c525eb92c93dc3aaae44de45fd216760df9446"
"iai","realloc_large_shrink_8_to_6mib_prefix","A1","","est","21367470","","","12","NO-GO","549d07b648ad48ee8e9d929bfec40157626a80b8","production bench-internals internals","027dd1490498486085e6588f83c525eb92c93dc3aaae44de45fd216760df9446"
"iai","realloc_large_shrink_8_to_6mib_prefix","C0","","ir","8437961","","","12","NO-GO","549d07b648ad48ee8e9d929bfec40157626a80b8","production bench-internals internals","a8492c1cf0521facdc4c7045f3abcd455fbf1975b9ea80f8d18917195e067464"
"iai","realloc_large_shrink_8_to_6mib_prefix","C0","","l1","16739620","","","12","NO-GO","549d07b648ad48ee8e9d929bfec40157626a80b8","production bench-internals internals","a8492c1cf0521facdc4c7045f3abcd455fbf1975b9ea80f8d18917195e067464"
"iai","realloc_large_shrink_8_to_6mib_prefix","C0","","l2","163","","","12","NO-GO","549d07b648ad48ee8e9d929bfec40157626a80b8","production bench-internals internals","a8492c1cf0521facdc4c7045f3abcd455fbf1975b9ea80f8d18917195e067464"
"iai","realloc_large_shrink_8_to_6mib_prefix","C0","","ram","132201","","","12","NO-GO","549d07b648ad48ee8e9d929bfec40157626a80b8","production bench-internals internals","a8492c1cf0521facdc4c7045f3abcd455fbf1975b9ea80f8d18917195e067464"
"iai","realloc_large_shrink_8_to_6mib_prefix","C0","","total","16871984","","","12","NO-GO","549d07b648ad48ee8e9d929bfec40157626a80b8","production bench-internals internals","a8492c1cf0521facdc4c7045f3abcd455fbf1975b9ea80f8d18917195e067464"
"iai","realloc_large_shrink_8_to_6mib_prefix","C0","","est","21367470","","","12","NO-GO","549d07b648ad48ee8e9d929bfec40157626a80b8","production bench-internals internals","a8492c1cf0521facdc4c7045f3abcd455fbf1975b9ea80f8d18917195e067464"
"iai","realloc_large_shrink_8_to_6mib_prefix","B1","","ir","8437961","","","12","NO-GO","549d07b648ad48ee8e9d929bfec40157626a80b8","production bench-internals internals","8dae55b9cdf5aa5de26a596110ccb1a5c7fed7e88cf16a0c3d3ecb3d0929f148"
"iai","realloc_large_shrink_8_to_6mib_prefix","B1","","l1","16739622","","","12","NO-GO","549d07b648ad48ee8e9d929bfec40157626a80b8","production bench-internals internals","8dae55b9cdf5aa5de26a596110ccb1a5c7fed7e88cf16a0c3d3ecb3d0929f148"
"iai","realloc_large_shrink_8_to_6mib_prefix","B1","","l2","163","","","12","NO-GO","549d07b648ad48ee8e9d929bfec40157626a80b8","production bench-internals internals","8dae55b9cdf5aa5de26a596110ccb1a5c7fed7e88cf16a0c3d3ecb3d0929f148"
"iai","realloc_large_shrink_8_to_6mib_prefix","B1","","ram","132199","","","12","NO-GO","549d07b648ad48ee8e9d929bfec40157626a80b8","production bench-internals internals","8dae55b9cdf5aa5de26a596110ccb1a5c7fed7e88cf16a0c3d3ecb3d0929f148"
"iai","realloc_large_shrink_8_to_6mib_prefix","B1","","total","16871984","","","12","NO-GO","549d07b648ad48ee8e9d929bfec40157626a80b8","production bench-internals internals","8dae55b9cdf5aa5de26a596110ccb1a5c7fed7e88cf16a0c3d3ecb3d0929f148"
"iai","realloc_large_shrink_8_to_6mib_prefix","B1","","est","21367402","","","12","NO-GO","549d07b648ad48ee8e9d929bfec40157626a80b8","production bench-internals internals","8dae55b9cdf5aa5de26a596110ccb1a5c7fed7e88cf16a0c3d3ecb3d0929f148"
"iai","realloc_large_shrink_8_to_4p5mib","A1","","ir","13678197","","","12","NO-GO","549d07b648ad48ee8e9d929bfec40157626a80b8","production bench-internals internals","027dd1490498486085e6588f83c525eb92c93dc3aaae44de45fd216760df9446"
"iai","realloc_large_shrink_8_to_4p5mib","A1","","l1","26772978","","","12","NO-GO","549d07b648ad48ee8e9d929bfec40157626a80b8","production bench-internals internals","027dd1490498486085e6588f83c525eb92c93dc3aaae44de45fd216760df9446"
"iai","realloc_large_shrink_8_to_4p5mib","A1","","l2","73713","","","12","NO-GO","549d07b648ad48ee8e9d929bfec40157626a80b8","production bench-internals internals","027dd1490498486085e6588f83c525eb92c93dc3aaae44de45fd216760df9446"
"iai","realloc_large_shrink_8_to_4p5mib","A1","","ram","280019","","","12","NO-GO","549d07b648ad48ee8e9d929bfec40157626a80b8","production bench-internals internals","027dd1490498486085e6588f83c525eb92c93dc3aaae44de45fd216760df9446"
"iai","realloc_large_shrink_8_to_4p5mib","A1","","total","27126710","","","12","NO-GO","549d07b648ad48ee8e9d929bfec40157626a80b8","production bench-internals internals","027dd1490498486085e6588f83c525eb92c93dc3aaae44de45fd216760df9446"
"iai","realloc_large_shrink_8_to_4p5mib","A1","","est","36942208","","","12","NO-GO","549d07b648ad48ee8e9d929bfec40157626a80b8","production bench-internals internals","027dd1490498486085e6588f83c525eb92c93dc3aaae44de45fd216760df9446"
"iai","realloc_large_shrink_8_to_4p5mib","C0","","ir","13678185","","","12","NO-GO","549d07b648ad48ee8e9d929bfec40157626a80b8","production bench-internals internals","a8492c1cf0521facdc4c7045f3abcd455fbf1975b9ea80f8d18917195e067464"
"iai","realloc_large_shrink_8_to_4p5mib","C0","","l1","26772960","","","12","NO-GO","549d07b648ad48ee8e9d929bfec40157626a80b8","production bench-internals internals","a8492c1cf0521facdc4c7045f3abcd455fbf1975b9ea80f8d18917195e067464"
"iai","realloc_large_shrink_8_to_4p5mib","C0","","l2","73712","","","12","NO-GO","549d07b648ad48ee8e9d929bfec40157626a80b8","production bench-internals internals","a8492c1cf0521facdc4c7045f3abcd455fbf1975b9ea80f8d18917195e067464"
"iai","realloc_large_shrink_8_to_4p5mib","C0","","ram","280018","","","12","NO-GO","549d07b648ad48ee8e9d929bfec40157626a80b8","production bench-internals internals","a8492c1cf0521facdc4c7045f3abcd455fbf1975b9ea80f8d18917195e067464"
"iai","realloc_large_shrink_8_to_4p5mib","C0","","total","27126690","","","12","NO-GO","549d07b648ad48ee8e9d929bfec40157626a80b8","production bench-internals internals","a8492c1cf0521facdc4c7045f3abcd455fbf1975b9ea80f8d18917195e067464"
"iai","realloc_large_shrink_8_to_4p5mib","C0","","est","36942150","","","12","NO-GO","549d07b648ad48ee8e9d929bfec40157626a80b8","production bench-internals internals","a8492c1cf0521facdc4c7045f3abcd455fbf1975b9ea80f8d18917195e067464"
"iai","realloc_large_shrink_8_to_4p5mib","B1","","ir","13156788","","","12","NO-GO","549d07b648ad48ee8e9d929bfec40157626a80b8","production bench-internals internals","8dae55b9cdf5aa5de26a596110ccb1a5c7fed7e88cf16a0c3d3ecb3d0929f148"
"iai","realloc_large_shrink_8_to_4p5mib","B1","","l1","26103363","","","12","NO-GO","549d07b648ad48ee8e9d929bfec40157626a80b8","production bench-internals internals","8dae55b9cdf5aa5de26a596110ccb1a5c7fed7e88cf16a0c3d3ecb3d0929f148"
"iai","realloc_large_shrink_8_to_4p5mib","B1","","l2","73561","","","12","NO-GO","549d07b648ad48ee8e9d929bfec40157626a80b8","production bench-internals internals","8dae55b9cdf5aa5de26a596110ccb1a5c7fed7e88cf16a0c3d3ecb3d0929f148"
"iai","realloc_large_shrink_8_to_4p5mib","B1","","ram","132568","","","12","NO-GO","549d07b648ad48ee8e9d929bfec40157626a80b8","production bench-internals internals","8dae55b9cdf5aa5de26a596110ccb1a5c7fed7e88cf16a0c3d3ecb3d0929f148"
"iai","realloc_large_shrink_8_to_4p5mib","B1","","total","26309492","","","12","NO-GO","549d07b648ad48ee8e9d929bfec40157626a80b8","production bench-internals internals","8dae55b9cdf5aa5de26a596110ccb1a5c7fed7e88cf16a0c3d3ecb3d0929f148"
"iai","realloc_large_shrink_8_to_4p5mib","B1","","est","31111048","","","12","NO-GO","549d07b648ad48ee8e9d929bfec40157626a80b8","production bench-internals internals","8dae55b9cdf5aa5de26a596110ccb1a5c7fed7e88cf16a0c3d3ecb3d0929f148"
"iai","realloc_large_shrink_8_to_4p5mib_prefix","A1","","ir","8437961","","","12","NO-GO","549d07b648ad48ee8e9d929bfec40157626a80b8","production bench-internals internals","027dd1490498486085e6588f83c525eb92c93dc3aaae44de45fd216760df9446"
"iai","realloc_large_shrink_8_to_4p5mib_prefix","A1","","l1","16739620","","","12","NO-GO","549d07b648ad48ee8e9d929bfec40157626a80b8","production bench-internals internals","027dd1490498486085e6588f83c525eb92c93dc3aaae44de45fd216760df9446"
"iai","realloc_large_shrink_8_to_4p5mib_prefix","A1","","l2","163","","","12","NO-GO","549d07b648ad48ee8e9d929bfec40157626a80b8","production bench-internals internals","027dd1490498486085e6588f83c525eb92c93dc3aaae44de45fd216760df9446"
"iai","realloc_large_shrink_8_to_4p5mib_prefix","A1","","ram","132201","","","12","NO-GO","549d07b648ad48ee8e9d929bfec40157626a80b8","production bench-internals internals","027dd1490498486085e6588f83c525eb92c93dc3aaae44de45fd216760df9446"
"iai","realloc_large_shrink_8_to_4p5mib_prefix","A1","","total","16871984","","","12","NO-GO","549d07b648ad48ee8e9d929bfec40157626a80b8","production bench-internals internals","027dd1490498486085e6588f83c525eb92c93dc3aaae44de45fd216760df9446"
"iai","realloc_large_shrink_8_to_4p5mib_prefix","A1","","est","21367470","","","12","NO-GO","549d07b648ad48ee8e9d929bfec40157626a80b8","production bench-internals internals","027dd1490498486085e6588f83c525eb92c93dc3aaae44de45fd216760df9446"
"iai","realloc_large_shrink_8_to_4p5mib_prefix","C0","","ir","8437961","","","12","NO-GO","549d07b648ad48ee8e9d929bfec40157626a80b8","production bench-internals internals","a8492c1cf0521facdc4c7045f3abcd455fbf1975b9ea80f8d18917195e067464"
"iai","realloc_large_shrink_8_to_4p5mib_prefix","C0","","l1","16739620","","","12","NO-GO","549d07b648ad48ee8e9d929bfec40157626a80b8","production bench-internals internals","a8492c1cf0521facdc4c7045f3abcd455fbf1975b9ea80f8d18917195e067464"
"iai","realloc_large_shrink_8_to_4p5mib_prefix","C0","","l2","163","","","12","NO-GO","549d07b648ad48ee8e9d929bfec40157626a80b8","production bench-internals internals","a8492c1cf0521facdc4c7045f3abcd455fbf1975b9ea80f8d18917195e067464"
"iai","realloc_large_shrink_8_to_4p5mib_prefix","C0","","ram","132201","","","12","NO-GO","549d07b648ad48ee8e9d929bfec40157626a80b8","production bench-internals internals","a8492c1cf0521facdc4c7045f3abcd455fbf1975b9ea80f8d18917195e067464"
"iai","realloc_large_shrink_8_to_4p5mib_prefix","C0","","total","16871984","","","12","NO-GO","549d07b648ad48ee8e9d929bfec40157626a80b8","production bench-internals internals","a8492c1cf0521facdc4c7045f3abcd455fbf1975b9ea80f8d18917195e067464"
"iai","realloc_large_shrink_8_to_4p5mib_prefix","C0","","est","21367470","","","12","NO-GO","549d07b648ad48ee8e9d929bfec40157626a80b8","production bench-internals internals","a8492c1cf0521facdc4c7045f3abcd455fbf1975b9ea80f8d18917195e067464"
"iai","realloc_large_shrink_8_to_4p5mib_prefix","B1","","ir","8437961","","","12","NO-GO","549d07b648ad48ee8e9d929bfec40157626a80b8","production bench-internals internals","8dae55b9cdf5aa5de26a596110ccb1a5c7fed7e88cf16a0c3d3ecb3d0929f148"
"iai","realloc_large_shrink_8_to_4p5mib_prefix","B1","","l1","16739622","","","12","NO-GO","549d07b648ad48ee8e9d929bfec40157626a80b8","production bench-internals internals","8dae55b9cdf5aa5de26a596110ccb1a5c7fed7e88cf16a0c3d3ecb3d0929f148"
"iai","realloc_large_shrink_8_to_4p5mib_prefix","B1","","l2","163","","","12","NO-GO","549d07b648ad48ee8e9d929bfec40157626a80b8","production bench-internals internals","8dae55b9cdf5aa5de26a596110ccb1a5c7fed7e88cf16a0c3d3ecb3d0929f148"
"iai","realloc_large_shrink_8_to_4p5mib_prefix","B1","","ram","132199","","","12","NO-GO","549d07b648ad48ee8e9d929bfec40157626a80b8","production bench-internals internals","8dae55b9cdf5aa5de26a596110ccb1a5c7fed7e88cf16a0c3d3ecb3d0929f148"
"iai","realloc_large_shrink_8_to_4p5mib_prefix","B1","","total","16871984","","","12","NO-GO","549d07b648ad48ee8e9d929bfec40157626a80b8","production bench-internals internals","8dae55b9cdf5aa5de26a596110ccb1a5c7fed7e88cf16a0c3d3ecb3d0929f148"
"iai","realloc_large_shrink_8_to_4p5mib_prefix","B1","","est","21367402","","","12","NO-GO","549d07b648ad48ee8e9d929bfec40157626a80b8","production bench-internals internals","8dae55b9cdf5aa5de26a596110ccb1a5c7fed7e88cf16a0c3d3ecb3d0929f148"
"iai","realloc_large_shrink_8_to_3mib","A1","","ir","11932341","","","12","NO-GO","549d07b648ad48ee8e9d929bfec40157626a80b8","production bench-internals internals","027dd1490498486085e6588f83c525eb92c93dc3aaae44de45fd216760df9446"
"iai","realloc_large_shrink_8_to_3mib","A1","","l1","23429683","","","12","NO-GO","549d07b648ad48ee8e9d929bfec40157626a80b8","production bench-internals internals","027dd1490498486085e6588f83c525eb92c93dc3aaae44de45fd216760df9446"
"iai","realloc_large_shrink_8_to_3mib","A1","","l2","57478","","","12","NO-GO","549d07b648ad48ee8e9d929bfec40157626a80b8","production bench-internals internals","027dd1490498486085e6588f83c525eb92c93dc3aaae44de45fd216760df9446"
"iai","realloc_large_shrink_8_to_3mib","A1","","ram","222525","","","12","NO-GO","549d07b648ad48ee8e9d929bfec40157626a80b8","production bench-internals internals","027dd1490498486085e6588f83c525eb92c93dc3aaae44de45fd216760df9446"
"iai","realloc_large_shrink_8_to_3mib","A1","","total","23709686","","","12","NO-GO","549d07b648ad48ee8e9d929bfec40157626a80b8","production bench-internals internals","027dd1490498486085e6588f83c525eb92c93dc3aaae44de45fd216760df9446"
"iai","realloc_large_shrink_8_to_3mib","A1","","est","31505448","","","12","NO-GO","549d07b648ad48ee8e9d929bfec40157626a80b8","production bench-internals internals","027dd1490498486085e6588f83c525eb92c93dc3aaae44de45fd216760df9446"
"iai","realloc_large_shrink_8_to_3mib","C0","","ir","11932329","","","12","NO-GO","549d07b648ad48ee8e9d929bfec40157626a80b8","production bench-internals internals","a8492c1cf0521facdc4c7045f3abcd455fbf1975b9ea80f8d18917195e067464"
"iai","realloc_large_shrink_8_to_3mib","C0","","l1","23429665","","","12","NO-GO","549d07b648ad48ee8e9d929bfec40157626a80b8","production bench-internals internals","a8492c1cf0521facdc4c7045f3abcd455fbf1975b9ea80f8d18917195e067464"
"iai","realloc_large_shrink_8_to_3mib","C0","","l2","57476","","","12","NO-GO","549d07b648ad48ee8e9d929bfec40157626a80b8","production bench-internals internals","a8492c1cf0521facdc4c7045f3abcd455fbf1975b9ea80f8d18917195e067464"
"iai","realloc_large_shrink_8_to_3mib","C0","","ram","222525","","","12","NO-GO","549d07b648ad48ee8e9d929bfec40157626a80b8","production bench-internals internals","a8492c1cf0521facdc4c7045f3abcd455fbf1975b9ea80f8d18917195e067464"
"iai","realloc_large_shrink_8_to_3mib","C0","","total","23709666","","","12","NO-GO","549d07b648ad48ee8e9d929bfec40157626a80b8","production bench-internals internals","a8492c1cf0521facdc4c7045f3abcd455fbf1975b9ea80f8d18917195e067464"
"iai","realloc_large_shrink_8_to_3mib","C0","","est","31505420","","","12","NO-GO","549d07b648ad48ee8e9d929bfec40157626a80b8","production bench-internals internals","a8492c1cf0521facdc4c7045f3abcd455fbf1975b9ea80f8d18917195e067464"
"iai","realloc_large_shrink_8_to_3mib","B1","","ir","11932344","","","12","NO-GO","549d07b648ad48ee8e9d929bfec40157626a80b8","production bench-internals internals","8dae55b9cdf5aa5de26a596110ccb1a5c7fed7e88cf16a0c3d3ecb3d0929f148"
"iai","realloc_large_shrink_8_to_3mib","B1","","l1","23429694","","","12","NO-GO","549d07b648ad48ee8e9d929bfec40157626a80b8","production bench-internals internals","8dae55b9cdf5aa5de26a596110ccb1a5c7fed7e88cf16a0c3d3ecb3d0929f148"
"iai","realloc_large_shrink_8_to_3mib","B1","","l2","57477","","","12","NO-GO","549d07b648ad48ee8e9d929bfec40157626a80b8","production bench-internals internals","8dae55b9cdf5aa5de26a596110ccb1a5c7fed7e88cf16a0c3d3ecb3d0929f148"
"iai","realloc_large_shrink_8_to_3mib","B1","","ram","222524","","","12","NO-GO","549d07b648ad48ee8e9d929bfec40157626a80b8","production bench-internals internals","8dae55b9cdf5aa5de26a596110ccb1a5c7fed7e88cf16a0c3d3ecb3d0929f148"
"iai","realloc_large_shrink_8_to_3mib","B1","","total","23709695","","","12","NO-GO","549d07b648ad48ee8e9d929bfec40157626a80b8","production bench-internals internals","8dae55b9cdf5aa5de26a596110ccb1a5c7fed7e88cf16a0c3d3ecb3d0929f148"
"iai","realloc_large_shrink_8_to_3mib","B1","","est","31505419","","","12","NO-GO","549d07b648ad48ee8e9d929bfec40157626a80b8","production bench-internals internals","8dae55b9cdf5aa5de26a596110ccb1a5c7fed7e88cf16a0c3d3ecb3d0929f148"
"iai","realloc_large_shrink_8_to_3mib_prefix","A1","","ir","8437961","","","12","NO-GO","549d07b648ad48ee8e9d929bfec40157626a80b8","production bench-internals internals","027dd1490498486085e6588f83c525eb92c93dc3aaae44de45fd216760df9446"
"iai","realloc_large_shrink_8_to_3mib_prefix","A1","","l1","16739620","","","12","NO-GO","549d07b648ad48ee8e9d929bfec40157626a80b8","production bench-internals internals","027dd1490498486085e6588f83c525eb92c93dc3aaae44de45fd216760df9446"
"iai","realloc_large_shrink_8_to_3mib_prefix","A1","","l2","163","","","12","NO-GO","549d07b648ad48ee8e9d929bfec40157626a80b8","production bench-internals internals","027dd1490498486085e6588f83c525eb92c93dc3aaae44de45fd216760df9446"
"iai","realloc_large_shrink_8_to_3mib_prefix","A1","","ram","132201","","","12","NO-GO","549d07b648ad48ee8e9d929bfec40157626a80b8","production bench-internals internals","027dd1490498486085e6588f83c525eb92c93dc3aaae44de45fd216760df9446"
"iai","realloc_large_shrink_8_to_3mib_prefix","A1","","total","16871984","","","12","NO-GO","549d07b648ad48ee8e9d929bfec40157626a80b8","production bench-internals internals","027dd1490498486085e6588f83c525eb92c93dc3aaae44de45fd216760df9446"
"iai","realloc_large_shrink_8_to_3mib_prefix","A1","","est","21367470","","","12","NO-GO","549d07b648ad48ee8e9d929bfec40157626a80b8","production bench-internals internals","027dd1490498486085e6588f83c525eb92c93dc3aaae44de45fd216760df9446"
"iai","realloc_large_shrink_8_to_3mib_prefix","C0","","ir","8437961","","","12","NO-GO","549d07b648ad48ee8e9d929bfec40157626a80b8","production bench-internals internals","a8492c1cf0521facdc4c7045f3abcd455fbf1975b9ea80f8d18917195e067464"
"iai","realloc_large_shrink_8_to_3mib_prefix","C0","","l1","16739620","","","12","NO-GO","549d07b648ad48ee8e9d929bfec40157626a80b8","production bench-internals internals","a8492c1cf0521facdc4c7045f3abcd455fbf1975b9ea80f8d18917195e067464"
"iai","realloc_large_shrink_8_to_3mib_prefix","C0","","l2","163","","","12","NO-GO","549d07b648ad48ee8e9d929bfec40157626a80b8","production bench-internals internals","a8492c1cf0521facdc4c7045f3abcd455fbf1975b9ea80f8d18917195e067464"
"iai","realloc_large_shrink_8_to_3mib_prefix","C0","","ram","132201","","","12","NO-GO","549d07b648ad48ee8e9d929bfec40157626a80b8","production bench-internals internals","a8492c1cf0521facdc4c7045f3abcd455fbf1975b9ea80f8d18917195e067464"
"iai","realloc_large_shrink_8_to_3mib_prefix","C0","","total","16871984","","","12","NO-GO","549d07b648ad48ee8e9d929bfec40157626a80b8","production bench-internals internals","a8492c1cf0521facdc4c7045f3abcd455fbf1975b9ea80f8d18917195e067464"
"iai","realloc_large_shrink_8_to_3mib_prefix","C0","","est","21367470","","","12","NO-GO","549d07b648ad48ee8e9d929bfec40157626a80b8","production bench-internals internals","a8492c1cf0521facdc4c7045f3abcd455fbf1975b9ea80f8d18917195e067464"
"iai","realloc_large_shrink_8_to_3mib_prefix","B1","","ir","8437961","","","12","NO-GO","549d07b648ad48ee8e9d929bfec40157626a80b8","production bench-internals internals","8dae55b9cdf5aa5de26a596110ccb1a5c7fed7e88cf16a0c3d3ecb3d0929f148"
"iai","realloc_large_shrink_8_to_3mib_prefix","B1","","l1","16739622","","","12","NO-GO","549d07b648ad48ee8e9d929bfec40157626a80b8","production bench-internals internals","8dae55b9cdf5aa5de26a596110ccb1a5c7fed7e88cf16a0c3d3ecb3d0929f148"
"iai","realloc_large_shrink_8_to_3mib_prefix","B1","","l2","163","","","12","NO-GO","549d07b648ad48ee8e9d929bfec40157626a80b8","production bench-internals internals","8dae55b9cdf5aa5de26a596110ccb1a5c7fed7e88cf16a0c3d3ecb3d0929f148"
"iai","realloc_large_shrink_8_to_3mib_prefix","B1","","ram","132199","","","12","NO-GO","549d07b648ad48ee8e9d929bfec40157626a80b8","production bench-internals internals","8dae55b9cdf5aa5de26a596110ccb1a5c7fed7e88cf16a0c3d3ecb3d0929f148"
"iai","realloc_large_shrink_8_to_3mib_prefix","B1","","total","16871984","","","12","NO-GO","549d07b648ad48ee8e9d929bfec40157626a80b8","production bench-internals internals","8dae55b9cdf5aa5de26a596110ccb1a5c7fed7e88cf16a0c3d3ecb3d0929f148"
"iai","realloc_large_shrink_8_to_3mib_prefix","B1","","est","21367402","","","12","NO-GO","549d07b648ad48ee8e9d929bfec40157626a80b8","production bench-internals internals","8dae55b9cdf5aa5de26a596110ccb1a5c7fed7e88cf16a0c3d3ecb3d0929f148"
"iai","realloc_large_grow_6_to_8mib","A1","","ir","15424062","","","12","NO-GO","549d07b648ad48ee8e9d929bfec40157626a80b8","production bench-internals internals","027dd1490498486085e6588f83c525eb92c93dc3aaae44de45fd216760df9446"
"iai","realloc_large_grow_6_to_8mib","A1","","l1","30116286","","","12","NO-GO","549d07b648ad48ee8e9d929bfec40157626a80b8","production bench-internals internals","027dd1490498486085e6588f83c525eb92c93dc3aaae44de45fd216760df9446"
"iai","realloc_large_grow_6_to_8mib","A1","","l2","81936","","","12","NO-GO","549d07b648ad48ee8e9d929bfec40157626a80b8","production bench-internals internals","027dd1490498486085e6588f83c525eb92c93dc3aaae44de45fd216760df9446"
"iai","realloc_large_grow_6_to_8mib","A1","","ram","345524","","","12","NO-GO","549d07b648ad48ee8e9d929bfec40157626a80b8","production bench-internals internals","027dd1490498486085e6588f83c525eb92c93dc3aaae44de45fd216760df9446"
"iai","realloc_large_grow_6_to_8mib","A1","","total","30543746","","","12","NO-GO","549d07b648ad48ee8e9d929bfec40157626a80b8","production bench-internals internals","027dd1490498486085e6588f83c525eb92c93dc3aaae44de45fd216760df9446"
"iai","realloc_large_grow_6_to_8mib","A1","","est","42619306","","","12","NO-GO","549d07b648ad48ee8e9d929bfec40157626a80b8","production bench-internals internals","027dd1490498486085e6588f83c525eb92c93dc3aaae44de45fd216760df9446"
"iai","realloc_large_grow_6_to_8mib","C0","","ir","15424050","","","12","NO-GO","549d07b648ad48ee8e9d929bfec40157626a80b8","production bench-internals internals","a8492c1cf0521facdc4c7045f3abcd455fbf1975b9ea80f8d18917195e067464"
"iai","realloc_large_grow_6_to_8mib","C0","","l1","30116268","","","12","NO-GO","549d07b648ad48ee8e9d929bfec40157626a80b8","production bench-internals internals","a8492c1cf0521facdc4c7045f3abcd455fbf1975b9ea80f8d18917195e067464"
"iai","realloc_large_grow_6_to_8mib","C0","","l2","81934","","","12","NO-GO","549d07b648ad48ee8e9d929bfec40157626a80b8","production bench-internals internals","a8492c1cf0521facdc4c7045f3abcd455fbf1975b9ea80f8d18917195e067464"
"iai","realloc_large_grow_6_to_8mib","C0","","ram","345524","","","12","NO-GO","549d07b648ad48ee8e9d929bfec40157626a80b8","production bench-internals internals","a8492c1cf0521facdc4c7045f3abcd455fbf1975b9ea80f8d18917195e067464"
"iai","realloc_large_grow_6_to_8mib","C0","","total","30543726","","","12","NO-GO","549d07b648ad48ee8e9d929bfec40157626a80b8","production bench-internals internals","a8492c1cf0521facdc4c7045f3abcd455fbf1975b9ea80f8d18917195e067464"
"iai","realloc_large_grow_6_to_8mib","C0","","est","42619278","","","12","NO-GO","549d07b648ad48ee8e9d929bfec40157626a80b8","production bench-internals internals","a8492c1cf0521facdc4c7045f3abcd455fbf1975b9ea80f8d18917195e067464"
"iai","realloc_large_grow_6_to_8mib","B1","","ir","15424059","","","12","NO-GO","549d07b648ad48ee8e9d929bfec40157626a80b8","production bench-internals internals","8dae55b9cdf5aa5de26a596110ccb1a5c7fed7e88cf16a0c3d3ecb3d0929f148"
"iai","realloc_large_grow_6_to_8mib","B1","","l1","30116290","","","12","NO-GO","549d07b648ad48ee8e9d929bfec40157626a80b8","production bench-internals internals","8dae55b9cdf5aa5de26a596110ccb1a5c7fed7e88cf16a0c3d3ecb3d0929f148"
"iai","realloc_large_grow_6_to_8mib","B1","","l2","81937","","","12","NO-GO","549d07b648ad48ee8e9d929bfec40157626a80b8","production bench-internals internals","8dae55b9cdf5aa5de26a596110ccb1a5c7fed7e88cf16a0c3d3ecb3d0929f148"
"iai","realloc_large_grow_6_to_8mib","B1","","ram","345521","","","12","NO-GO","549d07b648ad48ee8e9d929bfec40157626a80b8","production bench-internals internals","8dae55b9cdf5aa5de26a596110ccb1a5c7fed7e88cf16a0c3d3ecb3d0929f148"
"iai","realloc_large_grow_6_to_8mib","B1","","total","30543748","","","12","NO-GO","549d07b648ad48ee8e9d929bfec40157626a80b8","production bench-internals internals","8dae55b9cdf5aa5de26a596110ccb1a5c7fed7e88cf16a0c3d3ecb3d0929f148"
"iai","realloc_large_grow_6_to_8mib","B1","","est","42619210","","","12","NO-GO","549d07b648ad48ee8e9d929bfec40157626a80b8","production bench-internals internals","8dae55b9cdf5aa5de26a596110ccb1a5c7fed7e88cf16a0c3d3ecb3d0929f148"
"iai","realloc_large_grow_6_to_8mib_prefix","A1","","ir","6340809","","","12","NO-GO","549d07b648ad48ee8e9d929bfec40157626a80b8","production bench-internals internals","027dd1490498486085e6588f83c525eb92c93dc3aaae44de45fd216760df9446"
"iai","realloc_large_grow_6_to_8mib_prefix","A1","","l1","12578084","","","12","NO-GO","549d07b648ad48ee8e9d929bfec40157626a80b8","production bench-internals internals","027dd1490498486085e6588f83c525eb92c93dc3aaae44de45fd216760df9446"
"iai","realloc_large_grow_6_to_8mib_prefix","A1","","l2","210","","","12","NO-GO","549d07b648ad48ee8e9d929bfec40157626a80b8","production bench-internals internals","027dd1490498486085e6588f83c525eb92c93dc3aaae44de45fd216760df9446"
"iai","realloc_large_grow_6_to_8mib_prefix","A1","","ram","99386","","","12","NO-GO","549d07b648ad48ee8e9d929bfec40157626a80b8","production bench-internals internals","027dd1490498486085e6588f83c525eb92c93dc3aaae44de45fd216760df9446"
"iai","realloc_large_grow_6_to_8mib_prefix","A1","","total","12677680","","","12","NO-GO","549d07b648ad48ee8e9d929bfec40157626a80b8","production bench-internals internals","027dd1490498486085e6588f83c525eb92c93dc3aaae44de45fd216760df9446"
"iai","realloc_large_grow_6_to_8mib_prefix","A1","","est","16057644","","","12","NO-GO","549d07b648ad48ee8e9d929bfec40157626a80b8","production bench-internals internals","027dd1490498486085e6588f83c525eb92c93dc3aaae44de45fd216760df9446"
"iai","realloc_large_grow_6_to_8mib_prefix","C0","","ir","6340809","","","12","NO-GO","549d07b648ad48ee8e9d929bfec40157626a80b8","production bench-internals internals","a8492c1cf0521facdc4c7045f3abcd455fbf1975b9ea80f8d18917195e067464"
"iai","realloc_large_grow_6_to_8mib_prefix","C0","","l1","12578084","","","12","NO-GO","549d07b648ad48ee8e9d929bfec40157626a80b8","production bench-internals internals","a8492c1cf0521facdc4c7045f3abcd455fbf1975b9ea80f8d18917195e067464"
"iai","realloc_large_grow_6_to_8mib_prefix","C0","","l2","210","","","12","NO-GO","549d07b648ad48ee8e9d929bfec40157626a80b8","production bench-internals internals","a8492c1cf0521facdc4c7045f3abcd455fbf1975b9ea80f8d18917195e067464"
"iai","realloc_large_grow_6_to_8mib_prefix","C0","","ram","99386","","","12","NO-GO","549d07b648ad48ee8e9d929bfec40157626a80b8","production bench-internals internals","a8492c1cf0521facdc4c7045f3abcd455fbf1975b9ea80f8d18917195e067464"
"iai","realloc_large_grow_6_to_8mib_prefix","C0","","total","12677680","","","12","NO-GO","549d07b648ad48ee8e9d929bfec40157626a80b8","production bench-internals internals","a8492c1cf0521facdc4c7045f3abcd455fbf1975b9ea80f8d18917195e067464"
"iai","realloc_large_grow_6_to_8mib_prefix","C0","","est","16057644","","","12","NO-GO","549d07b648ad48ee8e9d929bfec40157626a80b8","production bench-internals internals","a8492c1cf0521facdc4c7045f3abcd455fbf1975b9ea80f8d18917195e067464"
"iai","realloc_large_grow_6_to_8mib_prefix","B1","","ir","6340809","","","12","NO-GO","549d07b648ad48ee8e9d929bfec40157626a80b8","production bench-internals internals","8dae55b9cdf5aa5de26a596110ccb1a5c7fed7e88cf16a0c3d3ecb3d0929f148"
"iai","realloc_large_grow_6_to_8mib_prefix","B1","","l1","12578086","","","12","NO-GO","549d07b648ad48ee8e9d929bfec40157626a80b8","production bench-internals internals","8dae55b9cdf5aa5de26a596110ccb1a5c7fed7e88cf16a0c3d3ecb3d0929f148"
"iai","realloc_large_grow_6_to_8mib_prefix","B1","","l2","210","","","12","NO-GO","549d07b648ad48ee8e9d929bfec40157626a80b8","production bench-internals internals","8dae55b9cdf5aa5de26a596110ccb1a5c7fed7e88cf16a0c3d3ecb3d0929f148"
"iai","realloc_large_grow_6_to_8mib_prefix","B1","","ram","99384","","","12","NO-GO","549d07b648ad48ee8e9d929bfec40157626a80b8","production bench-internals internals","8dae55b9cdf5aa5de26a596110ccb1a5c7fed7e88cf16a0c3d3ecb3d0929f148"
"iai","realloc_large_grow_6_to_8mib_prefix","B1","","total","12677680","","","12","NO-GO","549d07b648ad48ee8e9d929bfec40157626a80b8","production bench-internals internals","8dae55b9cdf5aa5de26a596110ccb1a5c7fed7e88cf16a0c3d3ecb3d0929f148"
"iai","realloc_large_grow_6_to_8mib_prefix","B1","","est","16057576","","","12","NO-GO","549d07b648ad48ee8e9d929bfec40157626a80b8","production bench-internals internals","8dae55b9cdf5aa5de26a596110ccb1a5c7fed7e88cf16a0c3d3ecb3d0929f148"
"iai","realloc_large_equal_8mib","A1","","ir","16826787","","","12","NO-GO","549d07b648ad48ee8e9d929bfec40157626a80b8","production bench-internals internals","027dd1490498486085e6588f83c525eb92c93dc3aaae44de45fd216760df9446"
"iai","realloc_large_equal_8mib","A1","","l1","33386029","","","12","NO-GO","549d07b648ad48ee8e9d929bfec40157626a80b8","production bench-internals internals","027dd1490498486085e6588f83c525eb92c93dc3aaae44de45fd216760df9446"
"iai","realloc_large_equal_8mib","A1","","l2","130661","","","12","NO-GO","549d07b648ad48ee8e9d929bfec40157626a80b8","production bench-internals internals","027dd1490498486085e6588f83c525eb92c93dc3aaae44de45fd216760df9446"
"iai","realloc_large_equal_8mib","A1","","ram","132811","","","12","NO-GO","549d07b648ad48ee8e9d929bfec40157626a80b8","production bench-internals internals","027dd1490498486085e6588f83c525eb92c93dc3aaae44de45fd216760df9446"
"iai","realloc_large_equal_8mib","A1","","total","33649501","","","12","NO-GO","549d07b648ad48ee8e9d929bfec40157626a80b8","production bench-internals internals","027dd1490498486085e6588f83c525eb92c93dc3aaae44de45fd216760df9446"
"iai","realloc_large_equal_8mib","A1","","est","38687719","","","12","NO-GO","549d07b648ad48ee8e9d929bfec40157626a80b8","production bench-internals internals","027dd1490498486085e6588f83c525eb92c93dc3aaae44de45fd216760df9446"
"iai","realloc_large_equal_8mib","C0","","ir","16826787","","","12","NO-GO","549d07b648ad48ee8e9d929bfec40157626a80b8","production bench-internals internals","a8492c1cf0521facdc4c7045f3abcd455fbf1975b9ea80f8d18917195e067464"
"iai","realloc_large_equal_8mib","C0","","l1","33386029","","","12","NO-GO","549d07b648ad48ee8e9d929bfec40157626a80b8","production bench-internals internals","a8492c1cf0521facdc4c7045f3abcd455fbf1975b9ea80f8d18917195e067464"
"iai","realloc_large_equal_8mib","C0","","l2","130661","","","12","NO-GO","549d07b648ad48ee8e9d929bfec40157626a80b8","production bench-internals internals","a8492c1cf0521facdc4c7045f3abcd455fbf1975b9ea80f8d18917195e067464"
"iai","realloc_large_equal_8mib","C0","","ram","132811","","","12","NO-GO","549d07b648ad48ee8e9d929bfec40157626a80b8","production bench-internals internals","a8492c1cf0521facdc4c7045f3abcd455fbf1975b9ea80f8d18917195e067464"
"iai","realloc_large_equal_8mib","C0","","total","33649501","","","12","NO-GO","549d07b648ad48ee8e9d929bfec40157626a80b8","production bench-internals internals","a8492c1cf0521facdc4c7045f3abcd455fbf1975b9ea80f8d18917195e067464"
"iai","realloc_large_equal_8mib","C0","","est","38687719","","","12","NO-GO","549d07b648ad48ee8e9d929bfec40157626a80b8","production bench-internals internals","a8492c1cf0521facdc4c7045f3abcd455fbf1975b9ea80f8d18917195e067464"
"iai","realloc_large_equal_8mib","B1","","ir","16826784","","","12","NO-GO","549d07b648ad48ee8e9d929bfec40157626a80b8","production bench-internals internals","8dae55b9cdf5aa5de26a596110ccb1a5c7fed7e88cf16a0c3d3ecb3d0929f148"
"iai","realloc_large_equal_8mib","B1","","l1","33386029","","","12","NO-GO","549d07b648ad48ee8e9d929bfec40157626a80b8","production bench-internals internals","8dae55b9cdf5aa5de26a596110ccb1a5c7fed7e88cf16a0c3d3ecb3d0929f148"
"iai","realloc_large_equal_8mib","B1","","l2","130661","","","12","NO-GO","549d07b648ad48ee8e9d929bfec40157626a80b8","production bench-internals internals","8dae55b9cdf5aa5de26a596110ccb1a5c7fed7e88cf16a0c3d3ecb3d0929f148"
"iai","realloc_large_equal_8mib","B1","","ram","132809","","","12","NO-GO","549d07b648ad48ee8e9d929bfec40157626a80b8","production bench-internals internals","8dae55b9cdf5aa5de26a596110ccb1a5c7fed7e88cf16a0c3d3ecb3d0929f148"
"iai","realloc_large_equal_8mib","B1","","total","33649499","","","12","NO-GO","549d07b648ad48ee8e9d929bfec40157626a80b8","production bench-internals internals","8dae55b9cdf5aa5de26a596110ccb1a5c7fed7e88cf16a0c3d3ecb3d0929f148"
"iai","realloc_large_equal_8mib","B1","","est","38687649","","","12","NO-GO","549d07b648ad48ee8e9d929bfec40157626a80b8","production bench-internals internals","8dae55b9cdf5aa5de26a596110ccb1a5c7fed7e88cf16a0c3d3ecb3d0929f148"
"iai","realloc_large_equal_8mib_prefix","A1","","ir","8437973","","","12","NO-GO","549d07b648ad48ee8e9d929bfec40157626a80b8","production bench-internals internals","027dd1490498486085e6588f83c525eb92c93dc3aaae44de45fd216760df9446"
"iai","realloc_large_equal_8mib_prefix","A1","","l1","16739639","","","12","NO-GO","549d07b648ad48ee8e9d929bfec40157626a80b8","production bench-internals internals","027dd1490498486085e6588f83c525eb92c93dc3aaae44de45fd216760df9446"
"iai","realloc_large_equal_8mib_prefix","A1","","l2","165","","","12","NO-GO","549d07b648ad48ee8e9d929bfec40157626a80b8","production bench-internals internals","027dd1490498486085e6588f83c525eb92c93dc3aaae44de45fd216760df9446"
"iai","realloc_large_equal_8mib_prefix","A1","","ram","132200","","","12","NO-GO","549d07b648ad48ee8e9d929bfec40157626a80b8","production bench-internals internals","027dd1490498486085e6588f83c525eb92c93dc3aaae44de45fd216760df9446"
"iai","realloc_large_equal_8mib_prefix","A1","","total","16872004","","","12","NO-GO","549d07b648ad48ee8e9d929bfec40157626a80b8","production bench-internals internals","027dd1490498486085e6588f83c525eb92c93dc3aaae44de45fd216760df9446"
"iai","realloc_large_equal_8mib_prefix","A1","","est","21367464","","","12","NO-GO","549d07b648ad48ee8e9d929bfec40157626a80b8","production bench-internals internals","027dd1490498486085e6588f83c525eb92c93dc3aaae44de45fd216760df9446"
"iai","realloc_large_equal_8mib_prefix","C0","","ir","8437961","","","12","NO-GO","549d07b648ad48ee8e9d929bfec40157626a80b8","production bench-internals internals","a8492c1cf0521facdc4c7045f3abcd455fbf1975b9ea80f8d18917195e067464"
"iai","realloc_large_equal_8mib_prefix","C0","","l1","16739620","","","12","NO-GO","549d07b648ad48ee8e9d929bfec40157626a80b8","production bench-internals internals","a8492c1cf0521facdc4c7045f3abcd455fbf1975b9ea80f8d18917195e067464"
"iai","realloc_large_equal_8mib_prefix","C0","","l2","163","","","12","NO-GO","549d07b648ad48ee8e9d929bfec40157626a80b8","production bench-internals internals","a8492c1cf0521facdc4c7045f3abcd455fbf1975b9ea80f8d18917195e067464"
"iai","realloc_large_equal_8mib_prefix","C0","","ram","132201","","","12","NO-GO","549d07b648ad48ee8e9d929bfec40157626a80b8","production bench-internals internals","a8492c1cf0521facdc4c7045f3abcd455fbf1975b9ea80f8d18917195e067464"
"iai","realloc_large_equal_8mib_prefix","C0","","total","16871984","","","12","NO-GO","549d07b648ad48ee8e9d929bfec40157626a80b8","production bench-internals internals","a8492c1cf0521facdc4c7045f3abcd455fbf1975b9ea80f8d18917195e067464"
"iai","realloc_large_equal_8mib_prefix","C0","","est","21367470","","","12","NO-GO","549d07b648ad48ee8e9d929bfec40157626a80b8","production bench-internals internals","a8492c1cf0521facdc4c7045f3abcd455fbf1975b9ea80f8d18917195e067464"
"iai","realloc_large_equal_8mib_prefix","B1","","ir","8437973","","","12","NO-GO","549d07b648ad48ee8e9d929bfec40157626a80b8","production bench-internals internals","8dae55b9cdf5aa5de26a596110ccb1a5c7fed7e88cf16a0c3d3ecb3d0929f148"
"iai","realloc_large_equal_8mib_prefix","B1","","l1","16739641","","","12","NO-GO","549d07b648ad48ee8e9d929bfec40157626a80b8","production bench-internals internals","8dae55b9cdf5aa5de26a596110ccb1a5c7fed7e88cf16a0c3d3ecb3d0929f148"
"iai","realloc_large_equal_8mib_prefix","B1","","l2","165","","","12","NO-GO","549d07b648ad48ee8e9d929bfec40157626a80b8","production bench-internals internals","8dae55b9cdf5aa5de26a596110ccb1a5c7fed7e88cf16a0c3d3ecb3d0929f148"
"iai","realloc_large_equal_8mib_prefix","B1","","ram","132198","","","12","NO-GO","549d07b648ad48ee8e9d929bfec40157626a80b8","production bench-internals internals","8dae55b9cdf5aa5de26a596110ccb1a5c7fed7e88cf16a0c3d3ecb3d0929f148"
"iai","realloc_large_equal_8mib_prefix","B1","","total","16872004","","","12","NO-GO","549d07b648ad48ee8e9d929bfec40157626a80b8","production bench-internals internals","8dae55b9cdf5aa5de26a596110ccb1a5c7fed7e88cf16a0c3d3ecb3d0929f148"
"iai","realloc_large_equal_8mib_prefix","B1","","est","21367396","","","12","NO-GO","549d07b648ad48ee8e9d929bfec40157626a80b8","production bench-internals internals","8dae55b9cdf5aa5de26a596110ccb1a5c7fed7e88cf16a0c3d3ecb3d0929f148"
"iai","large_alloc_free_cycle","A1","","ir","49809","","","12","NO-GO","549d07b648ad48ee8e9d929bfec40157626a80b8","production bench-internals internals","027dd1490498486085e6588f83c525eb92c93dc3aaae44de45fd216760df9446"
"iai","large_alloc_free_cycle","A1","","l1","94126","","","12","NO-GO","549d07b648ad48ee8e9d929bfec40157626a80b8","production bench-internals internals","027dd1490498486085e6588f83c525eb92c93dc3aaae44de45fd216760df9446"
"iai","large_alloc_free_cycle","A1","","l2","184","","","12","NO-GO","549d07b648ad48ee8e9d929bfec40157626a80b8","production bench-internals internals","027dd1490498486085e6588f83c525eb92c93dc3aaae44de45fd216760df9446"
"iai","large_alloc_free_cycle","A1","","ram","1108","","","12","NO-GO","549d07b648ad48ee8e9d929bfec40157626a80b8","production bench-internals internals","027dd1490498486085e6588f83c525eb92c93dc3aaae44de45fd216760df9446"
"iai","large_alloc_free_cycle","A1","","total","95418","","","12","NO-GO","549d07b648ad48ee8e9d929bfec40157626a80b8","production bench-internals internals","027dd1490498486085e6588f83c525eb92c93dc3aaae44de45fd216760df9446"
"iai","large_alloc_free_cycle","A1","","est","133826","","","12","NO-GO","549d07b648ad48ee8e9d929bfec40157626a80b8","production bench-internals internals","027dd1490498486085e6588f83c525eb92c93dc3aaae44de45fd216760df9446"
"iai","large_alloc_free_cycle","C0","","ir","49809","","","12","NO-GO","549d07b648ad48ee8e9d929bfec40157626a80b8","production bench-internals internals","a8492c1cf0521facdc4c7045f3abcd455fbf1975b9ea80f8d18917195e067464"
"iai","large_alloc_free_cycle","C0","","l1","94126","","","12","NO-GO","549d07b648ad48ee8e9d929bfec40157626a80b8","production bench-internals internals","a8492c1cf0521facdc4c7045f3abcd455fbf1975b9ea80f8d18917195e067464"
"iai","large_alloc_free_cycle","C0","","l2","184","","","12","NO-GO","549d07b648ad48ee8e9d929bfec40157626a80b8","production bench-internals internals","a8492c1cf0521facdc4c7045f3abcd455fbf1975b9ea80f8d18917195e067464"
"iai","large_alloc_free_cycle","C0","","ram","1108","","","12","NO-GO","549d07b648ad48ee8e9d929bfec40157626a80b8","production bench-internals internals","a8492c1cf0521facdc4c7045f3abcd455fbf1975b9ea80f8d18917195e067464"
"iai","large_alloc_free_cycle","C0","","total","95418","","","12","NO-GO","549d07b648ad48ee8e9d929bfec40157626a80b8","production bench-internals internals","a8492c1cf0521facdc4c7045f3abcd455fbf1975b9ea80f8d18917195e067464"
"iai","large_alloc_free_cycle","C0","","est","133826","","","12","NO-GO","549d07b648ad48ee8e9d929bfec40157626a80b8","production bench-internals internals","a8492c1cf0521facdc4c7045f3abcd455fbf1975b9ea80f8d18917195e067464"
"iai","large_alloc_free_cycle","B1","","ir","49809","","","12","NO-GO","549d07b648ad48ee8e9d929bfec40157626a80b8","production bench-internals internals","8dae55b9cdf5aa5de26a596110ccb1a5c7fed7e88cf16a0c3d3ecb3d0929f148"
"iai","large_alloc_free_cycle","B1","","l1","94125","","","12","NO-GO","549d07b648ad48ee8e9d929bfec40157626a80b8","production bench-internals internals","8dae55b9cdf5aa5de26a596110ccb1a5c7fed7e88cf16a0c3d3ecb3d0929f148"
"iai","large_alloc_free_cycle","B1","","l2","186","","","12","NO-GO","549d07b648ad48ee8e9d929bfec40157626a80b8","production bench-internals internals","8dae55b9cdf5aa5de26a596110ccb1a5c7fed7e88cf16a0c3d3ecb3d0929f148"
"iai","large_alloc_free_cycle","B1","","ram","1107","","","12","NO-GO","549d07b648ad48ee8e9d929bfec40157626a80b8","production bench-internals internals","8dae55b9cdf5aa5de26a596110ccb1a5c7fed7e88cf16a0c3d3ecb3d0929f148"
"iai","large_alloc_free_cycle","B1","","total","95418","","","12","NO-GO","549d07b648ad48ee8e9d929bfec40157626a80b8","production bench-internals internals","8dae55b9cdf5aa5de26a596110ccb1a5c7fed7e88cf16a0c3d3ecb3d0929f148"
"iai","large_alloc_free_cycle","B1","","est","133800","","","12","NO-GO","549d07b648ad48ee8e9d929bfec40157626a80b8","production bench-internals internals","8dae55b9cdf5aa5de26a596110ccb1a5c7fed7e88cf16a0c3d3ecb3d0929f148"
"iai","large_cache_prefill_only_4mib","A1","","ir","58797","","","12","NO-GO","549d07b648ad48ee8e9d929bfec40157626a80b8","production bench-internals internals","027dd1490498486085e6588f83c525eb92c93dc3aaae44de45fd216760df9446"
"iai","large_cache_prefill_only_4mib","A1","","l1","107065","","","12","NO-GO","549d07b648ad48ee8e9d929bfec40157626a80b8","production bench-internals internals","027dd1490498486085e6588f83c525eb92c93dc3aaae44de45fd216760df9446"
"iai","large_cache_prefill_only_4mib","A1","","l2","168","","","12","NO-GO","549d07b648ad48ee8e9d929bfec40157626a80b8","production bench-internals internals","027dd1490498486085e6588f83c525eb92c93dc3aaae44de45fd216760df9446"
"iai","large_cache_prefill_only_4mib","A1","","ram","1097","","","12","NO-GO","549d07b648ad48ee8e9d929bfec40157626a80b8","production bench-internals internals","027dd1490498486085e6588f83c525eb92c93dc3aaae44de45fd216760df9446"
"iai","large_cache_prefill_only_4mib","A1","","total","108330","","","12","NO-GO","549d07b648ad48ee8e9d929bfec40157626a80b8","production bench-internals internals","027dd1490498486085e6588f83c525eb92c93dc3aaae44de45fd216760df9446"
"iai","large_cache_prefill_only_4mib","A1","","est","146300","","","12","NO-GO","549d07b648ad48ee8e9d929bfec40157626a80b8","production bench-internals internals","027dd1490498486085e6588f83c525eb92c93dc3aaae44de45fd216760df9446"
"iai","large_cache_prefill_only_4mib","C0","","ir","58809","","","12","NO-GO","549d07b648ad48ee8e9d929bfec40157626a80b8","production bench-internals internals","a8492c1cf0521facdc4c7045f3abcd455fbf1975b9ea80f8d18917195e067464"
"iai","large_cache_prefill_only_4mib","C0","","l1","107084","","","12","NO-GO","549d07b648ad48ee8e9d929bfec40157626a80b8","production bench-internals internals","a8492c1cf0521facdc4c7045f3abcd455fbf1975b9ea80f8d18917195e067464"
"iai","large_cache_prefill_only_4mib","C0","","l2","169","","","12","NO-GO","549d07b648ad48ee8e9d929bfec40157626a80b8","production bench-internals internals","a8492c1cf0521facdc4c7045f3abcd455fbf1975b9ea80f8d18917195e067464"
"iai","large_cache_prefill_only_4mib","C0","","ram","1097","","","12","NO-GO","549d07b648ad48ee8e9d929bfec40157626a80b8","production bench-internals internals","a8492c1cf0521facdc4c7045f3abcd455fbf1975b9ea80f8d18917195e067464"
"iai","large_cache_prefill_only_4mib","C0","","total","108350","","","12","NO-GO","549d07b648ad48ee8e9d929bfec40157626a80b8","production bench-internals internals","a8492c1cf0521facdc4c7045f3abcd455fbf1975b9ea80f8d18917195e067464"
"iai","large_cache_prefill_only_4mib","C0","","est","146324","","","12","NO-GO","549d07b648ad48ee8e9d929bfec40157626a80b8","production bench-internals internals","a8492c1cf0521facdc4c7045f3abcd455fbf1975b9ea80f8d18917195e067464"
"iai","large_cache_prefill_only_4mib","B1","","ir","58797","","","12","NO-GO","549d07b648ad48ee8e9d929bfec40157626a80b8","production bench-internals internals","8dae55b9cdf5aa5de26a596110ccb1a5c7fed7e88cf16a0c3d3ecb3d0929f148"
"iai","large_cache_prefill_only_4mib","B1","","l1","107067","","","12","NO-GO","549d07b648ad48ee8e9d929bfec40157626a80b8","production bench-internals internals","8dae55b9cdf5aa5de26a596110ccb1a5c7fed7e88cf16a0c3d3ecb3d0929f148"
"iai","large_cache_prefill_only_4mib","B1","","l2","168","","","12","NO-GO","549d07b648ad48ee8e9d929bfec40157626a80b8","production bench-internals internals","8dae55b9cdf5aa5de26a596110ccb1a5c7fed7e88cf16a0c3d3ecb3d0929f148"
"iai","large_cache_prefill_only_4mib","B1","","ram","1095","","","12","NO-GO","549d07b648ad48ee8e9d929bfec40157626a80b8","production bench-internals internals","8dae55b9cdf5aa5de26a596110ccb1a5c7fed7e88cf16a0c3d3ecb3d0929f148"
"iai","large_cache_prefill_only_4mib","B1","","total","108330","","","12","NO-GO","549d07b648ad48ee8e9d929bfec40157626a80b8","production bench-internals internals","8dae55b9cdf5aa5de26a596110ccb1a5c7fed7e88cf16a0c3d3ecb3d0929f148"
"iai","large_cache_prefill_only_4mib","B1","","est","146232","","","12","NO-GO","549d07b648ad48ee8e9d929bfec40157626a80b8","production bench-internals internals","8dae55b9cdf5aa5de26a596110ccb1a5c7fed7e88cf16a0c3d3ecb3d0929f148"
"iai","large_cache_hit_only_4mib","A1","","ir","60100","","","12","NO-GO","549d07b648ad48ee8e9d929bfec40157626a80b8","production bench-internals internals","027dd1490498486085e6588f83c525eb92c93dc3aaae44de45fd216760df9446"
"iai","large_cache_hit_only_4mib","A1","","l1","108921","","","12","NO-GO","549d07b648ad48ee8e9d929bfec40157626a80b8","production bench-internals internals","027dd1490498486085e6588f83c525eb92c93dc3aaae44de45fd216760df9446"
"iai","large_cache_hit_only_4mib","A1","","l2","168","","","12","NO-GO","549d07b648ad48ee8e9d929bfec40157626a80b8","production bench-internals internals","027dd1490498486085e6588f83c525eb92c93dc3aaae44de45fd216760df9446"
"iai","large_cache_hit_only_4mib","A1","","ram","1113","","","12","NO-GO","549d07b648ad48ee8e9d929bfec40157626a80b8","production bench-internals internals","027dd1490498486085e6588f83c525eb92c93dc3aaae44de45fd216760df9446"
"iai","large_cache_hit_only_4mib","A1","","total","110202","","","12","NO-GO","549d07b648ad48ee8e9d929bfec40157626a80b8","production bench-internals internals","027dd1490498486085e6588f83c525eb92c93dc3aaae44de45fd216760df9446"
"iai","large_cache_hit_only_4mib","A1","","est","148716","","","12","NO-GO","549d07b648ad48ee8e9d929bfec40157626a80b8","production bench-internals internals","027dd1490498486085e6588f83c525eb92c93dc3aaae44de45fd216760df9446"
"iai","large_cache_hit_only_4mib","C0","","ir","60100","","","12","NO-GO","549d07b648ad48ee8e9d929bfec40157626a80b8","production bench-internals internals","a8492c1cf0521facdc4c7045f3abcd455fbf1975b9ea80f8d18917195e067464"
"iai","large_cache_hit_only_4mib","C0","","l1","108921","","","12","NO-GO","549d07b648ad48ee8e9d929bfec40157626a80b8","production bench-internals internals","a8492c1cf0521facdc4c7045f3abcd455fbf1975b9ea80f8d18917195e067464"
"iai","large_cache_hit_only_4mib","C0","","l2","168","","","12","NO-GO","549d07b648ad48ee8e9d929bfec40157626a80b8","production bench-internals internals","a8492c1cf0521facdc4c7045f3abcd455fbf1975b9ea80f8d18917195e067464"
"iai","large_cache_hit_only_4mib","C0","","ram","1113","","","12","NO-GO","549d07b648ad48ee8e9d929bfec40157626a80b8","production bench-internals internals","a8492c1cf0521facdc4c7045f3abcd455fbf1975b9ea80f8d18917195e067464"
"iai","large_cache_hit_only_4mib","C0","","total","110202","","","12","NO-GO","549d07b648ad48ee8e9d929bfec40157626a80b8","production bench-internals internals","a8492c1cf0521facdc4c7045f3abcd455fbf1975b9ea80f8d18917195e067464"
"iai","large_cache_hit_only_4mib","C0","","est","148716","","","12","NO-GO","549d07b648ad48ee8e9d929bfec40157626a80b8","production bench-internals internals","a8492c1cf0521facdc4c7045f3abcd455fbf1975b9ea80f8d18917195e067464"
"iai","large_cache_hit_only_4mib","B1","","ir","60100","","","12","NO-GO","549d07b648ad48ee8e9d929bfec40157626a80b8","production bench-internals internals","8dae55b9cdf5aa5de26a596110ccb1a5c7fed7e88cf16a0c3d3ecb3d0929f148"
"iai","large_cache_hit_only_4mib","B1","","l1","108923","","","12","NO-GO","549d07b648ad48ee8e9d929bfec40157626a80b8","production bench-internals internals","8dae55b9cdf5aa5de26a596110ccb1a5c7fed7e88cf16a0c3d3ecb3d0929f148"
"iai","large_cache_hit_only_4mib","B1","","l2","168","","","12","NO-GO","549d07b648ad48ee8e9d929bfec40157626a80b8","production bench-internals internals","8dae55b9cdf5aa5de26a596110ccb1a5c7fed7e88cf16a0c3d3ecb3d0929f148"
"iai","large_cache_hit_only_4mib","B1","","ram","1111","","","12","NO-GO","549d07b648ad48ee8e9d929bfec40157626a80b8","production bench-internals internals","8dae55b9cdf5aa5de26a596110ccb1a5c7fed7e88cf16a0c3d3ecb3d0929f148"
"iai","large_cache_hit_only_4mib","B1","","total","110202","","","12","NO-GO","549d07b648ad48ee8e9d929bfec40157626a80b8","production bench-internals internals","8dae55b9cdf5aa5de26a596110ccb1a5c7fed7e88cf16a0c3d3ecb3d0929f148"
"iai","large_cache_hit_only_4mib","B1","","est","148648","","","12","NO-GO","549d07b648ad48ee8e9d929bfec40157626a80b8","production bench-internals internals","8dae55b9cdf5aa5de26a596110ccb1a5c7fed7e88cf16a0c3d3ecb3d0929f148"
"iai","large_cache_free_slot_search_prefill_only","A1","","ir","63607","","","12","NO-GO","549d07b648ad48ee8e9d929bfec40157626a80b8","production bench-internals internals","027dd1490498486085e6588f83c525eb92c93dc3aaae44de45fd216760df9446"
"iai","large_cache_free_slot_search_prefill_only","A1","","l1","113350","","","12","NO-GO","549d07b648ad48ee8e9d929bfec40157626a80b8","production bench-internals internals","027dd1490498486085e6588f83c525eb92c93dc3aaae44de45fd216760df9446"
"iai","large_cache_free_slot_search_prefill_only","A1","","l2","170","","","12","NO-GO","549d07b648ad48ee8e9d929bfec40157626a80b8","production bench-internals internals","027dd1490498486085e6588f83c525eb92c93dc3aaae44de45fd216760df9446"
"iai","large_cache_free_slot_search_prefill_only","A1","","ram","1222","","","12","NO-GO","549d07b648ad48ee8e9d929bfec40157626a80b8","production bench-internals internals","027dd1490498486085e6588f83c525eb92c93dc3aaae44de45fd216760df9446"
"iai","large_cache_free_slot_search_prefill_only","A1","","total","114742","","","12","NO-GO","549d07b648ad48ee8e9d929bfec40157626a80b8","production bench-internals internals","027dd1490498486085e6588f83c525eb92c93dc3aaae44de45fd216760df9446"
"iai","large_cache_free_slot_search_prefill_only","A1","","est","156970","","","12","NO-GO","549d07b648ad48ee8e9d929bfec40157626a80b8","production bench-internals internals","027dd1490498486085e6588f83c525eb92c93dc3aaae44de45fd216760df9446"
"iai","large_cache_free_slot_search_prefill_only","C0","","ir","63607","","","12","NO-GO","549d07b648ad48ee8e9d929bfec40157626a80b8","production bench-internals internals","a8492c1cf0521facdc4c7045f3abcd455fbf1975b9ea80f8d18917195e067464"
"iai","large_cache_free_slot_search_prefill_only","C0","","l1","113350","","","12","NO-GO","549d07b648ad48ee8e9d929bfec40157626a80b8","production bench-internals internals","a8492c1cf0521facdc4c7045f3abcd455fbf1975b9ea80f8d18917195e067464"
"iai","large_cache_free_slot_search_prefill_only","C0","","l2","170","","","12","NO-GO","549d07b648ad48ee8e9d929bfec40157626a80b8","production bench-internals internals","a8492c1cf0521facdc4c7045f3abcd455fbf1975b9ea80f8d18917195e067464"
"iai","large_cache_free_slot_search_prefill_only","C0","","ram","1222","","","12","NO-GO","549d07b648ad48ee8e9d929bfec40157626a80b8","production bench-internals internals","a8492c1cf0521facdc4c7045f3abcd455fbf1975b9ea80f8d18917195e067464"
"iai","large_cache_free_slot_search_prefill_only","C0","","total","114742","","","12","NO-GO","549d07b648ad48ee8e9d929bfec40157626a80b8","production bench-internals internals","a8492c1cf0521facdc4c7045f3abcd455fbf1975b9ea80f8d18917195e067464"
"iai","large_cache_free_slot_search_prefill_only","C0","","est","156970","","","12","NO-GO","549d07b648ad48ee8e9d929bfec40157626a80b8","production bench-internals internals","a8492c1cf0521facdc4c7045f3abcd455fbf1975b9ea80f8d18917195e067464"
"iai","large_cache_free_slot_search_prefill_only","B1","","ir","63607","","","12","NO-GO","549d07b648ad48ee8e9d929bfec40157626a80b8","production bench-internals internals","8dae55b9cdf5aa5de26a596110ccb1a5c7fed7e88cf16a0c3d3ecb3d0929f148"
"iai","large_cache_free_slot_search_prefill_only","B1","","l1","113353","","","12","NO-GO","549d07b648ad48ee8e9d929bfec40157626a80b8","production bench-internals internals","8dae55b9cdf5aa5de26a596110ccb1a5c7fed7e88cf16a0c3d3ecb3d0929f148"
"iai","large_cache_free_slot_search_prefill_only","B1","","l2","169","","","12","NO-GO","549d07b648ad48ee8e9d929bfec40157626a80b8","production bench-internals internals","8dae55b9cdf5aa5de26a596110ccb1a5c7fed7e88cf16a0c3d3ecb3d0929f148"
"iai","large_cache_free_slot_search_prefill_only","B1","","ram","1220","","","12","NO-GO","549d07b648ad48ee8e9d929bfec40157626a80b8","production bench-internals internals","8dae55b9cdf5aa5de26a596110ccb1a5c7fed7e88cf16a0c3d3ecb3d0929f148"
"iai","large_cache_free_slot_search_prefill_only","B1","","total","114742","","","12","NO-GO","549d07b648ad48ee8e9d929bfec40157626a80b8","production bench-internals internals","8dae55b9cdf5aa5de26a596110ccb1a5c7fed7e88cf16a0c3d3ecb3d0929f148"
"iai","large_cache_free_slot_search_prefill_only","B1","","est","156898","","","12","NO-GO","549d07b648ad48ee8e9d929bfec40157626a80b8","production bench-internals internals","8dae55b9cdf5aa5de26a596110ccb1a5c7fed7e88cf16a0c3d3ecb3d0929f148"
"iai","large_cache_free_slot_search_cycle_only","A1","","ir","75140","","","12","NO-GO","549d07b648ad48ee8e9d929bfec40157626a80b8","production bench-internals internals","027dd1490498486085e6588f83c525eb92c93dc3aaae44de45fd216760df9446"
"iai","large_cache_free_slot_search_cycle_only","A1","","l1","129682","","","12","NO-GO","549d07b648ad48ee8e9d929bfec40157626a80b8","production bench-internals internals","027dd1490498486085e6588f83c525eb92c93dc3aaae44de45fd216760df9446"
"iai","large_cache_free_slot_search_cycle_only","A1","","l2","170","","","12","NO-GO","549d07b648ad48ee8e9d929bfec40157626a80b8","production bench-internals internals","027dd1490498486085e6588f83c525eb92c93dc3aaae44de45fd216760df9446"
"iai","large_cache_free_slot_search_cycle_only","A1","","ram","1243","","","12","NO-GO","549d07b648ad48ee8e9d929bfec40157626a80b8","production bench-internals internals","027dd1490498486085e6588f83c525eb92c93dc3aaae44de45fd216760df9446"
"iai","large_cache_free_slot_search_cycle_only","A1","","total","131095","","","12","NO-GO","549d07b648ad48ee8e9d929bfec40157626a80b8","production bench-internals internals","027dd1490498486085e6588f83c525eb92c93dc3aaae44de45fd216760df9446"
"iai","large_cache_free_slot_search_cycle_only","A1","","est","174037","","","12","NO-GO","549d07b648ad48ee8e9d929bfec40157626a80b8","production bench-internals internals","027dd1490498486085e6588f83c525eb92c93dc3aaae44de45fd216760df9446"
"iai","large_cache_free_slot_search_cycle_only","C0","","ir","75140","","","12","NO-GO","549d07b648ad48ee8e9d929bfec40157626a80b8","production bench-internals internals","a8492c1cf0521facdc4c7045f3abcd455fbf1975b9ea80f8d18917195e067464"
"iai","large_cache_free_slot_search_cycle_only","C0","","l1","129682","","","12","NO-GO","549d07b648ad48ee8e9d929bfec40157626a80b8","production bench-internals internals","a8492c1cf0521facdc4c7045f3abcd455fbf1975b9ea80f8d18917195e067464"
"iai","large_cache_free_slot_search_cycle_only","C0","","l2","170","","","12","NO-GO","549d07b648ad48ee8e9d929bfec40157626a80b8","production bench-internals internals","a8492c1cf0521facdc4c7045f3abcd455fbf1975b9ea80f8d18917195e067464"
"iai","large_cache_free_slot_search_cycle_only","C0","","ram","1243","","","12","NO-GO","549d07b648ad48ee8e9d929bfec40157626a80b8","production bench-internals internals","a8492c1cf0521facdc4c7045f3abcd455fbf1975b9ea80f8d18917195e067464"
"iai","large_cache_free_slot_search_cycle_only","C0","","total","131095","","","12","NO-GO","549d07b648ad48ee8e9d929bfec40157626a80b8","production bench-internals internals","a8492c1cf0521facdc4c7045f3abcd455fbf1975b9ea80f8d18917195e067464"
"iai","large_cache_free_slot_search_cycle_only","C0","","est","174037","","","12","NO-GO","549d07b648ad48ee8e9d929bfec40157626a80b8","production bench-internals internals","a8492c1cf0521facdc4c7045f3abcd455fbf1975b9ea80f8d18917195e067464"
"iai","large_cache_free_slot_search_cycle_only","B1","","ir","75140","","","12","NO-GO","549d07b648ad48ee8e9d929bfec40157626a80b8","production bench-internals internals","8dae55b9cdf5aa5de26a596110ccb1a5c7fed7e88cf16a0c3d3ecb3d0929f148"
"iai","large_cache_free_slot_search_cycle_only","B1","","l1","129685","","","12","NO-GO","549d07b648ad48ee8e9d929bfec40157626a80b8","production bench-internals internals","8dae55b9cdf5aa5de26a596110ccb1a5c7fed7e88cf16a0c3d3ecb3d0929f148"
"iai","large_cache_free_slot_search_cycle_only","B1","","l2","169","","","12","NO-GO","549d07b648ad48ee8e9d929bfec40157626a80b8","production bench-internals internals","8dae55b9cdf5aa5de26a596110ccb1a5c7fed7e88cf16a0c3d3ecb3d0929f148"
"iai","large_cache_free_slot_search_cycle_only","B1","","ram","1241","","","12","NO-GO","549d07b648ad48ee8e9d929bfec40157626a80b8","production bench-internals internals","8dae55b9cdf5aa5de26a596110ccb1a5c7fed7e88cf16a0c3d3ecb3d0929f148"
"iai","large_cache_free_slot_search_cycle_only","B1","","total","131095","","","12","NO-GO","549d07b648ad48ee8e9d929bfec40157626a80b8","production bench-internals internals","8dae55b9cdf5aa5de26a596110ccb1a5c7fed7e88cf16a0c3d3ecb3d0929f148"
"iai","large_cache_free_slot_search_cycle_only","B1","","est","173965","","","12","NO-GO","549d07b648ad48ee8e9d929bfec40157626a80b8","production bench-internals internals","8dae55b9cdf5aa5de26a596110ccb1a5c7fed7e88cf16a0c3d3ecb3d0929f148"
"iai","realloc_grow","A1","","ir","582747","","","12","NO-GO","549d07b648ad48ee8e9d929bfec40157626a80b8","production bench-internals internals","027dd1490498486085e6588f83c525eb92c93dc3aaae44de45fd216760df9446"
"iai","realloc_grow","A1","","l1","1195393","","","12","NO-GO","549d07b648ad48ee8e9d929bfec40157626a80b8","production bench-internals internals","027dd1490498486085e6588f83c525eb92c93dc3aaae44de45fd216760df9446"
"iai","realloc_grow","A1","","l2","4412","","","12","NO-GO","549d07b648ad48ee8e9d929bfec40157626a80b8","production bench-internals internals","027dd1490498486085e6588f83c525eb92c93dc3aaae44de45fd216760df9446"
"iai","realloc_grow","A1","","ram","70961","","","12","NO-GO","549d07b648ad48ee8e9d929bfec40157626a80b8","production bench-internals internals","027dd1490498486085e6588f83c525eb92c93dc3aaae44de45fd216760df9446"
"iai","realloc_grow","A1","","total","1270766","","","12","NO-GO","549d07b648ad48ee8e9d929bfec40157626a80b8","production bench-internals internals","027dd1490498486085e6588f83c525eb92c93dc3aaae44de45fd216760df9446"
"iai","realloc_grow","A1","","est","3701088","","","12","NO-GO","549d07b648ad48ee8e9d929bfec40157626a80b8","production bench-internals internals","027dd1490498486085e6588f83c525eb92c93dc3aaae44de45fd216760df9446"
"iai","realloc_grow","C0","","ir","582759","","","12","NO-GO","549d07b648ad48ee8e9d929bfec40157626a80b8","production bench-internals internals","a8492c1cf0521facdc4c7045f3abcd455fbf1975b9ea80f8d18917195e067464"
"iai","realloc_grow","C0","","l1","1195410","","","12","NO-GO","549d07b648ad48ee8e9d929bfec40157626a80b8","production bench-internals internals","a8492c1cf0521facdc4c7045f3abcd455fbf1975b9ea80f8d18917195e067464"
"iai","realloc_grow","C0","","l2","4413","","","12","NO-GO","549d07b648ad48ee8e9d929bfec40157626a80b8","production bench-internals internals","a8492c1cf0521facdc4c7045f3abcd455fbf1975b9ea80f8d18917195e067464"
"iai","realloc_grow","C0","","ram","70963","","","12","NO-GO","549d07b648ad48ee8e9d929bfec40157626a80b8","production bench-internals internals","a8492c1cf0521facdc4c7045f3abcd455fbf1975b9ea80f8d18917195e067464"
"iai","realloc_grow","C0","","total","1270786","","","12","NO-GO","549d07b648ad48ee8e9d929bfec40157626a80b8","production bench-internals internals","a8492c1cf0521facdc4c7045f3abcd455fbf1975b9ea80f8d18917195e067464"
"iai","realloc_grow","C0","","est","3701180","","","12","NO-GO","549d07b648ad48ee8e9d929bfec40157626a80b8","production bench-internals internals","a8492c1cf0521facdc4c7045f3abcd455fbf1975b9ea80f8d18917195e067464"
"iai","realloc_grow","B1","","ir","582733","","","12","NO-GO","549d07b648ad48ee8e9d929bfec40157626a80b8","production bench-internals internals","8dae55b9cdf5aa5de26a596110ccb1a5c7fed7e88cf16a0c3d3ecb3d0929f148"
"iai","realloc_grow","B1","","l1","1195459","","","12","NO-GO","549d07b648ad48ee8e9d929bfec40157626a80b8","production bench-internals internals","8dae55b9cdf5aa5de26a596110ccb1a5c7fed7e88cf16a0c3d3ecb3d0929f148"
"iai","realloc_grow","B1","","l2","4423","","","12","NO-GO","549d07b648ad48ee8e9d929bfec40157626a80b8","production bench-internals internals","8dae55b9cdf5aa5de26a596110ccb1a5c7fed7e88cf16a0c3d3ecb3d0929f148"
"iai","realloc_grow","B1","","ram","70961","","","12","NO-GO","549d07b648ad48ee8e9d929bfec40157626a80b8","production bench-internals internals","8dae55b9cdf5aa5de26a596110ccb1a5c7fed7e88cf16a0c3d3ecb3d0929f148"
"iai","realloc_grow","B1","","total","1270843","","","12","NO-GO","549d07b648ad48ee8e9d929bfec40157626a80b8","production bench-internals internals","8dae55b9cdf5aa5de26a596110ccb1a5c7fed7e88cf16a0c3d3ecb3d0929f148"
"iai","realloc_grow","B1","","est","3701209","","","12","NO-GO","549d07b648ad48ee8e9d929bfec40157626a80b8","production bench-internals internals","8dae55b9cdf5aa5de26a596110ccb1a5c7fed7e88cf16a0c3d3ecb3d0929f148"
"iai","dealloc_realloc_burst_1088_16b_n17","A1","","ir","344181","","","12","NO-GO","549d07b648ad48ee8e9d929bfec40157626a80b8","production bench-internals internals","027dd1490498486085e6588f83c525eb92c93dc3aaae44de45fd216760df9446"
"iai","dealloc_realloc_burst_1088_16b_n17","A1","","l1","491110","","","12","NO-GO","549d07b648ad48ee8e9d929bfec40157626a80b8","production bench-internals internals","027dd1490498486085e6588f83c525eb92c93dc3aaae44de45fd216760df9446"
"iai","dealloc_realloc_burst_1088_16b_n17","A1","","l2","173","","","12","NO-GO","549d07b648ad48ee8e9d929bfec40157626a80b8","production bench-internals internals","027dd1490498486085e6588f83c525eb92c93dc3aaae44de45fd216760df9446"
"iai","dealloc_realloc_burst_1088_16b_n17","A1","","ram","1253","","","12","NO-GO","549d07b648ad48ee8e9d929bfec40157626a80b8","production bench-internals internals","027dd1490498486085e6588f83c525eb92c93dc3aaae44de45fd216760df9446"
"iai","dealloc_realloc_burst_1088_16b_n17","A1","","total","492536","","","12","NO-GO","549d07b648ad48ee8e9d929bfec40157626a80b8","production bench-internals internals","027dd1490498486085e6588f83c525eb92c93dc3aaae44de45fd216760df9446"
"iai","dealloc_realloc_burst_1088_16b_n17","A1","","est","535830","","","12","NO-GO","549d07b648ad48ee8e9d929bfec40157626a80b8","production bench-internals internals","027dd1490498486085e6588f83c525eb92c93dc3aaae44de45fd216760df9446"
"iai","dealloc_realloc_burst_1088_16b_n17","C0","","ir","344181","","","12","NO-GO","549d07b648ad48ee8e9d929bfec40157626a80b8","production bench-internals internals","a8492c1cf0521facdc4c7045f3abcd455fbf1975b9ea80f8d18917195e067464"
"iai","dealloc_realloc_burst_1088_16b_n17","C0","","l1","491110","","","12","NO-GO","549d07b648ad48ee8e9d929bfec40157626a80b8","production bench-internals internals","a8492c1cf0521facdc4c7045f3abcd455fbf1975b9ea80f8d18917195e067464"
"iai","dealloc_realloc_burst_1088_16b_n17","C0","","l2","173","","","12","NO-GO","549d07b648ad48ee8e9d929bfec40157626a80b8","production bench-internals internals","a8492c1cf0521facdc4c7045f3abcd455fbf1975b9ea80f8d18917195e067464"
"iai","dealloc_realloc_burst_1088_16b_n17","C0","","ram","1253","","","12","NO-GO","549d07b648ad48ee8e9d929bfec40157626a80b8","production bench-internals internals","a8492c1cf0521facdc4c7045f3abcd455fbf1975b9ea80f8d18917195e067464"
"iai","dealloc_realloc_burst_1088_16b_n17","C0","","total","492536","","","12","NO-GO","549d07b648ad48ee8e9d929bfec40157626a80b8","production bench-internals internals","a8492c1cf0521facdc4c7045f3abcd455fbf1975b9ea80f8d18917195e067464"
"iai","dealloc_realloc_burst_1088_16b_n17","C0","","est","535830","","","12","NO-GO","549d07b648ad48ee8e9d929bfec40157626a80b8","production bench-internals internals","a8492c1cf0521facdc4c7045f3abcd455fbf1975b9ea80f8d18917195e067464"
"iai","dealloc_realloc_burst_1088_16b_n17","B1","","ir","344181","","","12","NO-GO","549d07b648ad48ee8e9d929bfec40157626a80b8","production bench-internals internals","8dae55b9cdf5aa5de26a596110ccb1a5c7fed7e88cf16a0c3d3ecb3d0929f148"
"iai","dealloc_realloc_burst_1088_16b_n17","B1","","l1","491111","","","12","NO-GO","549d07b648ad48ee8e9d929bfec40157626a80b8","production bench-internals internals","8dae55b9cdf5aa5de26a596110ccb1a5c7fed7e88cf16a0c3d3ecb3d0929f148"
"iai","dealloc_realloc_burst_1088_16b_n17","B1","","l2","172","","","12","NO-GO","549d07b648ad48ee8e9d929bfec40157626a80b8","production bench-internals internals","8dae55b9cdf5aa5de26a596110ccb1a5c7fed7e88cf16a0c3d3ecb3d0929f148"
"iai","dealloc_realloc_burst_1088_16b_n17","B1","","ram","1253","","","12","NO-GO","549d07b648ad48ee8e9d929bfec40157626a80b8","production bench-internals internals","8dae55b9cdf5aa5de26a596110ccb1a5c7fed7e88cf16a0c3d3ecb3d0929f148"
"iai","dealloc_realloc_burst_1088_16b_n17","B1","","total","492536","","","12","NO-GO","549d07b648ad48ee8e9d929bfec40157626a80b8","production bench-internals internals","8dae55b9cdf5aa5de26a596110ccb1a5c7fed7e88cf16a0c3d3ecb3d0929f148"
"iai","dealloc_realloc_burst_1088_16b_n17","B1","","est","535826","","","12","NO-GO","549d07b648ad48ee8e9d929bfec40157626a80b8","production bench-internals internals","8dae55b9cdf5aa5de26a596110ccb1a5c7fed7e88cf16a0c3d3ecb3d0929f148"
"paired","realloc_large_shrink_8_to_6mib","B−A","","paired Ir delta","-694401","6291691","6986092","12","NO-GO","549d07b648ad48ee8e9d929bfec40157626a80b8","production bench-internals internals","A=15424053-8437961; B=14729652-8437961"
"paired","realloc_large_shrink_8_to_4p5mib","B−A","","paired Ir delta","-521409","4718827","5240236","12","NO-GO","549d07b648ad48ee8e9d929bfec40157626a80b8","production bench-internals internals","A=13678197-8437961; B=13156788-8437961"
"paired","realloc_large_shrink_8_to_3mib","B−A","","paired Ir delta","3","3494383","3494380","12","NO-GO","549d07b648ad48ee8e9d929bfec40157626a80b8","production bench-internals internals","A=11932341-8437961; B=11932344-8437961"
"paired","realloc_large_grow_6_to_8mib","B−A","","paired Ir delta","-3","9083250","9083253","12","NO-GO","549d07b648ad48ee8e9d929bfec40157626a80b8","production bench-internals internals","A=15424062-6340809; B=15424059-6340809"
"paired","realloc_large_equal_8mib","B−A","","paired Ir delta","-3","8388811","8388814","12","NO-GO","549d07b648ad48ee8e9d929bfec40157626a80b8","production bench-internals internals","A=16826787-8437973; B=16826784-8437973"
"rss_summary","realloc_large_shrink_8_to_6mib","B/A","","median absolute post-realloc RSS (9 processes)","10555392","10555392","16855040","12","NO-GO","549d07b648ad48ee8e9d929bfec40157626a80b8","production bench-internals internals","limit=16855040+0.01*16855040"
"rss_summary","realloc_large_shrink_8_to_4p5mib","B/A","","median absolute post-realloc RSS (9 processes)","10547200","10547200","15282176","12","NO-GO","549d07b648ad48ee8e9d929bfec40157626a80b8","production bench-internals internals","limit=15282176+0.01*15282176"
"rss_summary","realloc_large_shrink_8_to_3mib","B/A","","median absolute post-realloc RSS (9 processes)","13701120","13701120","13697024","12","NO-GO","549d07b648ad48ee8e9d929bfec40157626a80b8","production bench-internals internals","limit=13697024+0.01*13697024"
"rss_summary","realloc_large_grow_6_to_8mib","B/A","","median absolute post-realloc RSS (9 processes)","16850944","16850944","16850944","12","NO-GO","549d07b648ad48ee8e9d929bfec40157626a80b8","production bench-internals internals","limit=16850944+0.01*16850944"
"rss_summary","realloc_large_equal_8mib","B/A","","median absolute post-realloc RSS (9 processes)","10547200","10547200","10547200","12","NO-GO","549d07b648ad48ee8e9d929bfec40157626a80b8","production bench-internals internals","limit=10547200+0.01*10547200"
"rss_summary","cycles8to6","B/A","","max lifetime VmHWM including setup (9 processes, 20 cycles)","10563584","10563584","16863232","12","NO-GO","549d07b648ad48ee8e9d929bfec40157626a80b8","production bench-internals internals","limit=16863232+0.01*16863232"
"rss_sample","realloc_large_shrink_8_to_6mib","A","1","per-process absolute rss_bytes","16855040","","","12","NO-GO","549d07b648ad48ee8e9d929bfec40157626a80b8","production bench-internals internals","pid=373873;binary=cc526e3dd6e76f2f612fd6dd59668ee5b622c061e9d58dfcece61a511ba96559;source=111c2784b07ebd9d76e913364aeea4042b70d9dcd74a7d55629d522e45670f20"
"rss_sample","realloc_large_shrink_8_to_6mib","A","1","per-process absolute peak_bytes","16855040","","","12","NO-GO","549d07b648ad48ee8e9d929bfec40157626a80b8","production bench-internals internals","pid=373873;binary=cc526e3dd6e76f2f612fd6dd59668ee5b622c061e9d58dfcece61a511ba96559;source=111c2784b07ebd9d76e913364aeea4042b70d9dcd74a7d55629d522e45670f20"
"rss_sample","realloc_large_shrink_8_to_6mib","B","1","per-process absolute rss_bytes","10555392","","","12","NO-GO","549d07b648ad48ee8e9d929bfec40157626a80b8","production bench-internals internals","pid=373884;binary=82f3870b5a4466f3d36faf197d0dda9b4f3751d500127075c0cbbe1bfc7c3476;source=c89095be7d94f42cf63adc5a24d7870805273e565ad68150a5db4cbcdd7fffaf"
"rss_sample","realloc_large_shrink_8_to_6mib","B","1","per-process absolute peak_bytes","10555392","","","12","NO-GO","549d07b648ad48ee8e9d929bfec40157626a80b8","production bench-internals internals","pid=373884;binary=82f3870b5a4466f3d36faf197d0dda9b4f3751d500127075c0cbbe1bfc7c3476;source=c89095be7d94f42cf63adc5a24d7870805273e565ad68150a5db4cbcdd7fffaf"
"rss_sample","realloc_large_shrink_8_to_6mib","B","2","per-process absolute rss_bytes","10555392","","","12","NO-GO","549d07b648ad48ee8e9d929bfec40157626a80b8","production bench-internals internals","pid=373896;binary=82f3870b5a4466f3d36faf197d0dda9b4f3751d500127075c0cbbe1bfc7c3476;source=c89095be7d94f42cf63adc5a24d7870805273e565ad68150a5db4cbcdd7fffaf"
"rss_sample","realloc_large_shrink_8_to_6mib","B","2","per-process absolute peak_bytes","10555392","","","12","NO-GO","549d07b648ad48ee8e9d929bfec40157626a80b8","production bench-internals internals","pid=373896;binary=82f3870b5a4466f3d36faf197d0dda9b4f3751d500127075c0cbbe1bfc7c3476;source=c89095be7d94f42cf63adc5a24d7870805273e565ad68150a5db4cbcdd7fffaf"
"rss_sample","realloc_large_shrink_8_to_6mib","A","2","per-process absolute rss_bytes","16830464","","","12","NO-GO","549d07b648ad48ee8e9d929bfec40157626a80b8","production bench-internals internals","pid=373907;binary=cc526e3dd6e76f2f612fd6dd59668ee5b622c061e9d58dfcece61a511ba96559;source=111c2784b07ebd9d76e913364aeea4042b70d9dcd74a7d55629d522e45670f20"
"rss_sample","realloc_large_shrink_8_to_6mib","A","2","per-process absolute peak_bytes","16830464","","","12","NO-GO","549d07b648ad48ee8e9d929bfec40157626a80b8","production bench-internals internals","pid=373907;binary=cc526e3dd6e76f2f612fd6dd59668ee5b622c061e9d58dfcece61a511ba96559;source=111c2784b07ebd9d76e913364aeea4042b70d9dcd74a7d55629d522e45670f20"
"rss_sample","realloc_large_shrink_8_to_6mib","A","3","per-process absolute rss_bytes","16855040","","","12","NO-GO","549d07b648ad48ee8e9d929bfec40157626a80b8","production bench-internals internals","pid=373918;binary=cc526e3dd6e76f2f612fd6dd59668ee5b622c061e9d58dfcece61a511ba96559;source=111c2784b07ebd9d76e913364aeea4042b70d9dcd74a7d55629d522e45670f20"
"rss_sample","realloc_large_shrink_8_to_6mib","A","3","per-process absolute peak_bytes","16855040","","","12","NO-GO","549d07b648ad48ee8e9d929bfec40157626a80b8","production bench-internals internals","pid=373918;binary=cc526e3dd6e76f2f612fd6dd59668ee5b622c061e9d58dfcece61a511ba96559;source=111c2784b07ebd9d76e913364aeea4042b70d9dcd74a7d55629d522e45670f20"
"rss_sample","realloc_large_shrink_8_to_6mib","B","3","per-process absolute rss_bytes","10539008","","","12","NO-GO","549d07b648ad48ee8e9d929bfec40157626a80b8","production bench-internals internals","pid=373929;binary=82f3870b5a4466f3d36faf197d0dda9b4f3751d500127075c0cbbe1bfc7c3476;source=c89095be7d94f42cf63adc5a24d7870805273e565ad68150a5db4cbcdd7fffaf"
"rss_sample","realloc_large_shrink_8_to_6mib","B","3","per-process absolute peak_bytes","10539008","","","12","NO-GO","549d07b648ad48ee8e9d929bfec40157626a80b8","production bench-internals internals","pid=373929;binary=82f3870b5a4466f3d36faf197d0dda9b4f3751d500127075c0cbbe1bfc7c3476;source=c89095be7d94f42cf63adc5a24d7870805273e565ad68150a5db4cbcdd7fffaf"
"rss_sample","realloc_large_shrink_8_to_6mib","B","4","per-process absolute rss_bytes","10563584","","","12","NO-GO","549d07b648ad48ee8e9d929bfec40157626a80b8","production bench-internals internals","pid=373940;binary=82f3870b5a4466f3d36faf197d0dda9b4f3751d500127075c0cbbe1bfc7c3476;source=c89095be7d94f42cf63adc5a24d7870805273e565ad68150a5db4cbcdd7fffaf"
"rss_sample","realloc_large_shrink_8_to_6mib","B","4","per-process absolute peak_bytes","10563584","","","12","NO-GO","549d07b648ad48ee8e9d929bfec40157626a80b8","production bench-internals internals","pid=373940;binary=82f3870b5a4466f3d36faf197d0dda9b4f3751d500127075c0cbbe1bfc7c3476;source=c89095be7d94f42cf63adc5a24d7870805273e565ad68150a5db4cbcdd7fffaf"
"rss_sample","realloc_large_shrink_8_to_6mib","A","4","per-process absolute rss_bytes","16846848","","","12","NO-GO","549d07b648ad48ee8e9d929bfec40157626a80b8","production bench-internals internals","pid=373951;binary=cc526e3dd6e76f2f612fd6dd59668ee5b622c061e9d58dfcece61a511ba96559;source=111c2784b07ebd9d76e913364aeea4042b70d9dcd74a7d55629d522e45670f20"
"rss_sample","realloc_large_shrink_8_to_6mib","A","4","per-process absolute peak_bytes","16846848","","","12","NO-GO","549d07b648ad48ee8e9d929bfec40157626a80b8","production bench-internals internals","pid=373951;binary=cc526e3dd6e76f2f612fd6dd59668ee5b622c061e9d58dfcece61a511ba96559;source=111c2784b07ebd9d76e913364aeea4042b70d9dcd74a7d55629d522e45670f20"
"rss_sample","realloc_large_shrink_8_to_6mib","A","5","per-process absolute rss_bytes","16863232","","","12","NO-GO","549d07b648ad48ee8e9d929bfec40157626a80b8","production bench-internals internals","pid=373962;binary=cc526e3dd6e76f2f612fd6dd59668ee5b622c061e9d58dfcece61a511ba96559;source=111c2784b07ebd9d76e913364aeea4042b70d9dcd74a7d55629d522e45670f20"
"rss_sample","realloc_large_shrink_8_to_6mib","A","5","per-process absolute peak_bytes","16863232","","","12","NO-GO","549d07b648ad48ee8e9d929bfec40157626a80b8","production bench-internals internals","pid=373962;binary=cc526e3dd6e76f2f612fd6dd59668ee5b622c061e9d58dfcece61a511ba96559;source=111c2784b07ebd9d76e913364aeea4042b70d9dcd74a7d55629d522e45670f20"
"rss_sample","realloc_large_shrink_8_to_6mib","B","5","per-process absolute rss_bytes","10547200","","","12","NO-GO","549d07b648ad48ee8e9d929bfec40157626a80b8","production bench-internals internals","pid=373973;binary=82f3870b5a4466f3d36faf197d0dda9b4f3751d500127075c0cbbe1bfc7c3476;source=c89095be7d94f42cf63adc5a24d7870805273e565ad68150a5db4cbcdd7fffaf"
"rss_sample","realloc_large_shrink_8_to_6mib","B","5","per-process absolute peak_bytes","10547200","","","12","NO-GO","549d07b648ad48ee8e9d929bfec40157626a80b8","production bench-internals internals","pid=373973;binary=82f3870b5a4466f3d36faf197d0dda9b4f3751d500127075c0cbbe1bfc7c3476;source=c89095be7d94f42cf63adc5a24d7870805273e565ad68150a5db4cbcdd7fffaf"
"rss_sample","realloc_large_shrink_8_to_6mib","B","6","per-process absolute rss_bytes","10534912","","","12","NO-GO","549d07b648ad48ee8e9d929bfec40157626a80b8","production bench-internals internals","pid=373984;binary=82f3870b5a4466f3d36faf197d0dda9b4f3751d500127075c0cbbe1bfc7c3476;source=c89095be7d94f42cf63adc5a24d7870805273e565ad68150a5db4cbcdd7fffaf"
"rss_sample","realloc_large_shrink_8_to_6mib","B","6","per-process absolute peak_bytes","10534912","","","12","NO-GO","549d07b648ad48ee8e9d929bfec40157626a80b8","production bench-internals internals","pid=373984;binary=82f3870b5a4466f3d36faf197d0dda9b4f3751d500127075c0cbbe1bfc7c3476;source=c89095be7d94f42cf63adc5a24d7870805273e565ad68150a5db4cbcdd7fffaf"
"rss_sample","realloc_large_shrink_8_to_6mib","A","6","per-process absolute rss_bytes","16850944","","","12","NO-GO","549d07b648ad48ee8e9d929bfec40157626a80b8","production bench-internals internals","pid=373995;binary=cc526e3dd6e76f2f612fd6dd59668ee5b622c061e9d58dfcece61a511ba96559;source=111c2784b07ebd9d76e913364aeea4042b70d9dcd74a7d55629d522e45670f20"
"rss_sample","realloc_large_shrink_8_to_6mib","A","6","per-process absolute peak_bytes","16850944","","","12","NO-GO","549d07b648ad48ee8e9d929bfec40157626a80b8","production bench-internals internals","pid=373995;binary=cc526e3dd6e76f2f612fd6dd59668ee5b622c061e9d58dfcece61a511ba96559;source=111c2784b07ebd9d76e913364aeea4042b70d9dcd74a7d55629d522e45670f20"
"rss_sample","realloc_large_shrink_8_to_6mib","A","7","per-process absolute rss_bytes","16855040","","","12","NO-GO","549d07b648ad48ee8e9d929bfec40157626a80b8","production bench-internals internals","pid=374006;binary=cc526e3dd6e76f2f612fd6dd59668ee5b622c061e9d58dfcece61a511ba96559;source=111c2784b07ebd9d76e913364aeea4042b70d9dcd74a7d55629d522e45670f20"
"rss_sample","realloc_large_shrink_8_to_6mib","A","7","per-process absolute peak_bytes","16855040","","","12","NO-GO","549d07b648ad48ee8e9d929bfec40157626a80b8","production bench-internals internals","pid=374006;binary=cc526e3dd6e76f2f612fd6dd59668ee5b622c061e9d58dfcece61a511ba96559;source=111c2784b07ebd9d76e913364aeea4042b70d9dcd74a7d55629d522e45670f20"
"rss_sample","realloc_large_shrink_8_to_6mib","B","7","per-process absolute rss_bytes","10547200","","","12","NO-GO","549d07b648ad48ee8e9d929bfec40157626a80b8","production bench-internals internals","pid=374017;binary=82f3870b5a4466f3d36faf197d0dda9b4f3751d500127075c0cbbe1bfc7c3476;source=c89095be7d94f42cf63adc5a24d7870805273e565ad68150a5db4cbcdd7fffaf"
"rss_sample","realloc_large_shrink_8_to_6mib","B","7","per-process absolute peak_bytes","10547200","","","12","NO-GO","549d07b648ad48ee8e9d929bfec40157626a80b8","production bench-internals internals","pid=374017;binary=82f3870b5a4466f3d36faf197d0dda9b4f3751d500127075c0cbbe1bfc7c3476;source=c89095be7d94f42cf63adc5a24d7870805273e565ad68150a5db4cbcdd7fffaf"
"rss_sample","realloc_large_shrink_8_to_6mib","B","8","per-process absolute rss_bytes","10563584","","","12","NO-GO","549d07b648ad48ee8e9d929bfec40157626a80b8","production bench-internals internals","pid=374028;binary=82f3870b5a4466f3d36faf197d0dda9b4f3751d500127075c0cbbe1bfc7c3476;source=c89095be7d94f42cf63adc5a24d7870805273e565ad68150a5db4cbcdd7fffaf"
"rss_sample","realloc_large_shrink_8_to_6mib","B","8","per-process absolute peak_bytes","10563584","","","12","NO-GO","549d07b648ad48ee8e9d929bfec40157626a80b8","production bench-internals internals","pid=374028;binary=82f3870b5a4466f3d36faf197d0dda9b4f3751d500127075c0cbbe1bfc7c3476;source=c89095be7d94f42cf63adc5a24d7870805273e565ad68150a5db4cbcdd7fffaf"
"rss_sample","realloc_large_shrink_8_to_6mib","A","8","per-process absolute rss_bytes","16855040","","","12","NO-GO","549d07b648ad48ee8e9d929bfec40157626a80b8","production bench-internals internals","pid=374039;binary=cc526e3dd6e76f2f612fd6dd59668ee5b622c061e9d58dfcece61a511ba96559;source=111c2784b07ebd9d76e913364aeea4042b70d9dcd74a7d55629d522e45670f20"
"rss_sample","realloc_large_shrink_8_to_6mib","A","8","per-process absolute peak_bytes","16855040","","","12","NO-GO","549d07b648ad48ee8e9d929bfec40157626a80b8","production bench-internals internals","pid=374039;binary=cc526e3dd6e76f2f612fd6dd59668ee5b622c061e9d58dfcece61a511ba96559;source=111c2784b07ebd9d76e913364aeea4042b70d9dcd74a7d55629d522e45670f20"
"rss_sample","realloc_large_shrink_8_to_6mib","A","9","per-process absolute rss_bytes","16838656","","","12","NO-GO","549d07b648ad48ee8e9d929bfec40157626a80b8","production bench-internals internals","pid=374050;binary=cc526e3dd6e76f2f612fd6dd59668ee5b622c061e9d58dfcece61a511ba96559;source=111c2784b07ebd9d76e913364aeea4042b70d9dcd74a7d55629d522e45670f20"
"rss_sample","realloc_large_shrink_8_to_6mib","A","9","per-process absolute peak_bytes","16838656","","","12","NO-GO","549d07b648ad48ee8e9d929bfec40157626a80b8","production bench-internals internals","pid=374050;binary=cc526e3dd6e76f2f612fd6dd59668ee5b622c061e9d58dfcece61a511ba96559;source=111c2784b07ebd9d76e913364aeea4042b70d9dcd74a7d55629d522e45670f20"
"rss_sample","realloc_large_shrink_8_to_6mib","B","9","per-process absolute rss_bytes","10559488","","","12","NO-GO","549d07b648ad48ee8e9d929bfec40157626a80b8","production bench-internals internals","pid=374061;binary=82f3870b5a4466f3d36faf197d0dda9b4f3751d500127075c0cbbe1bfc7c3476;source=c89095be7d94f42cf63adc5a24d7870805273e565ad68150a5db4cbcdd7fffaf"
"rss_sample","realloc_large_shrink_8_to_6mib","B","9","per-process absolute peak_bytes","10559488","","","12","NO-GO","549d07b648ad48ee8e9d929bfec40157626a80b8","production bench-internals internals","pid=374061;binary=82f3870b5a4466f3d36faf197d0dda9b4f3751d500127075c0cbbe1bfc7c3476;source=c89095be7d94f42cf63adc5a24d7870805273e565ad68150a5db4cbcdd7fffaf"
"rss_sample","realloc_large_shrink_8_to_4p5mib","A","1","per-process absolute rss_bytes","15261696","","","12","NO-GO","549d07b648ad48ee8e9d929bfec40157626a80b8","production bench-internals internals","pid=374072;binary=cc526e3dd6e76f2f612fd6dd59668ee5b622c061e9d58dfcece61a511ba96559;source=111c2784b07ebd9d76e913364aeea4042b70d9dcd74a7d55629d522e45670f20"
"rss_sample","realloc_large_shrink_8_to_4p5mib","A","1","per-process absolute peak_bytes","15261696","","","12","NO-GO","549d07b648ad48ee8e9d929bfec40157626a80b8","production bench-internals internals","pid=374072;binary=cc526e3dd6e76f2f612fd6dd59668ee5b622c061e9d58dfcece61a511ba96559;source=111c2784b07ebd9d76e913364aeea4042b70d9dcd74a7d55629d522e45670f20"
"rss_sample","realloc_large_shrink_8_to_4p5mib","B","1","per-process absolute rss_bytes","10547200","","","12","NO-GO","549d07b648ad48ee8e9d929bfec40157626a80b8","production bench-internals internals","pid=374083;binary=82f3870b5a4466f3d36faf197d0dda9b4f3751d500127075c0cbbe1bfc7c3476;source=c89095be7d94f42cf63adc5a24d7870805273e565ad68150a5db4cbcdd7fffaf"
"rss_sample","realloc_large_shrink_8_to_4p5mib","B","1","per-process absolute peak_bytes","10547200","","","12","NO-GO","549d07b648ad48ee8e9d929bfec40157626a80b8","production bench-internals internals","pid=374083;binary=82f3870b5a4466f3d36faf197d0dda9b4f3751d500127075c0cbbe1bfc7c3476;source=c89095be7d94f42cf63adc5a24d7870805273e565ad68150a5db4cbcdd7fffaf"
"rss_sample","realloc_large_shrink_8_to_4p5mib","B","2","per-process absolute rss_bytes","10526720","","","12","NO-GO","549d07b648ad48ee8e9d929bfec40157626a80b8","production bench-internals internals","pid=374094;binary=82f3870b5a4466f3d36faf197d0dda9b4f3751d500127075c0cbbe1bfc7c3476;source=c89095be7d94f42cf63adc5a24d7870805273e565ad68150a5db4cbcdd7fffaf"
"rss_sample","realloc_large_shrink_8_to_4p5mib","B","2","per-process absolute peak_bytes","10526720","","","12","NO-GO","549d07b648ad48ee8e9d929bfec40157626a80b8","production bench-internals internals","pid=374094;binary=82f3870b5a4466f3d36faf197d0dda9b4f3751d500127075c0cbbe1bfc7c3476;source=c89095be7d94f42cf63adc5a24d7870805273e565ad68150a5db4cbcdd7fffaf"
"rss_sample","realloc_large_shrink_8_to_4p5mib","A","2","per-process absolute rss_bytes","15278080","","","12","NO-GO","549d07b648ad48ee8e9d929bfec40157626a80b8","production bench-internals internals","pid=374105;binary=cc526e3dd6e76f2f612fd6dd59668ee5b622c061e9d58dfcece61a511ba96559;source=111c2784b07ebd9d76e913364aeea4042b70d9dcd74a7d55629d522e45670f20"
"rss_sample","realloc_large_shrink_8_to_4p5mib","A","2","per-process absolute peak_bytes","15278080","","","12","NO-GO","549d07b648ad48ee8e9d929bfec40157626a80b8","production bench-internals internals","pid=374105;binary=cc526e3dd6e76f2f612fd6dd59668ee5b622c061e9d58dfcece61a511ba96559;source=111c2784b07ebd9d76e913364aeea4042b70d9dcd74a7d55629d522e45670f20"
"rss_sample","realloc_large_shrink_8_to_4p5mib","A","3","per-process absolute rss_bytes","15294464","","","12","NO-GO","549d07b648ad48ee8e9d929bfec40157626a80b8","production bench-internals internals","pid=374116;binary=cc526e3dd6e76f2f612fd6dd59668ee5b622c061e9d58dfcece61a511ba96559;source=111c2784b07ebd9d76e913364aeea4042b70d9dcd74a7d55629d522e45670f20"
"rss_sample","realloc_large_shrink_8_to_4p5mib","A","3","per-process absolute peak_bytes","15294464","","","12","NO-GO","549d07b648ad48ee8e9d929bfec40157626a80b8","production bench-internals internals","pid=374116;binary=cc526e3dd6e76f2f612fd6dd59668ee5b622c061e9d58dfcece61a511ba96559;source=111c2784b07ebd9d76e913364aeea4042b70d9dcd74a7d55629d522e45670f20"
"rss_sample","realloc_large_shrink_8_to_4p5mib","B","3","per-process absolute rss_bytes","10563584","","","12","NO-GO","549d07b648ad48ee8e9d929bfec40157626a80b8","production bench-internals internals","pid=374127;binary=82f3870b5a4466f3d36faf197d0dda9b4f3751d500127075c0cbbe1bfc7c3476;source=c89095be7d94f42cf63adc5a24d7870805273e565ad68150a5db4cbcdd7fffaf"
"rss_sample","realloc_large_shrink_8_to_4p5mib","B","3","per-process absolute peak_bytes","10563584","","","12","NO-GO","549d07b648ad48ee8e9d929bfec40157626a80b8","production bench-internals internals","pid=374127;binary=82f3870b5a4466f3d36faf197d0dda9b4f3751d500127075c0cbbe1bfc7c3476;source=c89095be7d94f42cf63adc5a24d7870805273e565ad68150a5db4cbcdd7fffaf"
"rss_sample","realloc_large_shrink_8_to_4p5mib","B","4","per-process absolute rss_bytes","10547200","","","12","NO-GO","549d07b648ad48ee8e9d929bfec40157626a80b8","production bench-internals internals","pid=374138;binary=82f3870b5a4466f3d36faf197d0dda9b4f3751d500127075c0cbbe1bfc7c3476;source=c89095be7d94f42cf63adc5a24d7870805273e565ad68150a5db4cbcdd7fffaf"
"rss_sample","realloc_large_shrink_8_to_4p5mib","B","4","per-process absolute peak_bytes","10547200","","","12","NO-GO","549d07b648ad48ee8e9d929bfec40157626a80b8","production bench-internals internals","pid=374138;binary=82f3870b5a4466f3d36faf197d0dda9b4f3751d500127075c0cbbe1bfc7c3476;source=c89095be7d94f42cf63adc5a24d7870805273e565ad68150a5db4cbcdd7fffaf"
"rss_sample","realloc_large_shrink_8_to_4p5mib","A","4","per-process absolute rss_bytes","15261696","","","12","NO-GO","549d07b648ad48ee8e9d929bfec40157626a80b8","production bench-internals internals","pid=374149;binary=cc526e3dd6e76f2f612fd6dd59668ee5b622c061e9d58dfcece61a511ba96559;source=111c2784b07ebd9d76e913364aeea4042b70d9dcd74a7d55629d522e45670f20"
"rss_sample","realloc_large_shrink_8_to_4p5mib","A","4","per-process absolute peak_bytes","15261696","","","12","NO-GO","549d07b648ad48ee8e9d929bfec40157626a80b8","production bench-internals internals","pid=374149;binary=cc526e3dd6e76f2f612fd6dd59668ee5b622c061e9d58dfcece61a511ba96559;source=111c2784b07ebd9d76e913364aeea4042b70d9dcd74a7d55629d522e45670f20"
"rss_sample","realloc_large_shrink_8_to_4p5mib","A","5","per-process absolute rss_bytes","15282176","","","12","NO-GO","549d07b648ad48ee8e9d929bfec40157626a80b8","production bench-internals internals","pid=374160;binary=cc526e3dd6e76f2f612fd6dd59668ee5b622c061e9d58dfcece61a511ba96559;source=111c2784b07ebd9d76e913364aeea4042b70d9dcd74a7d55629d522e45670f20"
"rss_sample","realloc_large_shrink_8_to_4p5mib","A","5","per-process absolute peak_bytes","15282176","","","12","NO-GO","549d07b648ad48ee8e9d929bfec40157626a80b8","production bench-internals internals","pid=374160;binary=cc526e3dd6e76f2f612fd6dd59668ee5b622c061e9d58dfcece61a511ba96559;source=111c2784b07ebd9d76e913364aeea4042b70d9dcd74a7d55629d522e45670f20"
"rss_sample","realloc_large_shrink_8_to_4p5mib","B","5","per-process absolute rss_bytes","10534912","","","12","NO-GO","549d07b648ad48ee8e9d929bfec40157626a80b8","production bench-internals internals","pid=374171;binary=82f3870b5a4466f3d36faf197d0dda9b4f3751d500127075c0cbbe1bfc7c3476;source=c89095be7d94f42cf63adc5a24d7870805273e565ad68150a5db4cbcdd7fffaf"
"rss_sample","realloc_large_shrink_8_to_4p5mib","B","5","per-process absolute peak_bytes","10534912","","","12","NO-GO","549d07b648ad48ee8e9d929bfec40157626a80b8","production bench-internals internals","pid=374171;binary=82f3870b5a4466f3d36faf197d0dda9b4f3751d500127075c0cbbe1bfc7c3476;source=c89095be7d94f42cf63adc5a24d7870805273e565ad68150a5db4cbcdd7fffaf"
"rss_sample","realloc_large_shrink_8_to_4p5mib","B","6","per-process absolute rss_bytes","10530816","","","12","NO-GO","549d07b648ad48ee8e9d929bfec40157626a80b8","production bench-internals internals","pid=374182;binary=82f3870b5a4466f3d36faf197d0dda9b4f3751d500127075c0cbbe1bfc7c3476;source=c89095be7d94f42cf63adc5a24d7870805273e565ad68150a5db4cbcdd7fffaf"
"rss_sample","realloc_large_shrink_8_to_4p5mib","B","6","per-process absolute peak_bytes","10530816","","","12","NO-GO","549d07b648ad48ee8e9d929bfec40157626a80b8","production bench-internals internals","pid=374182;binary=82f3870b5a4466f3d36faf197d0dda9b4f3751d500127075c0cbbe1bfc7c3476;source=c89095be7d94f42cf63adc5a24d7870805273e565ad68150a5db4cbcdd7fffaf"
"rss_sample","realloc_large_shrink_8_to_4p5mib","A","6","per-process absolute rss_bytes","15290368","","","12","NO-GO","549d07b648ad48ee8e9d929bfec40157626a80b8","production bench-internals internals","pid=374193;binary=cc526e3dd6e76f2f612fd6dd59668ee5b622c061e9d58dfcece61a511ba96559;source=111c2784b07ebd9d76e913364aeea4042b70d9dcd74a7d55629d522e45670f20"
"rss_sample","realloc_large_shrink_8_to_4p5mib","A","6","per-process absolute peak_bytes","15290368","","","12","NO-GO","549d07b648ad48ee8e9d929bfec40157626a80b8","production bench-internals internals","pid=374193;binary=cc526e3dd6e76f2f612fd6dd59668ee5b622c061e9d58dfcece61a511ba96559;source=111c2784b07ebd9d76e913364aeea4042b70d9dcd74a7d55629d522e45670f20"
"rss_sample","realloc_large_shrink_8_to_4p5mib","A","7","per-process absolute rss_bytes","15261696","","","12","NO-GO","549d07b648ad48ee8e9d929bfec40157626a80b8","production bench-internals internals","pid=374204;binary=cc526e3dd6e76f2f612fd6dd59668ee5b622c061e9d58dfcece61a511ba96559;source=111c2784b07ebd9d76e913364aeea4042b70d9dcd74a7d55629d522e45670f20"
"rss_sample","realloc_large_shrink_8_to_4p5mib","A","7","per-process absolute peak_bytes","15261696","","","12","NO-GO","549d07b648ad48ee8e9d929bfec40157626a80b8","production bench-internals internals","pid=374204;binary=cc526e3dd6e76f2f612fd6dd59668ee5b622c061e9d58dfcece61a511ba96559;source=111c2784b07ebd9d76e913364aeea4042b70d9dcd74a7d55629d522e45670f20"
"rss_sample","realloc_large_shrink_8_to_4p5mib","B","7","per-process absolute rss_bytes","10543104","","","12","NO-GO","549d07b648ad48ee8e9d929bfec40157626a80b8","production bench-internals internals","pid=374215;binary=82f3870b5a4466f3d36faf197d0dda9b4f3751d500127075c0cbbe1bfc7c3476;source=c89095be7d94f42cf63adc5a24d7870805273e565ad68150a5db4cbcdd7fffaf"
"rss_sample","realloc_large_shrink_8_to_4p5mib","B","7","per-process absolute peak_bytes","10543104","","","12","NO-GO","549d07b648ad48ee8e9d929bfec40157626a80b8","production bench-internals internals","pid=374215;binary=82f3870b5a4466f3d36faf197d0dda9b4f3751d500127075c0cbbe1bfc7c3476;source=c89095be7d94f42cf63adc5a24d7870805273e565ad68150a5db4cbcdd7fffaf"
"rss_sample","realloc_large_shrink_8_to_4p5mib","B","8","per-process absolute rss_bytes","10551296","","","12","NO-GO","549d07b648ad48ee8e9d929bfec40157626a80b8","production bench-internals internals","pid=374226;binary=82f3870b5a4466f3d36faf197d0dda9b4f3751d500127075c0cbbe1bfc7c3476;source=c89095be7d94f42cf63adc5a24d7870805273e565ad68150a5db4cbcdd7fffaf"
"rss_sample","realloc_large_shrink_8_to_4p5mib","B","8","per-process absolute peak_bytes","10551296","","","12","NO-GO","549d07b648ad48ee8e9d929bfec40157626a80b8","production bench-internals internals","pid=374226;binary=82f3870b5a4466f3d36faf197d0dda9b4f3751d500127075c0cbbe1bfc7c3476;source=c89095be7d94f42cf63adc5a24d7870805273e565ad68150a5db4cbcdd7fffaf"
"rss_sample","realloc_large_shrink_8_to_4p5mib","A","8","per-process absolute rss_bytes","15290368","","","12","NO-GO","549d07b648ad48ee8e9d929bfec40157626a80b8","production bench-internals internals","pid=374237;binary=cc526e3dd6e76f2f612fd6dd59668ee5b622c061e9d58dfcece61a511ba96559;source=111c2784b07ebd9d76e913364aeea4042b70d9dcd74a7d55629d522e45670f20"
"rss_sample","realloc_large_shrink_8_to_4p5mib","A","8","per-process absolute peak_bytes","15290368","","","12","NO-GO","549d07b648ad48ee8e9d929bfec40157626a80b8","production bench-internals internals","pid=374237;binary=cc526e3dd6e76f2f612fd6dd59668ee5b622c061e9d58dfcece61a511ba96559;source=111c2784b07ebd9d76e913364aeea4042b70d9dcd74a7d55629d522e45670f20"
"rss_sample","realloc_large_shrink_8_to_4p5mib","A","9","per-process absolute rss_bytes","15290368","","","12","NO-GO","549d07b648ad48ee8e9d929bfec40157626a80b8","production bench-internals internals","pid=374248;binary=cc526e3dd6e76f2f612fd6dd59668ee5b622c061e9d58dfcece61a511ba96559;source=111c2784b07ebd9d76e913364aeea4042b70d9dcd74a7d55629d522e45670f20"
"rss_sample","realloc_large_shrink_8_to_4p5mib","A","9","per-process absolute peak_bytes","15290368","","","12","NO-GO","549d07b648ad48ee8e9d929bfec40157626a80b8","production bench-internals internals","pid=374248;binary=cc526e3dd6e76f2f612fd6dd59668ee5b622c061e9d58dfcece61a511ba96559;source=111c2784b07ebd9d76e913364aeea4042b70d9dcd74a7d55629d522e45670f20"
"rss_sample","realloc_large_shrink_8_to_4p5mib","B","9","per-process absolute rss_bytes","10547200","","","12","NO-GO","549d07b648ad48ee8e9d929bfec40157626a80b8","production bench-internals internals","pid=374259;binary=82f3870b5a4466f3d36faf197d0dda9b4f3751d500127075c0cbbe1bfc7c3476;source=c89095be7d94f42cf63adc5a24d7870805273e565ad68150a5db4cbcdd7fffaf"
"rss_sample","realloc_large_shrink_8_to_4p5mib","B","9","per-process absolute peak_bytes","10547200","","","12","NO-GO","549d07b648ad48ee8e9d929bfec40157626a80b8","production bench-internals internals","pid=374259;binary=82f3870b5a4466f3d36faf197d0dda9b4f3751d500127075c0cbbe1bfc7c3476;source=c89095be7d94f42cf63adc5a24d7870805273e565ad68150a5db4cbcdd7fffaf"
"rss_sample","realloc_large_shrink_8_to_3mib","A","1","per-process absolute rss_bytes","13692928","","","12","NO-GO","549d07b648ad48ee8e9d929bfec40157626a80b8","production bench-internals internals","pid=374270;binary=cc526e3dd6e76f2f612fd6dd59668ee5b622c061e9d58dfcece61a511ba96559;source=111c2784b07ebd9d76e913364aeea4042b70d9dcd74a7d55629d522e45670f20"
"rss_sample","realloc_large_shrink_8_to_3mib","A","1","per-process absolute peak_bytes","13692928","","","12","NO-GO","549d07b648ad48ee8e9d929bfec40157626a80b8","production bench-internals internals","pid=374270;binary=cc526e3dd6e76f2f612fd6dd59668ee5b622c061e9d58dfcece61a511ba96559;source=111c2784b07ebd9d76e913364aeea4042b70d9dcd74a7d55629d522e45670f20"
"rss_sample","realloc_large_shrink_8_to_3mib","B","1","per-process absolute rss_bytes","13684736","","","12","NO-GO","549d07b648ad48ee8e9d929bfec40157626a80b8","production bench-internals internals","pid=374281;binary=82f3870b5a4466f3d36faf197d0dda9b4f3751d500127075c0cbbe1bfc7c3476;source=c89095be7d94f42cf63adc5a24d7870805273e565ad68150a5db4cbcdd7fffaf"
"rss_sample","realloc_large_shrink_8_to_3mib","B","1","per-process absolute peak_bytes","13684736","","","12","NO-GO","549d07b648ad48ee8e9d929bfec40157626a80b8","production bench-internals internals","pid=374281;binary=82f3870b5a4466f3d36faf197d0dda9b4f3751d500127075c0cbbe1bfc7c3476;source=c89095be7d94f42cf63adc5a24d7870805273e565ad68150a5db4cbcdd7fffaf"
"rss_sample","realloc_large_shrink_8_to_3mib","B","2","per-process absolute rss_bytes","13684736","","","12","NO-GO","549d07b648ad48ee8e9d929bfec40157626a80b8","production bench-internals internals","pid=374292;binary=82f3870b5a4466f3d36faf197d0dda9b4f3751d500127075c0cbbe1bfc7c3476;source=c89095be7d94f42cf63adc5a24d7870805273e565ad68150a5db4cbcdd7fffaf"
"rss_sample","realloc_large_shrink_8_to_3mib","B","2","per-process absolute peak_bytes","13684736","","","12","NO-GO","549d07b648ad48ee8e9d929bfec40157626a80b8","production bench-internals internals","pid=374292;binary=82f3870b5a4466f3d36faf197d0dda9b4f3751d500127075c0cbbe1bfc7c3476;source=c89095be7d94f42cf63adc5a24d7870805273e565ad68150a5db4cbcdd7fffaf"
"rss_sample","realloc_large_shrink_8_to_3mib","A","2","per-process absolute rss_bytes","13705216","","","12","NO-GO","549d07b648ad48ee8e9d929bfec40157626a80b8","production bench-internals internals","pid=374303;binary=cc526e3dd6e76f2f612fd6dd59668ee5b622c061e9d58dfcece61a511ba96559;source=111c2784b07ebd9d76e913364aeea4042b70d9dcd74a7d55629d522e45670f20"
"rss_sample","realloc_large_shrink_8_to_3mib","A","2","per-process absolute peak_bytes","13705216","","","12","NO-GO","549d07b648ad48ee8e9d929bfec40157626a80b8","production bench-internals internals","pid=374303;binary=cc526e3dd6e76f2f612fd6dd59668ee5b622c061e9d58dfcece61a511ba96559;source=111c2784b07ebd9d76e913364aeea4042b70d9dcd74a7d55629d522e45670f20"
"rss_sample","realloc_large_shrink_8_to_3mib","A","3","per-process absolute rss_bytes","13697024","","","12","NO-GO","549d07b648ad48ee8e9d929bfec40157626a80b8","production bench-internals internals","pid=374314;binary=cc526e3dd6e76f2f612fd6dd59668ee5b622c061e9d58dfcece61a511ba96559;source=111c2784b07ebd9d76e913364aeea4042b70d9dcd74a7d55629d522e45670f20"
"rss_sample","realloc_large_shrink_8_to_3mib","A","3","per-process absolute peak_bytes","13697024","","","12","NO-GO","549d07b648ad48ee8e9d929bfec40157626a80b8","production bench-internals internals","pid=374314;binary=cc526e3dd6e76f2f612fd6dd59668ee5b622c061e9d58dfcece61a511ba96559;source=111c2784b07ebd9d76e913364aeea4042b70d9dcd74a7d55629d522e45670f20"
"rss_sample","realloc_large_shrink_8_to_3mib","B","3","per-process absolute rss_bytes","13709312","","","12","NO-GO","549d07b648ad48ee8e9d929bfec40157626a80b8","production bench-internals internals","pid=374325;binary=82f3870b5a4466f3d36faf197d0dda9b4f3751d500127075c0cbbe1bfc7c3476;source=c89095be7d94f42cf63adc5a24d7870805273e565ad68150a5db4cbcdd7fffaf"
"rss_sample","realloc_large_shrink_8_to_3mib","B","3","per-process absolute peak_bytes","13709312","","","12","NO-GO","549d07b648ad48ee8e9d929bfec40157626a80b8","production bench-internals internals","pid=374325;binary=82f3870b5a4466f3d36faf197d0dda9b4f3751d500127075c0cbbe1bfc7c3476;source=c89095be7d94f42cf63adc5a24d7870805273e565ad68150a5db4cbcdd7fffaf"
"rss_sample","realloc_large_shrink_8_to_3mib","B","4","per-process absolute rss_bytes","13701120","","","12","NO-GO","549d07b648ad48ee8e9d929bfec40157626a80b8","production bench-internals internals","pid=374336;binary=82f3870b5a4466f3d36faf197d0dda9b4f3751d500127075c0cbbe1bfc7c3476;source=c89095be7d94f42cf63adc5a24d7870805273e565ad68150a5db4cbcdd7fffaf"
"rss_sample","realloc_large_shrink_8_to_3mib","B","4","per-process absolute peak_bytes","13701120","","","12","NO-GO","549d07b648ad48ee8e9d929bfec40157626a80b8","production bench-internals internals","pid=374336;binary=82f3870b5a4466f3d36faf197d0dda9b4f3751d500127075c0cbbe1bfc7c3476;source=c89095be7d94f42cf63adc5a24d7870805273e565ad68150a5db4cbcdd7fffaf"
"rss_sample","realloc_large_shrink_8_to_3mib","A","4","per-process absolute rss_bytes","13705216","","","12","NO-GO","549d07b648ad48ee8e9d929bfec40157626a80b8","production bench-internals internals","pid=374347;binary=cc526e3dd6e76f2f612fd6dd59668ee5b622c061e9d58dfcece61a511ba96559;source=111c2784b07ebd9d76e913364aeea4042b70d9dcd74a7d55629d522e45670f20"
"rss_sample","realloc_large_shrink_8_to_3mib","A","4","per-process absolute peak_bytes","13705216","","","12","NO-GO","549d07b648ad48ee8e9d929bfec40157626a80b8","production bench-internals internals","pid=374347;binary=cc526e3dd6e76f2f612fd6dd59668ee5b622c061e9d58dfcece61a511ba96559;source=111c2784b07ebd9d76e913364aeea4042b70d9dcd74a7d55629d522e45670f20"
"rss_sample","realloc_large_shrink_8_to_3mib","A","5","per-process absolute rss_bytes","13701120","","","12","NO-GO","549d07b648ad48ee8e9d929bfec40157626a80b8","production bench-internals internals","pid=374358;binary=cc526e3dd6e76f2f612fd6dd59668ee5b622c061e9d58dfcece61a511ba96559;source=111c2784b07ebd9d76e913364aeea4042b70d9dcd74a7d55629d522e45670f20"
"rss_sample","realloc_large_shrink_8_to_3mib","A","5","per-process absolute peak_bytes","13701120","","","12","NO-GO","549d07b648ad48ee8e9d929bfec40157626a80b8","production bench-internals internals","pid=374358;binary=cc526e3dd6e76f2f612fd6dd59668ee5b622c061e9d58dfcece61a511ba96559;source=111c2784b07ebd9d76e913364aeea4042b70d9dcd74a7d55629d522e45670f20"
"rss_sample","realloc_large_shrink_8_to_3mib","B","5","per-process absolute rss_bytes","13705216","","","12","NO-GO","549d07b648ad48ee8e9d929bfec40157626a80b8","production bench-internals internals","pid=374369;binary=82f3870b5a4466f3d36faf197d0dda9b4f3751d500127075c0cbbe1bfc7c3476;source=c89095be7d94f42cf63adc5a24d7870805273e565ad68150a5db4cbcdd7fffaf"
"rss_sample","realloc_large_shrink_8_to_3mib","B","5","per-process absolute peak_bytes","13705216","","","12","NO-GO","549d07b648ad48ee8e9d929bfec40157626a80b8","production bench-internals internals","pid=374369;binary=82f3870b5a4466f3d36faf197d0dda9b4f3751d500127075c0cbbe1bfc7c3476;source=c89095be7d94f42cf63adc5a24d7870805273e565ad68150a5db4cbcdd7fffaf"
"rss_sample","realloc_large_shrink_8_to_3mib","B","6","per-process absolute rss_bytes","13705216","","","12","NO-GO","549d07b648ad48ee8e9d929bfec40157626a80b8","production bench-internals internals","pid=374380;binary=82f3870b5a4466f3d36faf197d0dda9b4f3751d500127075c0cbbe1bfc7c3476;source=c89095be7d94f42cf63adc5a24d7870805273e565ad68150a5db4cbcdd7fffaf"
"rss_sample","realloc_large_shrink_8_to_3mib","B","6","per-process absolute peak_bytes","13705216","","","12","NO-GO","549d07b648ad48ee8e9d929bfec40157626a80b8","production bench-internals internals","pid=374380;binary=82f3870b5a4466f3d36faf197d0dda9b4f3751d500127075c0cbbe1bfc7c3476;source=c89095be7d94f42cf63adc5a24d7870805273e565ad68150a5db4cbcdd7fffaf"
"rss_sample","realloc_large_shrink_8_to_3mib","A","6","per-process absolute rss_bytes","13688832","","","12","NO-GO","549d07b648ad48ee8e9d929bfec40157626a80b8","production bench-internals internals","pid=374391;binary=cc526e3dd6e76f2f612fd6dd59668ee5b622c061e9d58dfcece61a511ba96559;source=111c2784b07ebd9d76e913364aeea4042b70d9dcd74a7d55629d522e45670f20"
"rss_sample","realloc_large_shrink_8_to_3mib","A","6","per-process absolute peak_bytes","13688832","","","12","NO-GO","549d07b648ad48ee8e9d929bfec40157626a80b8","production bench-internals internals","pid=374391;binary=cc526e3dd6e76f2f612fd6dd59668ee5b622c061e9d58dfcece61a511ba96559;source=111c2784b07ebd9d76e913364aeea4042b70d9dcd74a7d55629d522e45670f20"
"rss_sample","realloc_large_shrink_8_to_3mib","A","7","per-process absolute rss_bytes","13688832","","","12","NO-GO","549d07b648ad48ee8e9d929bfec40157626a80b8","production bench-internals internals","pid=374402;binary=cc526e3dd6e76f2f612fd6dd59668ee5b622c061e9d58dfcece61a511ba96559;source=111c2784b07ebd9d76e913364aeea4042b70d9dcd74a7d55629d522e45670f20"
"rss_sample","realloc_large_shrink_8_to_3mib","A","7","per-process absolute peak_bytes","13688832","","","12","NO-GO","549d07b648ad48ee8e9d929bfec40157626a80b8","production bench-internals internals","pid=374402;binary=cc526e3dd6e76f2f612fd6dd59668ee5b622c061e9d58dfcece61a511ba96559;source=111c2784b07ebd9d76e913364aeea4042b70d9dcd74a7d55629d522e45670f20"
"rss_sample","realloc_large_shrink_8_to_3mib","B","7","per-process absolute rss_bytes","13717504","","","12","NO-GO","549d07b648ad48ee8e9d929bfec40157626a80b8","production bench-internals internals","pid=374413;binary=82f3870b5a4466f3d36faf197d0dda9b4f3751d500127075c0cbbe1bfc7c3476;source=c89095be7d94f42cf63adc5a24d7870805273e565ad68150a5db4cbcdd7fffaf"
"rss_sample","realloc_large_shrink_8_to_3mib","B","7","per-process absolute peak_bytes","13717504","","","12","NO-GO","549d07b648ad48ee8e9d929bfec40157626a80b8","production bench-internals internals","pid=374413;binary=82f3870b5a4466f3d36faf197d0dda9b4f3751d500127075c0cbbe1bfc7c3476;source=c89095be7d94f42cf63adc5a24d7870805273e565ad68150a5db4cbcdd7fffaf"
"rss_sample","realloc_large_shrink_8_to_3mib","B","8","per-process absolute rss_bytes","13697024","","","12","NO-GO","549d07b648ad48ee8e9d929bfec40157626a80b8","production bench-internals internals","pid=374424;binary=82f3870b5a4466f3d36faf197d0dda9b4f3751d500127075c0cbbe1bfc7c3476;source=c89095be7d94f42cf63adc5a24d7870805273e565ad68150a5db4cbcdd7fffaf"
"rss_sample","realloc_large_shrink_8_to_3mib","B","8","per-process absolute peak_bytes","13697024","","","12","NO-GO","549d07b648ad48ee8e9d929bfec40157626a80b8","production bench-internals internals","pid=374424;binary=82f3870b5a4466f3d36faf197d0dda9b4f3751d500127075c0cbbe1bfc7c3476;source=c89095be7d94f42cf63adc5a24d7870805273e565ad68150a5db4cbcdd7fffaf"
"rss_sample","realloc_large_shrink_8_to_3mib","A","8","per-process absolute rss_bytes","13713408","","","12","NO-GO","549d07b648ad48ee8e9d929bfec40157626a80b8","production bench-internals internals","pid=374435;binary=cc526e3dd6e76f2f612fd6dd59668ee5b622c061e9d58dfcece61a511ba96559;source=111c2784b07ebd9d76e913364aeea4042b70d9dcd74a7d55629d522e45670f20"
"rss_sample","realloc_large_shrink_8_to_3mib","A","8","per-process absolute peak_bytes","13713408","","","12","NO-GO","549d07b648ad48ee8e9d929bfec40157626a80b8","production bench-internals internals","pid=374435;binary=cc526e3dd6e76f2f612fd6dd59668ee5b622c061e9d58dfcece61a511ba96559;source=111c2784b07ebd9d76e913364aeea4042b70d9dcd74a7d55629d522e45670f20"
"rss_sample","realloc_large_shrink_8_to_3mib","A","9","per-process absolute rss_bytes","13697024","","","12","NO-GO","549d07b648ad48ee8e9d929bfec40157626a80b8","production bench-internals internals","pid=374446;binary=cc526e3dd6e76f2f612fd6dd59668ee5b622c061e9d58dfcece61a511ba96559;source=111c2784b07ebd9d76e913364aeea4042b70d9dcd74a7d55629d522e45670f20"
"rss_sample","realloc_large_shrink_8_to_3mib","A","9","per-process absolute peak_bytes","13697024","","","12","NO-GO","549d07b648ad48ee8e9d929bfec40157626a80b8","production bench-internals internals","pid=374446;binary=cc526e3dd6e76f2f612fd6dd59668ee5b622c061e9d58dfcece61a511ba96559;source=111c2784b07ebd9d76e913364aeea4042b70d9dcd74a7d55629d522e45670f20"
"rss_sample","realloc_large_shrink_8_to_3mib","B","9","per-process absolute rss_bytes","13684736","","","12","NO-GO","549d07b648ad48ee8e9d929bfec40157626a80b8","production bench-internals internals","pid=374457;binary=82f3870b5a4466f3d36faf197d0dda9b4f3751d500127075c0cbbe1bfc7c3476;source=c89095be7d94f42cf63adc5a24d7870805273e565ad68150a5db4cbcdd7fffaf"
"rss_sample","realloc_large_shrink_8_to_3mib","B","9","per-process absolute peak_bytes","13684736","","","12","NO-GO","549d07b648ad48ee8e9d929bfec40157626a80b8","production bench-internals internals","pid=374457;binary=82f3870b5a4466f3d36faf197d0dda9b4f3751d500127075c0cbbe1bfc7c3476;source=c89095be7d94f42cf63adc5a24d7870805273e565ad68150a5db4cbcdd7fffaf"
"rss_sample","realloc_large_grow_6_to_8mib","A","1","per-process absolute rss_bytes","16846848","","","12","NO-GO","549d07b648ad48ee8e9d929bfec40157626a80b8","production bench-internals internals","pid=374468;binary=cc526e3dd6e76f2f612fd6dd59668ee5b622c061e9d58dfcece61a511ba96559;source=111c2784b07ebd9d76e913364aeea4042b70d9dcd74a7d55629d522e45670f20"
"rss_sample","realloc_large_grow_6_to_8mib","A","1","per-process absolute peak_bytes","16846848","","","12","NO-GO","549d07b648ad48ee8e9d929bfec40157626a80b8","production bench-internals internals","pid=374468;binary=cc526e3dd6e76f2f612fd6dd59668ee5b622c061e9d58dfcece61a511ba96559;source=111c2784b07ebd9d76e913364aeea4042b70d9dcd74a7d55629d522e45670f20"
"rss_sample","realloc_large_grow_6_to_8mib","B","1","per-process absolute rss_bytes","16846848","","","12","NO-GO","549d07b648ad48ee8e9d929bfec40157626a80b8","production bench-internals internals","pid=374479;binary=82f3870b5a4466f3d36faf197d0dda9b4f3751d500127075c0cbbe1bfc7c3476;source=c89095be7d94f42cf63adc5a24d7870805273e565ad68150a5db4cbcdd7fffaf"
"rss_sample","realloc_large_grow_6_to_8mib","B","1","per-process absolute peak_bytes","16846848","","","12","NO-GO","549d07b648ad48ee8e9d929bfec40157626a80b8","production bench-internals internals","pid=374479;binary=82f3870b5a4466f3d36faf197d0dda9b4f3751d500127075c0cbbe1bfc7c3476;source=c89095be7d94f42cf63adc5a24d7870805273e565ad68150a5db4cbcdd7fffaf"
"rss_sample","realloc_large_grow_6_to_8mib","B","2","per-process absolute rss_bytes","16859136","","","12","NO-GO","549d07b648ad48ee8e9d929bfec40157626a80b8","production bench-internals internals","pid=374490;binary=82f3870b5a4466f3d36faf197d0dda9b4f3751d500127075c0cbbe1bfc7c3476;source=c89095be7d94f42cf63adc5a24d7870805273e565ad68150a5db4cbcdd7fffaf"
"rss_sample","realloc_large_grow_6_to_8mib","B","2","per-process absolute peak_bytes","16859136","","","12","NO-GO","549d07b648ad48ee8e9d929bfec40157626a80b8","production bench-internals internals","pid=374490;binary=82f3870b5a4466f3d36faf197d0dda9b4f3751d500127075c0cbbe1bfc7c3476;source=c89095be7d94f42cf63adc5a24d7870805273e565ad68150a5db4cbcdd7fffaf"
"rss_sample","realloc_large_grow_6_to_8mib","A","2","per-process absolute rss_bytes","16842752","","","12","NO-GO","549d07b648ad48ee8e9d929bfec40157626a80b8","production bench-internals internals","pid=374501;binary=cc526e3dd6e76f2f612fd6dd59668ee5b622c061e9d58dfcece61a511ba96559;source=111c2784b07ebd9d76e913364aeea4042b70d9dcd74a7d55629d522e45670f20"
"rss_sample","realloc_large_grow_6_to_8mib","A","2","per-process absolute peak_bytes","16842752","","","12","NO-GO","549d07b648ad48ee8e9d929bfec40157626a80b8","production bench-internals internals","pid=374501;binary=cc526e3dd6e76f2f612fd6dd59668ee5b622c061e9d58dfcece61a511ba96559;source=111c2784b07ebd9d76e913364aeea4042b70d9dcd74a7d55629d522e45670f20"
"rss_sample","realloc_large_grow_6_to_8mib","A","3","per-process absolute rss_bytes","16846848","","","12","NO-GO","549d07b648ad48ee8e9d929bfec40157626a80b8","production bench-internals internals","pid=374512;binary=cc526e3dd6e76f2f612fd6dd59668ee5b622c061e9d58dfcece61a511ba96559;source=111c2784b07ebd9d76e913364aeea4042b70d9dcd74a7d55629d522e45670f20"
"rss_sample","realloc_large_grow_6_to_8mib","A","3","per-process absolute peak_bytes","16846848","","","12","NO-GO","549d07b648ad48ee8e9d929bfec40157626a80b8","production bench-internals internals","pid=374512;binary=cc526e3dd6e76f2f612fd6dd59668ee5b622c061e9d58dfcece61a511ba96559;source=111c2784b07ebd9d76e913364aeea4042b70d9dcd74a7d55629d522e45670f20"
"rss_sample","realloc_large_grow_6_to_8mib","B","3","per-process absolute rss_bytes","16859136","","","12","NO-GO","549d07b648ad48ee8e9d929bfec40157626a80b8","production bench-internals internals","pid=374523;binary=82f3870b5a4466f3d36faf197d0dda9b4f3751d500127075c0cbbe1bfc7c3476;source=c89095be7d94f42cf63adc5a24d7870805273e565ad68150a5db4cbcdd7fffaf"
"rss_sample","realloc_large_grow_6_to_8mib","B","3","per-process absolute peak_bytes","16859136","","","12","NO-GO","549d07b648ad48ee8e9d929bfec40157626a80b8","production bench-internals internals","pid=374523;binary=82f3870b5a4466f3d36faf197d0dda9b4f3751d500127075c0cbbe1bfc7c3476;source=c89095be7d94f42cf63adc5a24d7870805273e565ad68150a5db4cbcdd7fffaf"
"rss_sample","realloc_large_grow_6_to_8mib","B","4","per-process absolute rss_bytes","16797696","","","12","NO-GO","549d07b648ad48ee8e9d929bfec40157626a80b8","production bench-internals internals","pid=374534;binary=82f3870b5a4466f3d36faf197d0dda9b4f3751d500127075c0cbbe1bfc7c3476;source=c89095be7d94f42cf63adc5a24d7870805273e565ad68150a5db4cbcdd7fffaf"
"rss_sample","realloc_large_grow_6_to_8mib","B","4","per-process absolute peak_bytes","16797696","","","12","NO-GO","549d07b648ad48ee8e9d929bfec40157626a80b8","production bench-internals internals","pid=374534;binary=82f3870b5a4466f3d36faf197d0dda9b4f3751d500127075c0cbbe1bfc7c3476;source=c89095be7d94f42cf63adc5a24d7870805273e565ad68150a5db4cbcdd7fffaf"
"rss_sample","realloc_large_grow_6_to_8mib","A","4","per-process absolute rss_bytes","16850944","","","12","NO-GO","549d07b648ad48ee8e9d929bfec40157626a80b8","production bench-internals internals","pid=374545;binary=cc526e3dd6e76f2f612fd6dd59668ee5b622c061e9d58dfcece61a511ba96559;source=111c2784b07ebd9d76e913364aeea4042b70d9dcd74a7d55629d522e45670f20"
"rss_sample","realloc_large_grow_6_to_8mib","A","4","per-process absolute peak_bytes","16850944","","","12","NO-GO","549d07b648ad48ee8e9d929bfec40157626a80b8","production bench-internals internals","pid=374545;binary=cc526e3dd6e76f2f612fd6dd59668ee5b622c061e9d58dfcece61a511ba96559;source=111c2784b07ebd9d76e913364aeea4042b70d9dcd74a7d55629d522e45670f20"
"rss_sample","realloc_large_grow_6_to_8mib","A","5","per-process absolute rss_bytes","16834560","","","12","NO-GO","549d07b648ad48ee8e9d929bfec40157626a80b8","production bench-internals internals","pid=374556;binary=cc526e3dd6e76f2f612fd6dd59668ee5b622c061e9d58dfcece61a511ba96559;source=111c2784b07ebd9d76e913364aeea4042b70d9dcd74a7d55629d522e45670f20"
"rss_sample","realloc_large_grow_6_to_8mib","A","5","per-process absolute peak_bytes","16834560","","","12","NO-GO","549d07b648ad48ee8e9d929bfec40157626a80b8","production bench-internals internals","pid=374556;binary=cc526e3dd6e76f2f612fd6dd59668ee5b622c061e9d58dfcece61a511ba96559;source=111c2784b07ebd9d76e913364aeea4042b70d9dcd74a7d55629d522e45670f20"
"rss_sample","realloc_large_grow_6_to_8mib","B","5","per-process absolute rss_bytes","16863232","","","12","NO-GO","549d07b648ad48ee8e9d929bfec40157626a80b8","production bench-internals internals","pid=374567;binary=82f3870b5a4466f3d36faf197d0dda9b4f3751d500127075c0cbbe1bfc7c3476;source=c89095be7d94f42cf63adc5a24d7870805273e565ad68150a5db4cbcdd7fffaf"
"rss_sample","realloc_large_grow_6_to_8mib","B","5","per-process absolute peak_bytes","16863232","","","12","NO-GO","549d07b648ad48ee8e9d929bfec40157626a80b8","production bench-internals internals","pid=374567;binary=82f3870b5a4466f3d36faf197d0dda9b4f3751d500127075c0cbbe1bfc7c3476;source=c89095be7d94f42cf63adc5a24d7870805273e565ad68150a5db4cbcdd7fffaf"
"rss_sample","realloc_large_grow_6_to_8mib","B","6","per-process absolute rss_bytes","16834560","","","12","NO-GO","549d07b648ad48ee8e9d929bfec40157626a80b8","production bench-internals internals","pid=374578;binary=82f3870b5a4466f3d36faf197d0dda9b4f3751d500127075c0cbbe1bfc7c3476;source=c89095be7d94f42cf63adc5a24d7870805273e565ad68150a5db4cbcdd7fffaf"
"rss_sample","realloc_large_grow_6_to_8mib","B","6","per-process absolute peak_bytes","16834560","","","12","NO-GO","549d07b648ad48ee8e9d929bfec40157626a80b8","production bench-internals internals","pid=374578;binary=82f3870b5a4466f3d36faf197d0dda9b4f3751d500127075c0cbbe1bfc7c3476;source=c89095be7d94f42cf63adc5a24d7870805273e565ad68150a5db4cbcdd7fffaf"
"rss_sample","realloc_large_grow_6_to_8mib","A","6","per-process absolute rss_bytes","16863232","","","12","NO-GO","549d07b648ad48ee8e9d929bfec40157626a80b8","production bench-internals internals","pid=374589;binary=cc526e3dd6e76f2f612fd6dd59668ee5b622c061e9d58dfcece61a511ba96559;source=111c2784b07ebd9d76e913364aeea4042b70d9dcd74a7d55629d522e45670f20"
"rss_sample","realloc_large_grow_6_to_8mib","A","6","per-process absolute peak_bytes","16863232","","","12","NO-GO","549d07b648ad48ee8e9d929bfec40157626a80b8","production bench-internals internals","pid=374589;binary=cc526e3dd6e76f2f612fd6dd59668ee5b622c061e9d58dfcece61a511ba96559;source=111c2784b07ebd9d76e913364aeea4042b70d9dcd74a7d55629d522e45670f20"
"rss_sample","realloc_large_grow_6_to_8mib","A","7","per-process absolute rss_bytes","16850944","","","12","NO-GO","549d07b648ad48ee8e9d929bfec40157626a80b8","production bench-internals internals","pid=374602;binary=cc526e3dd6e76f2f612fd6dd59668ee5b622c061e9d58dfcece61a511ba96559;source=111c2784b07ebd9d76e913364aeea4042b70d9dcd74a7d55629d522e45670f20"
"rss_sample","realloc_large_grow_6_to_8mib","A","7","per-process absolute peak_bytes","16850944","","","12","NO-GO","549d07b648ad48ee8e9d929bfec40157626a80b8","production bench-internals internals","pid=374602;binary=cc526e3dd6e76f2f612fd6dd59668ee5b622c061e9d58dfcece61a511ba96559;source=111c2784b07ebd9d76e913364aeea4042b70d9dcd74a7d55629d522e45670f20"
"rss_sample","realloc_large_grow_6_to_8mib","B","7","per-process absolute rss_bytes","16834560","","","12","NO-GO","549d07b648ad48ee8e9d929bfec40157626a80b8","production bench-internals internals","pid=374613;binary=82f3870b5a4466f3d36faf197d0dda9b4f3751d500127075c0cbbe1bfc7c3476;source=c89095be7d94f42cf63adc5a24d7870805273e565ad68150a5db4cbcdd7fffaf"
"rss_sample","realloc_large_grow_6_to_8mib","B","7","per-process absolute peak_bytes","16834560","","","12","NO-GO","549d07b648ad48ee8e9d929bfec40157626a80b8","production bench-internals internals","pid=374613;binary=82f3870b5a4466f3d36faf197d0dda9b4f3751d500127075c0cbbe1bfc7c3476;source=c89095be7d94f42cf63adc5a24d7870805273e565ad68150a5db4cbcdd7fffaf"
"rss_sample","realloc_large_grow_6_to_8mib","B","8","per-process absolute rss_bytes","16850944","","","12","NO-GO","549d07b648ad48ee8e9d929bfec40157626a80b8","production bench-internals internals","pid=374624;binary=82f3870b5a4466f3d36faf197d0dda9b4f3751d500127075c0cbbe1bfc7c3476;source=c89095be7d94f42cf63adc5a24d7870805273e565ad68150a5db4cbcdd7fffaf"
"rss_sample","realloc_large_grow_6_to_8mib","B","8","per-process absolute peak_bytes","16850944","","","12","NO-GO","549d07b648ad48ee8e9d929bfec40157626a80b8","production bench-internals internals","pid=374624;binary=82f3870b5a4466f3d36faf197d0dda9b4f3751d500127075c0cbbe1bfc7c3476;source=c89095be7d94f42cf63adc5a24d7870805273e565ad68150a5db4cbcdd7fffaf"
"rss_sample","realloc_large_grow_6_to_8mib","A","8","per-process absolute rss_bytes","16855040","","","12","NO-GO","549d07b648ad48ee8e9d929bfec40157626a80b8","production bench-internals internals","pid=374636;binary=cc526e3dd6e76f2f612fd6dd59668ee5b622c061e9d58dfcece61a511ba96559;source=111c2784b07ebd9d76e913364aeea4042b70d9dcd74a7d55629d522e45670f20"
"rss_sample","realloc_large_grow_6_to_8mib","A","8","per-process absolute peak_bytes","16855040","","","12","NO-GO","549d07b648ad48ee8e9d929bfec40157626a80b8","production bench-internals internals","pid=374636;binary=cc526e3dd6e76f2f612fd6dd59668ee5b622c061e9d58dfcece61a511ba96559;source=111c2784b07ebd9d76e913364aeea4042b70d9dcd74a7d55629d522e45670f20"
"rss_sample","realloc_large_grow_6_to_8mib","A","9","per-process absolute rss_bytes","16850944","","","12","NO-GO","549d07b648ad48ee8e9d929bfec40157626a80b8","production bench-internals internals","pid=374647;binary=cc526e3dd6e76f2f612fd6dd59668ee5b622c061e9d58dfcece61a511ba96559;source=111c2784b07ebd9d76e913364aeea4042b70d9dcd74a7d55629d522e45670f20"
"rss_sample","realloc_large_grow_6_to_8mib","A","9","per-process absolute peak_bytes","16850944","","","12","NO-GO","549d07b648ad48ee8e9d929bfec40157626a80b8","production bench-internals internals","pid=374647;binary=cc526e3dd6e76f2f612fd6dd59668ee5b622c061e9d58dfcece61a511ba96559;source=111c2784b07ebd9d76e913364aeea4042b70d9dcd74a7d55629d522e45670f20"
"rss_sample","realloc_large_grow_6_to_8mib","B","9","per-process absolute rss_bytes","16855040","","","12","NO-GO","549d07b648ad48ee8e9d929bfec40157626a80b8","production bench-internals internals","pid=374658;binary=82f3870b5a4466f3d36faf197d0dda9b4f3751d500127075c0cbbe1bfc7c3476;source=c89095be7d94f42cf63adc5a24d7870805273e565ad68150a5db4cbcdd7fffaf"
"rss_sample","realloc_large_grow_6_to_8mib","B","9","per-process absolute peak_bytes","16855040","","","12","NO-GO","549d07b648ad48ee8e9d929bfec40157626a80b8","production bench-internals internals","pid=374658;binary=82f3870b5a4466f3d36faf197d0dda9b4f3751d500127075c0cbbe1bfc7c3476;source=c89095be7d94f42cf63adc5a24d7870805273e565ad68150a5db4cbcdd7fffaf"
"rss_sample","realloc_large_equal_8mib","A","1","per-process absolute rss_bytes","10563584","","","12","NO-GO","549d07b648ad48ee8e9d929bfec40157626a80b8","production bench-internals internals","pid=374669;binary=cc526e3dd6e76f2f612fd6dd59668ee5b622c061e9d58dfcece61a511ba96559;source=111c2784b07ebd9d76e913364aeea4042b70d9dcd74a7d55629d522e45670f20"
"rss_sample","realloc_large_equal_8mib","A","1","per-process absolute peak_bytes","10563584","","","12","NO-GO","549d07b648ad48ee8e9d929bfec40157626a80b8","production bench-internals internals","pid=374669;binary=cc526e3dd6e76f2f612fd6dd59668ee5b622c061e9d58dfcece61a511ba96559;source=111c2784b07ebd9d76e913364aeea4042b70d9dcd74a7d55629d522e45670f20"
"rss_sample","realloc_large_equal_8mib","B","1","per-process absolute rss_bytes","10534912","","","12","NO-GO","549d07b648ad48ee8e9d929bfec40157626a80b8","production bench-internals internals","pid=374680;binary=82f3870b5a4466f3d36faf197d0dda9b4f3751d500127075c0cbbe1bfc7c3476;source=c89095be7d94f42cf63adc5a24d7870805273e565ad68150a5db4cbcdd7fffaf"
"rss_sample","realloc_large_equal_8mib","B","1","per-process absolute peak_bytes","10534912","","","12","NO-GO","549d07b648ad48ee8e9d929bfec40157626a80b8","production bench-internals internals","pid=374680;binary=82f3870b5a4466f3d36faf197d0dda9b4f3751d500127075c0cbbe1bfc7c3476;source=c89095be7d94f42cf63adc5a24d7870805273e565ad68150a5db4cbcdd7fffaf"
"rss_sample","realloc_large_equal_8mib","B","2","per-process absolute rss_bytes","10551296","","","12","NO-GO","549d07b648ad48ee8e9d929bfec40157626a80b8","production bench-internals internals","pid=374691;binary=82f3870b5a4466f3d36faf197d0dda9b4f3751d500127075c0cbbe1bfc7c3476;source=c89095be7d94f42cf63adc5a24d7870805273e565ad68150a5db4cbcdd7fffaf"
"rss_sample","realloc_large_equal_8mib","B","2","per-process absolute peak_bytes","10551296","","","12","NO-GO","549d07b648ad48ee8e9d929bfec40157626a80b8","production bench-internals internals","pid=374691;binary=82f3870b5a4466f3d36faf197d0dda9b4f3751d500127075c0cbbe1bfc7c3476;source=c89095be7d94f42cf63adc5a24d7870805273e565ad68150a5db4cbcdd7fffaf"
"rss_sample","realloc_large_equal_8mib","A","2","per-process absolute rss_bytes","10547200","","","12","NO-GO","549d07b648ad48ee8e9d929bfec40157626a80b8","production bench-internals internals","pid=374702;binary=cc526e3dd6e76f2f612fd6dd59668ee5b622c061e9d58dfcece61a511ba96559;source=111c2784b07ebd9d76e913364aeea4042b70d9dcd74a7d55629d522e45670f20"
"rss_sample","realloc_large_equal_8mib","A","2","per-process absolute peak_bytes","10547200","","","12","NO-GO","549d07b648ad48ee8e9d929bfec40157626a80b8","production bench-internals internals","pid=374702;binary=cc526e3dd6e76f2f612fd6dd59668ee5b622c061e9d58dfcece61a511ba96559;source=111c2784b07ebd9d76e913364aeea4042b70d9dcd74a7d55629d522e45670f20"
"rss_sample","realloc_large_equal_8mib","A","3","per-process absolute rss_bytes","10551296","","","12","NO-GO","549d07b648ad48ee8e9d929bfec40157626a80b8","production bench-internals internals","pid=374713;binary=cc526e3dd6e76f2f612fd6dd59668ee5b622c061e9d58dfcece61a511ba96559;source=111c2784b07ebd9d76e913364aeea4042b70d9dcd74a7d55629d522e45670f20"
"rss_sample","realloc_large_equal_8mib","A","3","per-process absolute peak_bytes","10551296","","","12","NO-GO","549d07b648ad48ee8e9d929bfec40157626a80b8","production bench-internals internals","pid=374713;binary=cc526e3dd6e76f2f612fd6dd59668ee5b622c061e9d58dfcece61a511ba96559;source=111c2784b07ebd9d76e913364aeea4042b70d9dcd74a7d55629d522e45670f20"
"rss_sample","realloc_large_equal_8mib","B","3","per-process absolute rss_bytes","10547200","","","12","NO-GO","549d07b648ad48ee8e9d929bfec40157626a80b8","production bench-internals internals","pid=374724;binary=82f3870b5a4466f3d36faf197d0dda9b4f3751d500127075c0cbbe1bfc7c3476;source=c89095be7d94f42cf63adc5a24d7870805273e565ad68150a5db4cbcdd7fffaf"
"rss_sample","realloc_large_equal_8mib","B","3","per-process absolute peak_bytes","10547200","","","12","NO-GO","549d07b648ad48ee8e9d929bfec40157626a80b8","production bench-internals internals","pid=374724;binary=82f3870b5a4466f3d36faf197d0dda9b4f3751d500127075c0cbbe1bfc7c3476;source=c89095be7d94f42cf63adc5a24d7870805273e565ad68150a5db4cbcdd7fffaf"
"rss_sample","realloc_large_equal_8mib","B","4","per-process absolute rss_bytes","10534912","","","12","NO-GO","549d07b648ad48ee8e9d929bfec40157626a80b8","production bench-internals internals","pid=374735;binary=82f3870b5a4466f3d36faf197d0dda9b4f3751d500127075c0cbbe1bfc7c3476;source=c89095be7d94f42cf63adc5a24d7870805273e565ad68150a5db4cbcdd7fffaf"
"rss_sample","realloc_large_equal_8mib","B","4","per-process absolute peak_bytes","10534912","","","12","NO-GO","549d07b648ad48ee8e9d929bfec40157626a80b8","production bench-internals internals","pid=374735;binary=82f3870b5a4466f3d36faf197d0dda9b4f3751d500127075c0cbbe1bfc7c3476;source=c89095be7d94f42cf63adc5a24d7870805273e565ad68150a5db4cbcdd7fffaf"
"rss_sample","realloc_large_equal_8mib","A","4","per-process absolute rss_bytes","10547200","","","12","NO-GO","549d07b648ad48ee8e9d929bfec40157626a80b8","production bench-internals internals","pid=374746;binary=cc526e3dd6e76f2f612fd6dd59668ee5b622c061e9d58dfcece61a511ba96559;source=111c2784b07ebd9d76e913364aeea4042b70d9dcd74a7d55629d522e45670f20"
"rss_sample","realloc_large_equal_8mib","A","4","per-process absolute peak_bytes","10547200","","","12","NO-GO","549d07b648ad48ee8e9d929bfec40157626a80b8","production bench-internals internals","pid=374746;binary=cc526e3dd6e76f2f612fd6dd59668ee5b622c061e9d58dfcece61a511ba96559;source=111c2784b07ebd9d76e913364aeea4042b70d9dcd74a7d55629d522e45670f20"
"rss_sample","realloc_large_equal_8mib","A","5","per-process absolute rss_bytes","10539008","","","12","NO-GO","549d07b648ad48ee8e9d929bfec40157626a80b8","production bench-internals internals","pid=374757;binary=cc526e3dd6e76f2f612fd6dd59668ee5b622c061e9d58dfcece61a511ba96559;source=111c2784b07ebd9d76e913364aeea4042b70d9dcd74a7d55629d522e45670f20"
"rss_sample","realloc_large_equal_8mib","A","5","per-process absolute peak_bytes","10539008","","","12","NO-GO","549d07b648ad48ee8e9d929bfec40157626a80b8","production bench-internals internals","pid=374757;binary=cc526e3dd6e76f2f612fd6dd59668ee5b622c061e9d58dfcece61a511ba96559;source=111c2784b07ebd9d76e913364aeea4042b70d9dcd74a7d55629d522e45670f20"
"rss_sample","realloc_large_equal_8mib","B","5","per-process absolute rss_bytes","10543104","","","12","NO-GO","549d07b648ad48ee8e9d929bfec40157626a80b8","production bench-internals internals","pid=374768;binary=82f3870b5a4466f3d36faf197d0dda9b4f3751d500127075c0cbbe1bfc7c3476;source=c89095be7d94f42cf63adc5a24d7870805273e565ad68150a5db4cbcdd7fffaf"
"rss_sample","realloc_large_equal_8mib","B","5","per-process absolute peak_bytes","10543104","","","12","NO-GO","549d07b648ad48ee8e9d929bfec40157626a80b8","production bench-internals internals","pid=374768;binary=82f3870b5a4466f3d36faf197d0dda9b4f3751d500127075c0cbbe1bfc7c3476;source=c89095be7d94f42cf63adc5a24d7870805273e565ad68150a5db4cbcdd7fffaf"
"rss_sample","realloc_large_equal_8mib","B","6","per-process absolute rss_bytes","10555392","","","12","NO-GO","549d07b648ad48ee8e9d929bfec40157626a80b8","production bench-internals internals","pid=374779;binary=82f3870b5a4466f3d36faf197d0dda9b4f3751d500127075c0cbbe1bfc7c3476;source=c89095be7d94f42cf63adc5a24d7870805273e565ad68150a5db4cbcdd7fffaf"
"rss_sample","realloc_large_equal_8mib","B","6","per-process absolute peak_bytes","10555392","","","12","NO-GO","549d07b648ad48ee8e9d929bfec40157626a80b8","production bench-internals internals","pid=374779;binary=82f3870b5a4466f3d36faf197d0dda9b4f3751d500127075c0cbbe1bfc7c3476;source=c89095be7d94f42cf63adc5a24d7870805273e565ad68150a5db4cbcdd7fffaf"
"rss_sample","realloc_large_equal_8mib","A","6","per-process absolute rss_bytes","10534912","","","12","NO-GO","549d07b648ad48ee8e9d929bfec40157626a80b8","production bench-internals internals","pid=374790;binary=cc526e3dd6e76f2f612fd6dd59668ee5b622c061e9d58dfcece61a511ba96559;source=111c2784b07ebd9d76e913364aeea4042b70d9dcd74a7d55629d522e45670f20"
"rss_sample","realloc_large_equal_8mib","A","6","per-process absolute peak_bytes","10534912","","","12","NO-GO","549d07b648ad48ee8e9d929bfec40157626a80b8","production bench-internals internals","pid=374790;binary=cc526e3dd6e76f2f612fd6dd59668ee5b622c061e9d58dfcece61a511ba96559;source=111c2784b07ebd9d76e913364aeea4042b70d9dcd74a7d55629d522e45670f20"
"rss_sample","realloc_large_equal_8mib","A","7","per-process absolute rss_bytes","10543104","","","12","NO-GO","549d07b648ad48ee8e9d929bfec40157626a80b8","production bench-internals internals","pid=374801;binary=cc526e3dd6e76f2f612fd6dd59668ee5b622c061e9d58dfcece61a511ba96559;source=111c2784b07ebd9d76e913364aeea4042b70d9dcd74a7d55629d522e45670f20"
"rss_sample","realloc_large_equal_8mib","A","7","per-process absolute peak_bytes","10543104","","","12","NO-GO","549d07b648ad48ee8e9d929bfec40157626a80b8","production bench-internals internals","pid=374801;binary=cc526e3dd6e76f2f612fd6dd59668ee5b622c061e9d58dfcece61a511ba96559;source=111c2784b07ebd9d76e913364aeea4042b70d9dcd74a7d55629d522e45670f20"
"rss_sample","realloc_large_equal_8mib","B","7","per-process absolute rss_bytes","10539008","","","12","NO-GO","549d07b648ad48ee8e9d929bfec40157626a80b8","production bench-internals internals","pid=374812;binary=82f3870b5a4466f3d36faf197d0dda9b4f3751d500127075c0cbbe1bfc7c3476;source=c89095be7d94f42cf63adc5a24d7870805273e565ad68150a5db4cbcdd7fffaf"
"rss_sample","realloc_large_equal_8mib","B","7","per-process absolute peak_bytes","10539008","","","12","NO-GO","549d07b648ad48ee8e9d929bfec40157626a80b8","production bench-internals internals","pid=374812;binary=82f3870b5a4466f3d36faf197d0dda9b4f3751d500127075c0cbbe1bfc7c3476;source=c89095be7d94f42cf63adc5a24d7870805273e565ad68150a5db4cbcdd7fffaf"
"rss_sample","realloc_large_equal_8mib","B","8","per-process absolute rss_bytes","10563584","","","12","NO-GO","549d07b648ad48ee8e9d929bfec40157626a80b8","production bench-internals internals","pid=374823;binary=82f3870b5a4466f3d36faf197d0dda9b4f3751d500127075c0cbbe1bfc7c3476;source=c89095be7d94f42cf63adc5a24d7870805273e565ad68150a5db4cbcdd7fffaf"
"rss_sample","realloc_large_equal_8mib","B","8","per-process absolute peak_bytes","10563584","","","12","NO-GO","549d07b648ad48ee8e9d929bfec40157626a80b8","production bench-internals internals","pid=374823;binary=82f3870b5a4466f3d36faf197d0dda9b4f3751d500127075c0cbbe1bfc7c3476;source=c89095be7d94f42cf63adc5a24d7870805273e565ad68150a5db4cbcdd7fffaf"
"rss_sample","realloc_large_equal_8mib","A","8","per-process absolute rss_bytes","10551296","","","12","NO-GO","549d07b648ad48ee8e9d929bfec40157626a80b8","production bench-internals internals","pid=374834;binary=cc526e3dd6e76f2f612fd6dd59668ee5b622c061e9d58dfcece61a511ba96559;source=111c2784b07ebd9d76e913364aeea4042b70d9dcd74a7d55629d522e45670f20"
"rss_sample","realloc_large_equal_8mib","A","8","per-process absolute peak_bytes","10551296","","","12","NO-GO","549d07b648ad48ee8e9d929bfec40157626a80b8","production bench-internals internals","pid=374834;binary=cc526e3dd6e76f2f612fd6dd59668ee5b622c061e9d58dfcece61a511ba96559;source=111c2784b07ebd9d76e913364aeea4042b70d9dcd74a7d55629d522e45670f20"
"rss_sample","realloc_large_equal_8mib","A","9","per-process absolute rss_bytes","10530816","","","12","NO-GO","549d07b648ad48ee8e9d929bfec40157626a80b8","production bench-internals internals","pid=374845;binary=cc526e3dd6e76f2f612fd6dd59668ee5b622c061e9d58dfcece61a511ba96559;source=111c2784b07ebd9d76e913364aeea4042b70d9dcd74a7d55629d522e45670f20"
"rss_sample","realloc_large_equal_8mib","A","9","per-process absolute peak_bytes","10530816","","","12","NO-GO","549d07b648ad48ee8e9d929bfec40157626a80b8","production bench-internals internals","pid=374845;binary=cc526e3dd6e76f2f612fd6dd59668ee5b622c061e9d58dfcece61a511ba96559;source=111c2784b07ebd9d76e913364aeea4042b70d9dcd74a7d55629d522e45670f20"
"rss_sample","realloc_large_equal_8mib","B","9","per-process absolute rss_bytes","10547200","","","12","NO-GO","549d07b648ad48ee8e9d929bfec40157626a80b8","production bench-internals internals","pid=374856;binary=82f3870b5a4466f3d36faf197d0dda9b4f3751d500127075c0cbbe1bfc7c3476;source=c89095be7d94f42cf63adc5a24d7870805273e565ad68150a5db4cbcdd7fffaf"
"rss_sample","realloc_large_equal_8mib","B","9","per-process absolute peak_bytes","10547200","","","12","NO-GO","549d07b648ad48ee8e9d929bfec40157626a80b8","production bench-internals internals","pid=374856;binary=82f3870b5a4466f3d36faf197d0dda9b4f3751d500127075c0cbbe1bfc7c3476;source=c89095be7d94f42cf63adc5a24d7870805273e565ad68150a5db4cbcdd7fffaf"
"rss_sample","cycles8to6","A","1","per-process absolute rss_bytes","16842752","","","12","NO-GO","549d07b648ad48ee8e9d929bfec40157626a80b8","production bench-internals internals","pid=374867;binary=cc526e3dd6e76f2f612fd6dd59668ee5b622c061e9d58dfcece61a511ba96559;source=111c2784b07ebd9d76e913364aeea4042b70d9dcd74a7d55629d522e45670f20"
"rss_sample","cycles8to6","A","1","per-process absolute peak_bytes","16842752","","","12","NO-GO","549d07b648ad48ee8e9d929bfec40157626a80b8","production bench-internals internals","pid=374867;binary=cc526e3dd6e76f2f612fd6dd59668ee5b622c061e9d58dfcece61a511ba96559;source=111c2784b07ebd9d76e913364aeea4042b70d9dcd74a7d55629d522e45670f20"
"rss_sample","cycles8to6","B","1","per-process absolute rss_bytes","10559488","","","12","NO-GO","549d07b648ad48ee8e9d929bfec40157626a80b8","production bench-internals internals","pid=374878;binary=82f3870b5a4466f3d36faf197d0dda9b4f3751d500127075c0cbbe1bfc7c3476;source=c89095be7d94f42cf63adc5a24d7870805273e565ad68150a5db4cbcdd7fffaf"
"rss_sample","cycles8to6","B","1","per-process absolute peak_bytes","10559488","","","12","NO-GO","549d07b648ad48ee8e9d929bfec40157626a80b8","production bench-internals internals","pid=374878;binary=82f3870b5a4466f3d36faf197d0dda9b4f3751d500127075c0cbbe1bfc7c3476;source=c89095be7d94f42cf63adc5a24d7870805273e565ad68150a5db4cbcdd7fffaf"
"rss_sample","cycles8to6","B","2","per-process absolute rss_bytes","10539008","","","12","NO-GO","549d07b648ad48ee8e9d929bfec40157626a80b8","production bench-internals internals","pid=374889;binary=82f3870b5a4466f3d36faf197d0dda9b4f3751d500127075c0cbbe1bfc7c3476;source=c89095be7d94f42cf63adc5a24d7870805273e565ad68150a5db4cbcdd7fffaf"
"rss_sample","cycles8to6","B","2","per-process absolute peak_bytes","10539008","","","12","NO-GO","549d07b648ad48ee8e9d929bfec40157626a80b8","production bench-internals internals","pid=374889;binary=82f3870b5a4466f3d36faf197d0dda9b4f3751d500127075c0cbbe1bfc7c3476;source=c89095be7d94f42cf63adc5a24d7870805273e565ad68150a5db4cbcdd7fffaf"
"rss_sample","cycles8to6","A","2","per-process absolute rss_bytes","16863232","","","12","NO-GO","549d07b648ad48ee8e9d929bfec40157626a80b8","production bench-internals internals","pid=374900;binary=cc526e3dd6e76f2f612fd6dd59668ee5b622c061e9d58dfcece61a511ba96559;source=111c2784b07ebd9d76e913364aeea4042b70d9dcd74a7d55629d522e45670f20"
"rss_sample","cycles8to6","A","2","per-process absolute peak_bytes","16863232","","","12","NO-GO","549d07b648ad48ee8e9d929bfec40157626a80b8","production bench-internals internals","pid=374900;binary=cc526e3dd6e76f2f612fd6dd59668ee5b622c061e9d58dfcece61a511ba96559;source=111c2784b07ebd9d76e913364aeea4042b70d9dcd74a7d55629d522e45670f20"
"rss_sample","cycles8to6","A","3","per-process absolute rss_bytes","16855040","","","12","NO-GO","549d07b648ad48ee8e9d929bfec40157626a80b8","production bench-internals internals","pid=374911;binary=cc526e3dd6e76f2f612fd6dd59668ee5b622c061e9d58dfcece61a511ba96559;source=111c2784b07ebd9d76e913364aeea4042b70d9dcd74a7d55629d522e45670f20"
"rss_sample","cycles8to6","A","3","per-process absolute peak_bytes","16855040","","","12","NO-GO","549d07b648ad48ee8e9d929bfec40157626a80b8","production bench-internals internals","pid=374911;binary=cc526e3dd6e76f2f612fd6dd59668ee5b622c061e9d58dfcece61a511ba96559;source=111c2784b07ebd9d76e913364aeea4042b70d9dcd74a7d55629d522e45670f20"
"rss_sample","cycles8to6","B","3","per-process absolute rss_bytes","10563584","","","12","NO-GO","549d07b648ad48ee8e9d929bfec40157626a80b8","production bench-internals internals","pid=374922;binary=82f3870b5a4466f3d36faf197d0dda9b4f3751d500127075c0cbbe1bfc7c3476;source=c89095be7d94f42cf63adc5a24d7870805273e565ad68150a5db4cbcdd7fffaf"
"rss_sample","cycles8to6","B","3","per-process absolute peak_bytes","10563584","","","12","NO-GO","549d07b648ad48ee8e9d929bfec40157626a80b8","production bench-internals internals","pid=374922;binary=82f3870b5a4466f3d36faf197d0dda9b4f3751d500127075c0cbbe1bfc7c3476;source=c89095be7d94f42cf63adc5a24d7870805273e565ad68150a5db4cbcdd7fffaf"
"rss_sample","cycles8to6","B","4","per-process absolute rss_bytes","10551296","","","12","NO-GO","549d07b648ad48ee8e9d929bfec40157626a80b8","production bench-internals internals","pid=374933;binary=82f3870b5a4466f3d36faf197d0dda9b4f3751d500127075c0cbbe1bfc7c3476;source=c89095be7d94f42cf63adc5a24d7870805273e565ad68150a5db4cbcdd7fffaf"
"rss_sample","cycles8to6","B","4","per-process absolute peak_bytes","10551296","","","12","NO-GO","549d07b648ad48ee8e9d929bfec40157626a80b8","production bench-internals internals","pid=374933;binary=82f3870b5a4466f3d36faf197d0dda9b4f3751d500127075c0cbbe1bfc7c3476;source=c89095be7d94f42cf63adc5a24d7870805273e565ad68150a5db4cbcdd7fffaf"
"rss_sample","cycles8to6","A","4","per-process absolute rss_bytes","16834560","","","12","NO-GO","549d07b648ad48ee8e9d929bfec40157626a80b8","production bench-internals internals","pid=374944;binary=cc526e3dd6e76f2f612fd6dd59668ee5b622c061e9d58dfcece61a511ba96559;source=111c2784b07ebd9d76e913364aeea4042b70d9dcd74a7d55629d522e45670f20"
"rss_sample","cycles8to6","A","4","per-process absolute peak_bytes","16834560","","","12","NO-GO","549d07b648ad48ee8e9d929bfec40157626a80b8","production bench-internals internals","pid=374944;binary=cc526e3dd6e76f2f612fd6dd59668ee5b622c061e9d58dfcece61a511ba96559;source=111c2784b07ebd9d76e913364aeea4042b70d9dcd74a7d55629d522e45670f20"
"rss_sample","cycles8to6","A","5","per-process absolute rss_bytes","16846848","","","12","NO-GO","549d07b648ad48ee8e9d929bfec40157626a80b8","production bench-internals internals","pid=374955;binary=cc526e3dd6e76f2f612fd6dd59668ee5b622c061e9d58dfcece61a511ba96559;source=111c2784b07ebd9d76e913364aeea4042b70d9dcd74a7d55629d522e45670f20"
"rss_sample","cycles8to6","A","5","per-process absolute peak_bytes","16846848","","","12","NO-GO","549d07b648ad48ee8e9d929bfec40157626a80b8","production bench-internals internals","pid=374955;binary=cc526e3dd6e76f2f612fd6dd59668ee5b622c061e9d58dfcece61a511ba96559;source=111c2784b07ebd9d76e913364aeea4042b70d9dcd74a7d55629d522e45670f20"
"rss_sample","cycles8to6","B","5","per-process absolute rss_bytes","10547200","","","12","NO-GO","549d07b648ad48ee8e9d929bfec40157626a80b8","production bench-internals internals","pid=374966;binary=82f3870b5a4466f3d36faf197d0dda9b4f3751d500127075c0cbbe1bfc7c3476;source=c89095be7d94f42cf63adc5a24d7870805273e565ad68150a5db4cbcdd7fffaf"
"rss_sample","cycles8to6","B","5","per-process absolute peak_bytes","10547200","","","12","NO-GO","549d07b648ad48ee8e9d929bfec40157626a80b8","production bench-internals internals","pid=374966;binary=82f3870b5a4466f3d36faf197d0dda9b4f3751d500127075c0cbbe1bfc7c3476;source=c89095be7d94f42cf63adc5a24d7870805273e565ad68150a5db4cbcdd7fffaf"
"rss_sample","cycles8to6","B","6","per-process absolute rss_bytes","10563584","","","12","NO-GO","549d07b648ad48ee8e9d929bfec40157626a80b8","production bench-internals internals","pid=374977;binary=82f3870b5a4466f3d36faf197d0dda9b4f3751d500127075c0cbbe1bfc7c3476;source=c89095be7d94f42cf63adc5a24d7870805273e565ad68150a5db4cbcdd7fffaf"
"rss_sample","cycles8to6","B","6","per-process absolute peak_bytes","10563584","","","12","NO-GO","549d07b648ad48ee8e9d929bfec40157626a80b8","production bench-internals internals","pid=374977;binary=82f3870b5a4466f3d36faf197d0dda9b4f3751d500127075c0cbbe1bfc7c3476;source=c89095be7d94f42cf63adc5a24d7870805273e565ad68150a5db4cbcdd7fffaf"
"rss_sample","cycles8to6","A","6","per-process absolute rss_bytes","16859136","","","12","NO-GO","549d07b648ad48ee8e9d929bfec40157626a80b8","production bench-internals internals","pid=374988;binary=cc526e3dd6e76f2f612fd6dd59668ee5b622c061e9d58dfcece61a511ba96559;source=111c2784b07ebd9d76e913364aeea4042b70d9dcd74a7d55629d522e45670f20"
"rss_sample","cycles8to6","A","6","per-process absolute peak_bytes","16859136","","","12","NO-GO","549d07b648ad48ee8e9d929bfec40157626a80b8","production bench-internals internals","pid=374988;binary=cc526e3dd6e76f2f612fd6dd59668ee5b622c061e9d58dfcece61a511ba96559;source=111c2784b07ebd9d76e913364aeea4042b70d9dcd74a7d55629d522e45670f20"
"rss_sample","cycles8to6","A","7","per-process absolute rss_bytes","16838656","","","12","NO-GO","549d07b648ad48ee8e9d929bfec40157626a80b8","production bench-internals internals","pid=374999;binary=cc526e3dd6e76f2f612fd6dd59668ee5b622c061e9d58dfcece61a511ba96559;source=111c2784b07ebd9d76e913364aeea4042b70d9dcd74a7d55629d522e45670f20"
"rss_sample","cycles8to6","A","7","per-process absolute peak_bytes","16838656","","","12","NO-GO","549d07b648ad48ee8e9d929bfec40157626a80b8","production bench-internals internals","pid=374999;binary=cc526e3dd6e76f2f612fd6dd59668ee5b622c061e9d58dfcece61a511ba96559;source=111c2784b07ebd9d76e913364aeea4042b70d9dcd74a7d55629d522e45670f20"
"rss_sample","cycles8to6","B","7","per-process absolute rss_bytes","10534912","","","12","NO-GO","549d07b648ad48ee8e9d929bfec40157626a80b8","production bench-internals internals","pid=375010;binary=82f3870b5a4466f3d36faf197d0dda9b4f3751d500127075c0cbbe1bfc7c3476;source=c89095be7d94f42cf63adc5a24d7870805273e565ad68150a5db4cbcdd7fffaf"
"rss_sample","cycles8to6","B","7","per-process absolute peak_bytes","10534912","","","12","NO-GO","549d07b648ad48ee8e9d929bfec40157626a80b8","production bench-internals internals","pid=375010;binary=82f3870b5a4466f3d36faf197d0dda9b4f3751d500127075c0cbbe1bfc7c3476;source=c89095be7d94f42cf63adc5a24d7870805273e565ad68150a5db4cbcdd7fffaf"
"rss_sample","cycles8to6","B","8","per-process absolute rss_bytes","10559488","","","12","NO-GO","549d07b648ad48ee8e9d929bfec40157626a80b8","production bench-internals internals","pid=375023;binary=82f3870b5a4466f3d36faf197d0dda9b4f3751d500127075c0cbbe1bfc7c3476;source=c89095be7d94f42cf63adc5a24d7870805273e565ad68150a5db4cbcdd7fffaf"
"rss_sample","cycles8to6","B","8","per-process absolute peak_bytes","10559488","","","12","NO-GO","549d07b648ad48ee8e9d929bfec40157626a80b8","production bench-internals internals","pid=375023;binary=82f3870b5a4466f3d36faf197d0dda9b4f3751d500127075c0cbbe1bfc7c3476;source=c89095be7d94f42cf63adc5a24d7870805273e565ad68150a5db4cbcdd7fffaf"
"rss_sample","cycles8to6","A","8","per-process absolute rss_bytes","16850944","","","12","NO-GO","549d07b648ad48ee8e9d929bfec40157626a80b8","production bench-internals internals","pid=375034;binary=cc526e3dd6e76f2f612fd6dd59668ee5b622c061e9d58dfcece61a511ba96559;source=111c2784b07ebd9d76e913364aeea4042b70d9dcd74a7d55629d522e45670f20"
"rss_sample","cycles8to6","A","8","per-process absolute peak_bytes","16850944","","","12","NO-GO","549d07b648ad48ee8e9d929bfec40157626a80b8","production bench-internals internals","pid=375034;binary=cc526e3dd6e76f2f612fd6dd59668ee5b622c061e9d58dfcece61a511ba96559;source=111c2784b07ebd9d76e913364aeea4042b70d9dcd74a7d55629d522e45670f20"
"rss_sample","cycles8to6","A","9","per-process absolute rss_bytes","16838656","","","12","NO-GO","549d07b648ad48ee8e9d929bfec40157626a80b8","production bench-internals internals","pid=375045;binary=cc526e3dd6e76f2f612fd6dd59668ee5b622c061e9d58dfcece61a511ba96559;source=111c2784b07ebd9d76e913364aeea4042b70d9dcd74a7d55629d522e45670f20"
"rss_sample","cycles8to6","A","9","per-process absolute peak_bytes","16838656","","","12","NO-GO","549d07b648ad48ee8e9d929bfec40157626a80b8","production bench-internals internals","pid=375045;binary=cc526e3dd6e76f2f612fd6dd59668ee5b622c061e9d58dfcece61a511ba96559;source=111c2784b07ebd9d76e913364aeea4042b70d9dcd74a7d55629d522e45670f20"
"rss_sample","cycles8to6","B","9","per-process absolute rss_bytes","10543104","","","12","NO-GO","549d07b648ad48ee8e9d929bfec40157626a80b8","production bench-internals internals","pid=375056;binary=82f3870b5a4466f3d36faf197d0dda9b4f3751d500127075c0cbbe1bfc7c3476;source=c89095be7d94f42cf63adc5a24d7870805273e565ad68150a5db4cbcdd7fffaf"
"rss_sample","cycles8to6","B","9","per-process absolute peak_bytes","10543104","","","12","NO-GO","549d07b648ad48ee8e9d929bfec40157626a80b8","production bench-internals internals","pid=375056;binary=82f3870b5a4466f3d36faf197d0dda9b4f3751d500127075c0cbbe1bfc7c3476;source=c89095be7d94f42cf63adc5a24d7870805273e565ad68150a5db4cbcdd7fffaf"
